asana,label,label_int,filename,left_elbow,right_elbow,left_shoulder,right_shoulder,left_arm_raise,right_arm_raise,left_wrist_bend,right_wrist_bend,left_hip,right_hip,left_knee,right_knee,left_ankle,right_ankle,left_foot,right_foot,left_hip_abduction,right_hip_abduction,neck_tilt,spine_upper,spine_lower,left_trunk,right_trunk,left_lateral_bend,forward_bend,pelvic_tilt,left_arm_torso,right_arm_torso,left_shoulder_plane,right_shoulder_plane,left_hip_flexion,right_hip_flexion,hip_alignment,left_full_chain,right_full_chain
padmasana,good,2,2.mp4,133.642,124.893,81.256,57.352,81.256,57.352,174.032,165.002,65.664,87.196,62.185,38.1,143.42,137.331,91.008,70.487,115.378,99.503,108.321,79.431,12.115,65.664,87.196,179.944,108.321,84.063,117.622,120.574,81.256,57.352,65.664,87.196,179.907,89.699,87.908
padmasana,good,2,20260217_113022.mp4,151.593,155.037,35.0,35.896,35.0,35.896,155.911,156.956,68.939,76.904,30.068,25.124,132.008,131.689,60.681,68.05,120.233,86.235,149.73,73.652,6.274,68.939,76.904,179.853,149.73,79.379,94.847,95.929,35.0,35.896,68.939,76.904,179.768,72.995,89.5
padmasana,good,2,20260217_113022.mp4,143.27,157.299,30.408,34.468,30.408,34.468,160.679,156.094,70.637,79.201,30.126,26.814,134.964,126.736,55.146,65.426,118.808,86.785,147.388,75.67,7.061,70.637,79.201,179.853,147.388,81.908,93.779,95.855,30.408,34.468,70.637,79.201,179.77,75.367,91.175
padmasana,good,2,20260217_113022.mp4,140.988,150.767,32.111,32.76,32.111,32.76,162.615,156.16,71.15,76.725,29.406,27.795,133.887,133.117,55.501,68.572,119.522,86.208,147.855,74.657,7.588,71.15,76.725,179.853,147.855,81.431,91.62,97.139,32.111,32.76,71.15,76.725,179.771,76.402,88.869
padmasana,good,2,20260217_113022.mp4,143.803,148.631,32.725,31.579,32.725,31.579,158.936,158.305,72.039,77.771,28.341,27.217,131.97,121.804,57.976,63.16,120.183,85.429,146.581,75.645,7.586,72.039,77.771,179.851,146.581,82.813,91.072,97.244,32.725,31.579,72.039,77.771,179.774,77.085,90.646
padmasana,good,2,20260217_113247.mp4,161.166,168.032,105.407,109.109,105.407,109.109,173.411,171.023,37.224,39.729,170.879,170.448,148.292,148.245,96.944,94.147,93.384,88.449,169.841,38.42,171.623,37.224,39.729,179.795,169.841,42.724,106.283,77.976,105.407,109.109,37.224,39.729,179.657,41.349,44.515
padmasana,good,2,20260217_113247.mp4,151.681,161.29,88.546,97.854,88.546,97.854,169.463,173.667,45.878,42.921,170.218,161.34,153.996,151.301,97.643,91.062,91.48,88.347,159.391,44.355,166.214,45.878,42.921,179.787,159.391,51.765,92.455,93.172,88.546,97.854,45.878,42.921,179.647,51.162,52.894
padmasana,good,2,20260217_113247.mp4,144.399,153.934,87.046,88.845,87.046,88.845,169.207,162.226,43.625,45.662,162.634,164.745,148.04,142.764,75.971,75.373,87.774,90.769,164.086,44.651,163.922,43.625,45.662,179.787,164.086,53.616,88.743,99.192,87.046,88.845,43.625,45.662,179.66,54.101,53.408
padmasana,good,2,20260217_113247.mp4,154.595,154.32,81.875,62.378,81.875,62.378,156.074,161.614,46.748,70.777,127.956,166.571,167.465,144.916,73.587,87.989,91.296,96.351,143.886,59.716,148.271,46.748,70.777,179.787,143.886,77.043,87.279,101.833,81.875,62.378,46.748,70.777,179.616,76.035,77.994
padmasana,good,2,20260217_113247.mp4,157.407,152.555,61.543,32.285,61.543,32.285,163.455,158.332,49.28,101.22,88.437,171.098,160.661,147.313,67.584,91.179,89.962,106.767,122.717,78.777,138.949,49.28,101.22,179.788,122.717,99.295,94.892,97.366,61.543,32.285,49.28,101.22,179.594,89.006,106.236
padmasana,good,2,20260217_113247.mp4,150.907,146.398,52.629,23.874,52.629,23.874,172.603,159.654,49.286,106.714,84.445,171.29,161.167,146.843,91.527,96.865,79.813,124.816,115.026,83.211,139.058,49.286,106.714,179.803,115.026,102.583,97.858,98.495,52.629,23.874,49.286,106.714,179.606,87.448,111.437
padmasana,good,2,20260217_113247.mp4,155.386,153.287,55.795,31.072,55.795,31.072,145.853,166.062,44.471,103.814,81.561,167.738,160.766,145.857,80.093,93.413,67.346,124.251,120.439,78.365,135.582,44.471,103.814,179.825,120.439,98.688,108.054,85.479,55.795,31.072,44.471,103.814,179.655,79.346,110.331
padmasana,good,2,20260217_113247.mp4,148.618,150.771,64.288,34.487,64.288,34.487,158.782,170.837,36.688,93.287,80.955,168.312,163.029,146.177,84.349,96.412,70.854,119.015,127.503,68.913,135.317,36.688,93.287,179.812,127.503,89.622,104.846,95.08,64.288,34.487,36.688,93.287,179.65,72.529,99.593
padmasana,good,2,20260217_113247.mp4,144.114,148.957,54.405,28.54,54.405,28.54,170.742,166.923,48.73,97.72,86.585,165.497,164.894,142.966,93.876,93.699,74.617,122.427,121.46,76.64,136.228,48.73,97.72,179.813,121.46,94.99,106.942,98.596,54.405,28.54,48.73,97.72,179.647,78.675,105.278
padmasana,good,2,20260217_113247.mp4,125.286,139.679,26.751,37.142,26.751,37.142,170.598,170.313,85.833,91.41,85.253,164.559,109.635,144.044,89.476,96.231,82.315,119.441,122.482,89.645,154.493,85.833,91.41,179.796,122.482,92.479,97.339,96.845,26.751,37.142,85.833,91.41,179.651,80.333,98.664
padmasana,good,2,20260217_113247.mp4,129.817,150.733,30.363,40.903,30.363,40.903,175.65,160.68,86.548,92.912,64.037,162.851,123.512,147.634,71.82,99.01,89.321,113.085,122.431,90.17,153.779,86.548,92.912,179.807,122.431,92.72,101.742,78.81,30.363,40.903,86.548,92.912,179.642,81.567,100.467
padmasana,good,2,20260217_113247.mp4,123.359,155.898,28.297,37.031,28.297,37.031,175.353,172.589,92.593,91.765,40.986,119.749,137.776,156.402,77.32,74.606,94.758,113.152,122.424,93.071,88.522,92.593,91.765,179.793,122.424,99.364,102.497,76.678,28.297,37.031,92.593,91.765,179.615,85.801,108.253
padmasana,good,2,20260217_113247.mp4,127.117,147.877,33.252,39.742,33.252,39.742,178.912,170.14,91.233,81.859,40.873,77.412,129.396,154.952,54.607,90.28,93.916,126.727,128.057,88.845,55.778,91.233,81.859,179.772,128.057,101.68,102.847,82.22,33.252,39.742,91.233,81.859,179.643,90.721,112.648
padmasana,good,2,20260217_113247.mp4,130.523,134.946,17.194,17.49,17.194,17.49,169.09,165.834,112.477,97.704,43.928,54.513,133.331,133.535,70.911,78.689,88.919,123.81,107.586,106.948,27.0,112.477,97.704,179.782,107.586,115.331,113.337,76.166,17.194,17.49,112.477,97.704,179.647,113.976,117.1
padmasana,good,2,20260217_113247.mp4,147.12,141.919,25.829,24.563,25.829,24.563,165.325,172.432,86.239,92.188,20.517,24.261,142.813,131.511,62.323,61.179,112.639,95.955,134.333,90.435,1.892,86.239,92.188,179.787,134.333,92.681,100.778,86.997,25.829,24.563,86.239,92.188,179.635,94.993,93.661
padmasana,good,2,20260217_113247.mp4,145.572,141.565,26.564,24.406,26.564,24.406,165.598,172.576,83.575,90.358,19.363,22.665,142.74,133.873,62.855,60.336,114.157,94.651,136.373,88.097,2.105,83.575,90.358,179.787,136.373,90.918,102.177,85.192,26.564,24.406,83.575,90.358,179.641,92.942,92.493
padmasana,good,2,20260217_113247.mp4,144.815,143.229,29.652,27.077,29.652,27.077,168.456,171.847,82.869,88.311,19.163,20.825,141.047,133.617,63.628,57.362,114.19,94.813,138.168,86.619,3.363,82.869,88.311,179.786,138.168,91.518,101.977,84.915,29.652,27.077,82.869,88.311,179.641,92.711,93.466
padmasana,good,2,20260217_113247.mp4,142.242,142.316,28.423,24.265,28.423,24.265,170.175,170.02,82.59,87.922,17.037,20.798,143.698,135.479,68.608,62.814,114.359,94.792,138.669,86.279,3.323,82.59,87.922,179.786,138.669,91.743,102.524,83.884,28.423,24.265,82.59,87.922,179.643,94.617,92.719
padmasana,good,2,20260217_113247.mp4,142.122,144.031,21.993,20.534,21.993,20.534,168.903,167.16,85.386,89.782,19.218,22.114,138.583,133.343,77.673,68.584,115.645,94.506,134.776,88.699,2.494,85.386,89.782,179.783,134.776,92.348,98.328,87.3,21.993,20.534,85.386,89.782,179.637,95.393,92.732
padmasana,good,2,20260217_113247.mp4,140.814,142.36,18.845,19.19,18.845,19.19,166.515,167.048,88.204,92.966,20.227,22.918,134.094,137.629,77.075,74.682,111.766,97.695,135.743,91.728,1.154,88.204,92.966,179.783,135.743,93.406,97.081,88.358,18.845,19.19,88.204,92.966,179.646,97.278,92.671
padmasana,good,2,20260217_160534.mp4,159.929,154.146,68.356,61.242,68.356,61.242,178.576,173.374,66.879,69.714,159.659,162.012,153.339,144.084,80.882,80.314,97.876,91.378,137.206,68.561,163.451,66.879,69.714,179.849,137.206,76.821,94.371,91.595,68.356,61.242,66.879,69.714,179.72,76.697,77.044
padmasana,good,2,20260217_160534.mp4,145.298,145.781,43.593,42.149,43.593,42.149,174.097,171.008,68.593,83.311,124.707,161.45,84.725,148.987,136.685,92.149,114.114,72.883,139.745,76.156,142.896,68.593,83.311,179.862,139.745,94.369,84.3,103.094,43.593,42.149,68.593,83.311,179.763,96.388,92.431
padmasana,good,2,20260217_160534.mp4,147.385,148.653,52.717,51.0,52.717,51.0,174.23,174.973,59.09,90.945,99.138,172.186,175.05,143.984,141.316,90.899,120.374,75.45,136.564,76.613,142.982,59.09,90.945,179.859,136.564,93.304,84.47,104.965,52.717,51.0,59.09,90.945,179.774,91.478,95.018
padmasana,good,2,20260217_160534.mp4,135.622,150.931,31.943,43.006,31.943,43.006,150.329,171.348,65.176,100.05,91.434,166.775,169.833,146.195,102.033,88.623,129.074,76.081,120.903,87.104,142.149,65.176,100.05,179.866,120.903,103.616,74.938,116.609,31.943,43.006,65.176,100.05,179.789,93.849,107.08
padmasana,good,2,20260217_160534.mp4,138.314,146.812,41.983,37.621,41.983,37.621,163.244,159.652,71.32,72.72,33.814,29.465,131.643,123.178,58.383,55.505,112.498,96.291,153.547,72.644,11.39,71.32,72.72,179.876,153.547,81.449,98.64,95.276,41.983,37.621,71.32,72.72,179.792,83.062,83.538
padmasana,good,2,20260217_160534.mp4,138.028,146.478,42.028,37.663,42.028,37.663,163.372,158.494,71.365,73.976,32.695,29.878,133.545,123.695,58.603,57.259,112.248,96.314,153.448,73.332,11.111,71.365,73.976,179.876,153.448,82.013,98.818,95.077,42.028,37.663,71.365,73.976,179.791,83.088,84.625
padmasana,good,2,20260217_160534.mp4,137.488,145.691,41.684,37.562,41.684,37.562,163.382,159.222,71.267,74.17,31.814,31.02,133.176,126.736,58.653,55.957,111.533,96.532,152.931,73.399,10.778,71.267,74.17,179.88,152.931,81.585,98.554,94.78,41.684,37.562,71.267,74.17,179.792,83.156,83.739
padmasana,good,2,20260221_081119.mp4,133.55,149.275,51.352,73.057,51.352,73.057,164.896,159.759,78.526,61.54,147.668,88.314,126.376,157.88,108.824,99.322,97.163,103.772,117.211,73.346,118.092,78.526,61.54,179.907,117.211,83.164,102.077,101.588,51.352,73.057,78.526,61.54,179.84,84.81,82.12
padmasana,good,2,20260221_081119.mp4,132.377,148.608,39.317,39.198,39.317,39.198,160.544,154.421,114.042,90.498,171.847,76.148,144.85,171.237,106.34,113.788,101.795,104.363,77.703,110.488,140.526,114.042,90.498,179.909,77.703,118.966,110.794,101.264,39.317,39.198,114.042,90.498,179.843,117.22,114.9
padmasana,good,2,20260221_081119.mp4,128.08,140.635,44.395,38.873,44.395,38.873,172.815,160.195,123.7,97.607,171.568,80.757,145.614,168.639,102.289,122.281,100.958,103.974,69.155,118.795,139.416,123.7,97.607,179.909,69.155,126.508,117.681,108.547,44.395,38.873,123.7,97.607,179.839,126.973,119.565
padmasana,good,2,20260221_081119.mp4,134.741,140.032,42.441,41.187,42.441,41.187,161.484,158.156,127.473,101.844,171.738,91.234,144.934,154.323,100.7,126.334,97.722,100.61,65.601,121.454,139.371,127.473,101.844,179.912,65.601,128.769,114.811,113.087,42.441,41.187,127.473,101.844,179.843,130.604,122.955
padmasana,good,2,20260221_081119.mp4,115.1,132.702,39.467,46.947,39.467,46.947,154.76,158.383,123.093,93.876,169.694,98.257,145.049,144.786,97.997,118.337,99.374,97.418,70.945,114.858,139.185,123.093,93.876,179.912,70.945,122.701,103.809,120.805,39.467,46.947,123.093,93.876,179.847,126.602,116.501
padmasana,good,2,20260221_081119.mp4,119.333,134.9,26.724,47.921,26.724,47.921,164.041,159.765,120.716,95.815,171.933,100.277,145.808,151.714,101.796,123.009,101.119,93.663,71.238,113.844,143.573,120.716,95.815,179.916,71.238,121.109,90.119,121.701,26.724,47.921,120.716,95.815,179.844,123.764,116.178
padmasana,good,2,20260221_081119.mp4,118.111,135.711,27.291,49.193,27.291,49.193,161.813,160.955,115.712,94.186,170.772,100.72,144.861,145.41,99.482,120.553,103.341,92.101,75.984,110.35,142.107,115.712,94.186,179.912,75.984,116.736,90.193,121.376,27.291,49.193,115.712,94.186,179.844,119.03,113.058
padmasana,good,2,20260221_081119.mp4,111.247,116.235,24.219,57.202,24.219,57.202,149.157,159.382,90.102,74.857,83.309,85.68,152.412,143.449,85.811,137.421,109.423,93.797,105.445,86.088,92.618,90.102,74.857,179.912,105.445,92.034,90.488,127.004,24.219,57.202,90.102,74.857,179.83,101.887,90.22
padmasana,good,2,20260221_081119.mp4,122.48,140.278,23.993,59.606,23.993,59.606,153.028,169.994,95.054,81.307,175.672,95.952,154.49,146.929,119.028,141.44,109.463,88.792,100.168,91.709,140.618,95.054,81.307,179.912,100.168,92.979,89.082,116.204,23.993,59.606,95.054,81.307,179.829,96.667,91.081
padmasana,good,2,20260221_081119.mp4,110.087,143.674,39.552,51.16,39.552,51.16,147.253,172.825,110.551,93.089,176.474,94.644,152.189,148.748,114.139,142.192,120.231,77.961,86.765,106.359,143.495,110.551,93.089,179.914,86.765,105.956,93.808,119.622,39.552,51.16,110.551,93.089,179.836,111.922,99.476
padmasana,good,2,20260221_081119.mp4,119.915,137.137,29.804,71.364,29.804,71.364,110.524,165.371,62.929,52.102,174.595,80.8,155.696,132.12,115.266,95.59,124.35,76.04,136.997,58.527,139.332,62.929,52.102,179.914,136.997,57.14,107.204,119.472,29.804,71.364,62.929,52.102,179.836,65.14,55.205
padmasana,good,2,20260221_081119.mp4,122.818,142.108,80.818,75.747,80.818,75.747,154.714,165.321,56.741,53.4,174.094,55.606,147.63,161.317,103.792,99.494,120.823,79.736,140.85,56.318,127.705,56.741,53.4,179.909,140.85,55.9,130.023,114.013,80.818,75.747,56.741,53.4,179.833,59.207,60.075
padmasana,good,2,20260221_081119.mp4,112.564,173.723,78.255,76.25,78.255,76.25,169.559,150.195,68.855,67.673,173.931,81.004,144.389,154.603,101.26,151.133,117.069,83.563,127.623,70.361,137.155,68.855,67.673,179.909,127.623,69.622,140.195,106.787,78.255,76.25,68.855,67.673,179.837,71.373,72.312
padmasana,good,2,20260221_081119.mp4,123.644,126.318,73.545,67.455,73.545,67.455,168.202,158.307,35.384,41.028,119.747,46.899,161.967,138.869,98.415,73.257,114.054,90.542,160.369,38.898,68.975,35.384,41.028,179.912,160.369,43.705,121.76,108.661,73.545,67.455,35.384,41.028,179.843,46.437,47.229
padmasana,good,2,20260221_081119.mp4,143.431,132.893,74.907,69.482,74.907,69.482,163.721,157.827,29.038,41.0,139.399,36.133,130.6,152.668,81.439,74.422,112.351,94.364,161.012,35.523,79.423,29.038,41.0,179.905,161.012,42.014,98.671,106.04,74.907,69.482,29.038,41.0,179.83,40.492,48.585
padmasana,good,2,20260221_081119.mp4,146.697,131.523,70.637,66.674,70.637,66.674,157.571,162.839,32.008,43.735,145.034,45.246,121.193,155.899,70.694,89.783,115.27,93.953,158.501,38.339,98.65,32.008,43.735,179.905,158.501,44.573,102.31,103.639,70.637,66.674,32.008,43.735,179.822,42.308,49.987
padmasana,good,2,20260221_081119.mp4,138.905,120.409,69.534,57.535,69.534,57.535,159.552,163.922,31.32,42.086,106.275,43.486,137.298,160.43,55.003,88.381,113.741,96.34,159.311,36.819,66.257,31.32,42.086,179.905,159.311,45.2,97.604,100.961,69.534,57.535,31.32,42.086,179.824,44.244,50.898
padmasana,good,2,20260221_081119.mp4,130.635,122.527,60.318,57.764,60.318,57.764,162.597,160.849,34.845,43.597,82.241,43.739,169.162,136.056,76.488,82.786,120.197,91.94,158.508,39.173,42.701,34.845,43.597,179.901,158.508,46.885,84.987,102.72,60.318,57.764,34.845,43.597,179.826,50.703,58.519
padmasana,good,2,20260221_081119.mp4,145.413,128.489,40.825,37.502,40.825,37.502,162.797,167.423,64.833,83.316,71.155,40.924,160.132,136.145,95.872,77.706,109.808,97.031,120.168,76.447,19.998,64.833,83.316,179.903,120.168,82.155,78.02,106.168,40.825,37.502,64.833,83.316,179.828,83.172,94.524
padmasana,good,2,20260221_082024.mp4,133.427,143.291,24.194,51.722,24.194,51.722,167.217,166.591,113.419,91.078,169.909,89.767,147.607,156.403,105.714,109.327,102.07,99.459,75.808,108.991,139.763,113.419,91.078,179.89,75.808,115.875,90.251,110.535,24.194,51.722,113.419,91.078,179.796,115.386,111.728
padmasana,good,2,20260221_082024.mp4,127.675,148.534,19.866,41.096,19.866,41.096,166.393,168.943,126.048,109.957,170.475,91.367,148.901,154.771,105.834,142.433,114.041,87.934,64.437,124.284,137.877,126.048,109.957,179.89,64.437,127.733,86.419,115.339,19.866,41.096,126.048,109.957,179.794,127.771,122.787
padmasana,good,2,20260221_082024.mp4,137.973,160.154,16.224,51.388,16.224,51.388,159.111,170.937,114.934,106.404,171.062,100.236,150.999,141.24,111.424,165.106,117.326,81.683,77.164,115.08,143.232,114.934,106.404,179.885,77.164,116.402,81.428,111.69,16.224,51.388,114.934,106.404,179.795,116.827,112.676
padmasana,good,2,20260221_082024.mp4,82.72,133.024,14.053,68.812,14.053,68.812,158.555,166.285,71.436,59.745,171.995,47.509,147.198,150.679,105.704,73.917,120.891,82.099,129.639,67.379,124.146,71.436,59.745,179.89,129.639,67.856,90.981,120.466,14.053,68.812,71.436,59.745,179.798,73.585,65.079
padmasana,good,2,20260221_082024.mp4,142.422,137.881,108.903,78.993,108.903,78.993,161.97,175.339,50.323,53.95,170.025,50.709,144.967,136.135,102.615,67.027,119.761,85.472,143.948,53.42,125.588,50.323,53.95,179.883,143.948,54.125,121.017,112.496,108.903,78.993,50.323,53.95,179.8,53.103,57.153
padmasana,good,2,20260221_082024.mp4,138.929,137.319,97.006,81.869,97.006,81.869,173.476,174.721,43.52,48.123,167.725,54.351,140.964,151.046,105.738,76.548,106.584,97.55,152.506,46.774,120.829,43.52,48.123,179.886,152.506,47.349,125.956,109.592,97.006,81.869,43.52,48.123,179.796,45.622,50.42
padmasana,good,2,20260221_082024.mp4,143.704,141.451,91.672,91.589,91.672,91.589,167.189,172.729,34.569,49.023,173.257,8.364,140.607,151.062,103.277,54.249,101.011,118.602,162.264,39.367,109.25,34.569,49.023,179.893,162.264,43.035,125.871,101.476,91.672,91.589,34.569,49.023,179.812,36.92,168.864
padmasana,good,2,20260221_082024.mp4,138.877,119.231,69.267,66.667,69.267,66.667,160.266,168.198,37.491,37.285,173.866,43.265,144.976,162.817,120.494,95.298,94.206,114.412,164.386,37.525,131.555,37.491,37.285,179.881,164.386,39.503,118.196,112.696,69.267,66.667,37.491,37.285,179.803,40.031,36.027
padmasana,good,2,20260221_082024.mp4,127.379,129.693,68.117,70.918,68.117,70.918,175.508,168.24,37.867,42.692,70.317,31.656,154.037,152.818,93.488,61.038,105.809,104.047,155.04,41.182,19.799,37.867,42.692,179.878,155.04,48.577,94.151,113.538,68.117,70.918,37.867,42.692,179.781,57.231,53.574
padmasana,good,2,20260221_082024.mp4,133.386,131.891,68.295,58.814,68.295,58.814,174.526,167.025,56.097,60.919,35.484,22.14,150.932,148.332,94.36,79.264,113.472,109.097,143.0,61.05,1.954,56.097,60.919,179.886,143.0,61.008,108.66,105.869,68.295,58.814,56.097,60.919,179.806,69.727,79.308
padmasana,good,2,20260221_082024.mp4,130.601,125.753,67.249,54.257,67.249,54.257,174.87,168.282,54.263,58.802,31.678,22.193,151.528,148.81,92.557,72.726,114.115,110.847,146.116,58.821,2.06,54.263,58.802,179.89,146.116,59.405,109.615,105.78,67.249,54.257,54.263,58.802,179.807,70.452,77.35
padmasana,good,2,20260221_082024.mp4,130.958,129.875,69.478,61.554,69.478,61.554,174.847,169.168,51.295,55.538,33.853,23.316,151.614,146.755,93.189,71.316,113.939,109.88,149.176,55.253,1.908,51.295,55.538,179.886,149.176,55.067,108.656,105.868,69.478,61.554,51.295,55.538,179.81,65.684,72.447
padmasana,good,2,20260221_082024.mp4,129.22,132.695,65.812,60.313,65.812,60.313,174.772,167.99,54.019,59.201,34.078,21.606,151.872,152.444,93.868,82.118,114.838,109.23,144.979,58.931,2.978,54.019,59.201,179.888,144.979,58.61,108.412,105.41,65.812,60.313,54.019,59.201,179.807,68.051,76.333
padmasana,good,2,20260221_082024.mp4,129.164,132.05,64.137,59.385,64.137,59.385,175.053,169.781,55.219,60.597,32.271,20.203,150.148,156.37,90.724,88.952,115.11,108.793,143.66,60.353,4.369,55.219,60.597,179.888,143.66,60.203,108.202,105.168,64.137,59.385,55.219,60.597,179.808,69.835,76.132
padmasana,good,2,20260221_082024.mp4,128.485,131.348,63.455,60.035,63.455,60.035,174.731,170.771,54.68,58.606,35.001,20.735,150.184,157.732,92.105,91.432,115.444,107.7,144.804,58.958,4.648,54.68,58.606,179.888,144.804,57.87,107.855,105.792,63.455,60.035,54.68,58.606,179.809,67.321,72.987
padmasana,good,2,20260221_082024.mp4,128.677,130.732,63.239,59.803,63.239,59.803,175.238,171.301,54.815,58.366,32.858,21.027,147.507,157.659,89.148,92.335,114.995,108.292,144.919,58.944,4.759,54.815,58.366,179.888,144.919,58.109,107.92,105.787,63.239,59.803,54.815,58.366,179.808,68.381,71.981
padmasana,good,2,20260221_082024.mp4,131.032,130.115,66.225,59.956,66.225,59.956,175.089,171.51,53.937,57.883,32.029,21.308,145.62,157.273,86.31,90.309,114.889,108.897,145.179,58.178,4.521,53.937,57.883,179.888,145.179,57.234,107.834,105.411,66.225,59.956,53.937,57.883,179.808,68.122,71.303
padmasana,good,2,20260221_082024.mp4,131.891,131.622,65.977,60.448,65.977,60.448,175.68,172.245,54.823,58.821,32.837,21.661,144.384,156.027,86.158,88.591,114.778,108.917,144.372,59.194,4.484,54.823,58.821,179.888,144.372,58.126,107.845,104.805,65.977,60.448,54.823,58.821,179.808,68.492,72.307
padmasana,good,2,20260221_082024.mp4,133.615,131.515,67.17,60.663,67.17,60.663,175.683,172.27,54.956,59.01,33.294,24.473,145.516,148.479,87.398,78.334,114.306,109.11,144.266,59.324,3.083,54.956,59.01,179.892,144.266,58.348,107.49,104.897,67.17,60.663,54.956,59.01,179.808,68.584,73.427
padmasana,good,2,20260221_082024.mp4,132.735,130.587,66.021,59.663,66.021,59.663,176.024,172.451,55.333,59.759,33.383,23.6,144.437,145.556,85.527,74.74,114.228,108.698,144.011,59.873,3.124,55.333,59.759,179.892,144.011,58.722,107.481,105.121,66.021,59.663,55.333,59.759,179.809,68.902,74.744
padmasana,good,2,20260221_082024.mp4,133.279,132.639,66.246,60.219,66.246,60.219,175.872,172.666,56.085,61.458,33.405,23.062,144.038,146.777,85.288,80.82,114.615,109.011,143.102,61.201,3.73,56.085,61.458,179.888,143.102,60.125,107.087,105.118,66.246,60.219,56.085,61.458,179.812,69.928,75.826
padmasana,good,2,20260221_082325.mp4,128.14,140.549,30.661,37.202,30.661,37.202,152.679,160.527,110.91,89.227,173.699,78.507,161.309,156.925,126.51,122.095,108.986,96.98,76.294,106.937,144.171,110.91,89.227,179.878,76.294,114.363,102.931,93.863,30.661,37.202,110.91,89.227,179.78,113.926,112.003
padmasana,good,2,20260221_082325.mp4,128.884,147.969,33.963,46.695,33.963,46.695,163.668,157.346,109.708,94.972,175.233,82.936,153.756,158.559,115.508,127.304,105.588,97.89,81.415,107.844,139.238,109.708,94.972,179.87,81.415,111.977,106.899,103.696,33.963,46.695,109.708,94.972,179.774,111.449,111.093
padmasana,good,2,20260221_082325.mp4,130.405,142.685,46.803,60.291,46.803,60.291,162.676,160.506,90.074,74.835,170.913,88.822,150.787,165.488,110.745,147.055,101.467,100.985,105.848,85.981,135.547,90.074,74.835,179.878,105.848,89.206,105.545,113.501,46.803,60.291,90.074,74.835,179.771,92.488,87.51
padmasana,good,2,20260221_082325.mp4,106.055,144.599,36.257,54.261,36.257,54.261,147.914,172.076,94.771,86.197,175.103,63.725,148.2,160.987,108.509,105.557,102.553,100.869,100.136,94.633,131.577,94.771,86.197,179.876,100.136,95.927,105.126,106.522,36.257,54.261,94.771,86.197,179.775,96.375,95.803
padmasana,good,2,20260221_082325.mp4,98.097,137.321,93.78,87.493,93.78,87.493,145.573,174.357,42.137,40.016,174.432,55.86,149.427,127.764,111.868,140.997,102.783,101.334,155.021,41.766,128.801,42.137,40.016,179.878,155.021,42.335,139.13,108.361,93.78,87.493,42.137,40.016,179.781,44.361,46.389
padmasana,good,2,20260221_082325.mp4,119.623,151.075,103.335,100.305,103.335,100.305,165.711,177.664,46.518,42.285,171.581,62.896,147.92,160.384,111.623,104.27,101.07,100.368,151.289,45.062,131.427,46.518,42.285,179.878,151.289,45.834,142.036,106.838,103.335,100.305,46.518,42.285,179.786,49.823,46.76
padmasana,good,2,20260221_082325.mp4,127.211,149.938,97.441,97.399,97.441,97.399,168.9,176.359,42.109,42.869,172.075,58.829,148.273,159.142,112.213,96.713,97.847,103.292,154.128,43.179,130.197,42.109,42.869,179.876,154.128,43.93,137.2,100.975,97.441,97.399,42.109,42.869,179.791,45.168,47.852
padmasana,good,2,20260221_082325.mp4,154.369,151.718,94.732,99.72,94.732,99.72,170.642,174.419,37.872,41.578,170.48,44.134,143.763,146.061,112.56,79.284,100.489,104.462,159.645,40.163,118.441,37.872,41.578,179.869,159.645,42.007,111.15,102.274,94.732,99.72,37.872,41.578,179.784,41.44,47.862
padmasana,good,2,20260221_082325.mp4,148.498,151.947,81.162,90.677,81.162,90.677,171.072,169.613,41.508,45.702,168.312,45.506,138.817,148.979,98.642,86.27,100.102,109.278,155.307,44.421,126.615,41.508,45.702,179.86,155.307,46.852,98.96,102.685,81.162,90.677,41.508,45.702,179.759,45.71,52.901
padmasana,good,2,20260221_082325.mp4,143.275,145.81,74.427,83.847,74.427,83.847,166.868,164.784,38.018,44.313,96.671,35.655,157.942,159.819,82.929,84.359,100.587,113.219,157.141,41.622,52.577,38.018,44.313,179.86,157.141,50.092,95.481,104.713,74.427,83.847,38.018,44.313,179.759,51.883,55.802
padmasana,good,2,20260221_082325.mp4,148.1,129.907,70.629,66.055,70.629,66.055,168.902,173.157,39.028,53.351,71.625,34.372,148.314,165.59,98.16,45.241,92.755,118.876,150.532,46.756,25.972,39.028,53.351,179.88,150.532,55.975,86.351,105.962,70.629,66.055,39.028,53.351,179.773,58.601,69.282
padmasana,good,2,20260221_082325.mp4,145.993,130.199,69.962,46.334,69.962,46.334,173.726,167.645,50.078,81.119,69.526,53.872,155.834,152.295,112.181,66.505,64.1,125.526,132.138,63.011,66.425,50.078,81.119,179.901,132.138,78.242,97.151,106.879,69.962,46.334,50.078,81.119,179.804,75.101,91.554
padmasana,good,2,20260221_082325.mp4,151.556,145.769,83.289,59.488,83.289,59.488,175.817,167.243,52.504,74.283,95.136,83.369,159.59,152.227,134.845,81.879,70.129,125.915,130.462,62.73,93.204,52.504,74.283,179.888,130.462,74.855,105.395,104.759,83.289,59.488,52.504,74.283,179.795,68.407,86.342
padmasana,good,2,20260221_082325.mp4,141.569,141.917,63.054,64.976,63.054,64.976,175.37,165.262,60.086,68.804,66.836,20.448,154.753,63.835,104.964,78.966,84.806,118.878,124.354,66.148,48.792,60.086,68.804,179.866,124.354,78.747,93.958,117.888,63.054,64.976,60.086,68.804,179.76,80.239,83.795
padmasana,good,2,20260221_082325.mp4,129.867,135.151,73.728,65.456,73.728,65.456,171.611,165.794,48.4,54.467,32.481,29.81,148.599,144.953,89.071,74.013,115.997,105.028,149.915,52.936,1.703,48.4,54.467,179.873,149.915,54.783,112.715,104.349,73.728,65.456,48.4,54.467,179.791,66.897,68.34
padmasana,good,2,20260221_082325.mp4,130.114,133.701,73.872,64.527,73.872,64.527,172.345,167.828,48.411,54.549,31.752,29.325,148.785,144.511,88.247,73.431,115.983,104.975,150.301,53.103,1.722,48.411,54.549,179.875,150.301,55.009,112.367,104.668,73.872,64.527,48.411,54.549,179.791,67.402,68.911
padmasana,good,2,20260221_082325.mp4,130.172,134.035,73.939,65.862,73.939,65.862,172.64,168.516,47.336,53.78,30.968,27.233,147.729,145.441,85.725,74.458,116.009,105.049,150.969,52.061,2.026,47.336,53.78,179.875,150.969,54.529,112.012,104.255,73.939,65.862,47.336,53.78,179.788,67.07,69.801
padmasana,good,2,20260221_082325.mp4,131.129,133.539,73.526,63.149,73.526,63.149,173.201,168.798,48.909,56.352,30.628,27.404,147.241,146.994,85.625,74.534,116.104,105.104,148.617,54.388,2.153,48.909,56.352,179.878,148.617,56.94,112.089,103.892,73.526,63.149,48.909,56.352,179.79,68.92,72.195
padmasana,good,2,20260221_082325.mp4,132.432,134.416,76.402,65.971,76.402,65.971,173.568,169.791,47.392,54.717,31.05,28.306,146.055,146.343,84.973,75.381,116.15,104.961,150.221,52.613,2.108,47.392,54.717,179.878,150.221,55.005,111.758,103.875,76.402,65.971,47.392,54.717,179.791,67.153,69.915
padmasana,good,2,20260221_082325.mp4,131.488,135.535,76.627,70.347,76.627,70.347,172.93,170.658,45.409,51.74,31.455,28.209,143.441,146.171,83.166,75.897,115.706,104.671,153.013,49.874,2.21,45.409,51.74,179.875,153.013,52.348,111.221,103.765,76.627,70.347,45.409,51.74,179.79,65.461,67.042
padmasana,good,2,20260221_082325.mp4,131.17,134.427,74.153,66.548,74.153,66.548,172.879,170.232,47.255,54.295,32.037,26.624,142.142,144.778,82.094,74.827,116.021,104.518,150.928,52.373,2.656,47.255,54.295,179.875,150.928,55.054,110.86,103.899,74.153,66.548,47.255,54.295,179.789,67.562,70.823
padmasana,good,2,20260221_082625.mp4,157.772,151.511,87.882,89.543,87.882,89.543,164.055,156.25,36.722,33.423,116.088,40.718,169.034,149.033,112.331,102.367,120.323,103.222,169.127,34.571,96.35,36.722,33.423,179.909,169.127,43.396,94.969,111.988,87.882,89.543,36.722,33.423,179.823,42.844,54.086
padmasana,good,2,20260221_082625.mp4,152.789,159.655,80.355,78.928,80.355,78.928,162.759,147.353,41.415,47.497,79.336,34.429,169.257,161.135,111.261,99.854,106.467,119.379,159.966,44.527,47.256,41.415,47.497,179.907,159.966,55.271,96.446,101.527,80.355,78.928,41.415,47.497,179.838,53.853,73.598
padmasana,good,2,20260221_082625.mp4,155.051,131.834,72.497,52.529,72.497,52.529,160.448,149.908,41.076,49.471,71.581,34.64,176.63,164.031,97.73,82.064,101.586,122.994,158.29,45.376,36.134,41.076,49.471,179.905,158.29,55.739,87.69,109.46,72.497,52.529,41.076,49.471,179.839,53.51,76.936
padmasana,good,2,20260221_082625.mp4,159.912,120.857,69.41,42.216,69.41,42.216,157.85,161.618,47.195,55.87,58.254,35.211,164.909,146.471,87.498,79.71,97.651,118.706,148.726,52.715,24.353,47.195,55.87,179.907,148.726,62.978,86.489,112.589,69.41,42.216,47.195,55.87,179.839,62.789,79.606
padmasana,good,2,20260221_082625.mp4,149.312,138.508,58.671,48.206,58.671,48.206,176.982,165.189,61.112,77.035,63.118,39.481,166.212,161.856,114.055,86.365,93.551,115.941,128.354,71.186,27.222,61.112,77.035,179.916,128.354,81.059,91.265,103.627,58.671,48.206,61.112,77.035,179.838,78.21,102.609
padmasana,good,2,20260221_082625.mp4,130.074,119.535,57.953,50.189,57.953,50.189,177.491,170.905,54.815,69.965,55.693,38.684,148.685,161.815,93.426,95.206,102.619,119.5,132.836,65.264,24.9,54.815,69.965,179.909,132.836,74.044,95.784,117.77,57.953,50.189,54.815,69.965,179.834,75.981,92.903
padmasana,good,2,20260221_082625.mp4,119.153,129.151,48.042,54.967,48.042,54.967,178.04,168.536,57.179,69.769,54.719,41.013,143.849,159.564,95.495,100.736,107.419,119.539,131.309,66.836,17.906,57.179,69.769,179.907,131.309,71.946,97.305,117.044,48.042,54.967,57.179,69.769,179.836,75.088,86.527
padmasana,good,2,20260221_082625.mp4,111.368,123.759,49.022,57.74,49.022,57.74,179.763,165.821,57.273,71.824,47.922,34.954,146.21,148.324,104.767,92.235,109.206,122.601,131.179,67.395,16.83,57.273,71.824,179.903,131.179,70.802,104.867,120.175,49.022,57.74,57.273,71.824,179.836,73.324,86.612
padmasana,good,2,3.mp4,154.938,154.423,20.96,20.07,20.96,20.07,153.03,155.559,90.392,92.794,20.58,20.268,130.385,127.084,56.612,51.441,117.271,101.361,149.357,93.115,7.682,90.392,92.794,179.885,149.357,107.596,99.707,99.29,20.96,20.07,90.392,92.794,179.818,108.037,107.037
padmasana,good,2,3.mp4,153.123,153.248,20.244,20.264,20.244,20.264,156.648,155.992,90.424,92.688,20.733,20.402,129.769,127.694,56.898,53.659,117.182,101.94,149.438,93.036,7.851,90.424,92.688,179.89,149.438,107.747,99.536,99.706,20.244,20.264,90.424,92.688,179.82,108.842,106.403
padmasana,good,2,3.mp4,153.77,154.118,19.921,20.997,19.921,20.997,155.194,157.259,89.898,92.362,21.405,20.563,130.608,128.17,58.51,53.668,117.482,101.786,148.025,92.61,8.014,89.898,92.362,179.885,148.025,107.303,99.288,99.936,19.921,20.997,89.898,92.362,179.82,108.859,105.665
padmasana,good,2,3.mp4,155.682,157.087,20.503,22.498,20.503,22.498,155.737,157.951,89.923,93.62,19.99,19.641,133.612,130.562,62.28,54.41,118.293,101.264,147.318,93.327,7.354,89.923,93.62,179.892,147.318,108.047,99.536,99.434,20.503,22.498,89.923,93.62,179.821,112.867,103.409
padmasana,good,2,3.mp4,153.912,156.731,18.88,22.142,18.88,22.142,155.308,157.816,91.339,94.612,19.569,18.577,140.021,134.411,69.513,57.207,117.508,101.157,148.497,94.603,5.995,91.339,94.612,179.888,148.497,107.46,101.322,97.814,18.88,22.142,91.339,94.612,179.822,113.431,101.693
padmasana,good,2,3.mp4,154.201,155.199,19.177,21.575,19.177,21.575,154.846,158.6,89.758,95.528,21.657,19.133,134.531,133.105,69.41,55.854,117.672,100.828,147.584,94.288,9.328,89.758,95.528,179.892,147.584,113.057,100.715,98.307,19.177,21.575,89.758,95.528,179.821,118.98,105.865
padmasana,good,2,3.mp4,152.354,154.766,17.894,19.242,17.894,19.242,156.005,156.87,92.304,96.79,21.369,18.766,134.229,133.488,66.877,55.269,117.592,100.432,146.446,96.245,8.757,92.304,96.79,179.892,146.446,114.29,101.201,98.225,17.894,19.242,92.304,96.79,179.823,119.599,107.069
padmasana,good,2,3.mp4,152.3,154.801,17.82,18.937,17.82,18.937,158.579,158.205,94.383,98.018,21.073,18.385,135.496,135.129,67.368,57.802,117.349,100.638,143.584,97.996,8.143,94.383,98.018,179.888,143.584,115.162,100.265,99.369,17.82,18.937,94.383,98.018,179.822,120.253,107.752
padmasana,good,2,3.mp4,152.465,153.743,18.403,19.825,18.403,19.825,157.994,159.209,94.935,97.778,20.043,18.463,137.202,135.178,68.865,58.448,117.076,100.865,145.457,98.137,7.31,94.935,97.778,179.886,145.457,113.992,100.257,99.242,18.403,19.825,94.935,97.778,179.824,118.304,107.762
padmasana,good,2,3.mp4,150.586,151.635,17.759,18.165,17.759,18.165,160.277,161.952,96.011,99.584,19.621,19.835,140.911,134.248,73.545,55.02,117.198,100.645,142.215,99.668,7.164,96.011,99.584,179.892,142.215,114.436,100.05,99.339,17.759,18.165,96.011,99.584,179.824,118.503,108.9
padmasana,good,2,3.mp4,151.288,150.28,17.804,17.886,17.804,17.886,158.712,162.336,95.202,99.968,18.628,18.883,141.99,135.862,73.818,56.217,117.6,100.245,142.99,99.447,6.566,95.202,99.968,179.888,142.99,114.423,99.328,99.972,17.804,17.886,95.202,99.968,179.824,119.353,107.779
padmasana,good,2,3.mp4,151.848,150.956,18.668,18.506,18.668,18.506,158.42,162.693,94.263,98.866,19.081,18.801,140.269,134.64,70.499,55.012,117.156,101.468,144.508,98.394,6.722,94.263,98.866,179.89,144.508,113.727,99.529,99.671,18.668,18.506,94.263,98.866,179.822,117.652,107.8
padmasana,good,2,3.mp4,151.554,151.584,18.368,18.674,18.368,18.674,158.255,161.504,93.7,98.346,22.147,18.829,139.894,133.753,69.498,53.663,117.047,101.234,144.482,97.771,6.656,93.7,98.346,179.89,144.482,110.514,99.514,99.717,18.368,18.674,93.7,98.346,179.823,111.556,108.037
padmasana,good,2,3.mp4,152.503,152.162,18.263,18.495,18.263,18.495,157.997,160.96,93.213,97.193,23.001,19.178,138.537,132.836,69.863,52.304,117.19,100.718,142.927,96.85,7.096,93.213,97.193,179.885,142.927,109.736,99.695,99.701,18.263,18.495,93.213,97.193,179.823,110.775,107.418
padmasana,good,2,3.mp4,152.014,152.172,18.483,18.667,18.483,18.667,157.695,160.188,92.551,95.366,22.9,20.731,138.486,129.047,70.282,49.696,117.945,101.244,144.927,95.567,7.494,92.551,95.366,179.885,144.927,108.603,99.783,99.527,18.483,18.667,92.551,95.366,179.823,110.705,105.59
padmasana,good,2,3.mp4,152.102,152.39,18.606,18.808,18.606,18.808,158.296,160.2,92.625,96.057,24.297,20.056,138.816,131.806,70.492,53.668,116.994,101.289,144.253,95.938,6.975,92.625,96.057,179.89,144.253,107.499,99.785,99.742,18.606,18.808,92.625,96.057,179.825,108.793,105.578
padmasana,good,2,3.mp4,152.073,151.977,18.524,18.247,18.524,18.247,158.207,159.78,92.301,95.605,24.76,20.253,137.969,130.693,68.217,52.742,117.031,101.104,143.256,95.511,7.696,92.301,95.605,179.886,143.256,108.079,99.752,99.775,18.524,18.247,92.301,95.605,179.823,109.401,105.96
padmasana,good,2,3.mp4,150.303,151.133,18.814,18.525,18.814,18.525,160.027,159.929,90.422,92.648,23.453,22.355,131.664,126.398,64.868,51.472,117.425,101.847,145.397,93.004,9.16,90.422,92.648,179.885,145.397,107.716,99.407,99.509,18.814,18.525,90.422,92.648,179.823,110.418,104.897
padmasana,good,2,3.mp4,150.407,152.349,18.799,18.347,18.799,18.347,160.896,160.216,89.848,93.457,21.781,22.166,132.7,127.281,67.218,52.565,117.043,101.555,145.612,93.104,9.264,89.848,93.457,179.888,145.612,109.631,98.988,99.882,18.799,18.347,89.848,93.457,179.823,113.798,105.277
padmasana,good,2,3.mp4,151.667,153.237,20.066,19.283,20.066,19.283,161.619,160.029,88.653,92.898,22.106,21.26,130.057,128.374,64.65,53.299,117.285,101.022,147.04,92.165,9.496,88.653,92.898,179.886,147.04,109.564,98.693,99.957,20.066,19.283,88.653,92.898,179.822,113.847,105.243
padmasana,good,2,3.mp4,152.847,154.529,20.499,20.388,20.499,20.388,160.664,159.444,87.773,91.89,22.302,21.344,128.887,126.972,64.074,51.917,118.581,100.562,149.165,91.187,9.19,87.773,91.89,179.886,149.165,107.853,98.87,99.989,20.499,20.388,87.773,91.89,179.825,111.793,104.16
padmasana,good,2,3.mp4,152.569,154.621,20.267,20.357,20.267,20.357,160.414,159.465,87.536,89.722,22.336,22.453,127.041,123.647,62.453,50.001,119.766,100.607,149.237,89.895,10.188,87.536,89.722,179.886,149.237,107.733,98.899,99.928,20.267,20.357,87.536,89.722,179.828,111.612,104.293
padmasana,good,2,3.mp4,145.129,144.467,17.682,16.193,17.682,16.193,155.024,160.849,93.636,97.28,18.229,22.899,131.006,125.315,61.116,48.646,117.736,103.01,139.083,97.229,9.773,93.636,97.28,179.892,139.083,116.591,98.924,99.465,17.682,16.193,93.636,97.28,179.822,123.925,110.131
padmasana,good,2,3.mp4,137.901,141.164,16.284,14.094,16.284,14.094,155.21,154.462,100.333,103.682,18.641,21.269,131.055,129.63,62.856,53.633,117.016,102.833,137.202,104.241,8.925,100.333,103.682,179.89,137.202,122.81,99.921,100.676,16.284,14.094,100.333,103.682,179.823,128.135,115.132
padmasana,good,2,3.mp4,139.309,142.466,16.302,14.583,16.302,14.583,156.105,155.017,99.096,103.365,18.448,21.107,131.17,130.297,62.15,53.335,118.611,101.376,141.427,103.439,8.93,99.096,103.365,179.888,141.427,122.481,99.832,101.31,16.302,14.583,99.096,103.365,179.823,126.697,115.493
padmasana,good,2,3.mp4,141.056,144.66,15.049,14.397,15.049,14.397,156.717,157.833,98.397,103.168,18.638,21.949,128.373,129.512,62.971,52.043,120.618,100.722,143.704,103.133,9.858,98.397,103.168,179.888,143.704,123.745,99.809,100.472,15.049,14.397,98.397,103.168,179.821,128.76,115.648
padmasana,good,2,3.mp4,142.33,153.189,13.483,13.128,13.483,13.128,149.885,151.735,95.642,102.343,19.463,21.057,121.908,130.772,58.062,51.47,124.31,101.374,145.287,101.79,11.782,95.642,102.343,179.883,145.287,130.002,100.529,98.041,13.483,13.128,95.642,102.343,179.824,133.63,117.739
padmasana,good,2,3.mp4,144.025,153.842,12.244,12.058,12.244,12.058,147.896,152.293,92.805,101.398,18.886,23.223,120.006,127.963,59.996,51.412,123.094,100.697,144.958,99.606,11.073,92.805,101.398,179.888,144.958,123.495,99.738,96.726,12.244,12.058,92.805,101.398,179.823,127.249,115.102
padmasana,good,2,good.mp4,134.807,136.755,48.65,59.825,48.65,59.825,169.237,177.616,57.681,56.732,46.423,21.21,112.96,144.637,74.301,58.606,110.848,95.848,152.589,57.071,20.255,57.681,56.732,179.848,152.589,74.903,95.746,87.62,48.65,59.825,57.681,56.732,179.764,76.951,76.193
padmasana,good,2,good.mp4,134.793,135.026,48.982,58.26,48.982,58.26,176.281,169.608,62.545,59.756,38.244,22.835,111.969,135.649,68.978,40.938,113.301,92.159,147.475,61.336,20.671,62.545,59.756,179.848,147.475,80.17,91.144,94.973,48.982,58.26,62.545,59.756,179.748,83.706,79.201
padmasana,good,2,good.mp4,158.673,125.18,51.321,34.666,51.321,34.666,169.634,143.173,75.248,72.683,40.535,31.183,121.208,133.814,66.979,52.965,111.073,95.178,132.511,74.756,24.351,75.248,72.683,179.843,132.511,90.657,93.257,92.071,51.321,34.666,75.248,72.683,179.74,91.772,91.332
padmasana,good,2,good.mp4,137.684,134.41,47.889,41.172,47.889,41.172,170.683,169.952,75.299,72.53,44.41,37.516,112.004,126.887,67.351,48.813,112.077,95.892,133.177,74.751,28.538,75.299,72.53,179.836,133.177,89.212,92.947,92.965,47.889,41.172,75.299,72.53,179.724,90.79,89.533
padmasana,good,2,good.mp4,131.524,134.285,49.965,45.482,49.965,45.482,173.423,171.929,73.065,65.061,46.111,40.895,105.72,121.38,68.349,55.708,114.178,96.291,137.518,69.693,34.794,73.065,65.061,179.836,137.518,87.665,90.427,93.33,49.965,45.482,73.065,65.061,179.716,91.007,86.513
padmasana,good,2,good.mp4,131.997,138.111,65.957,66.347,65.957,66.347,171.485,168.119,61.876,48.763,52.298,50.44,104.825,101.26,69.431,53.418,114.449,96.405,148.957,55.434,45.837,61.876,48.763,179.84,148.957,72.617,92.768,91.415,65.957,66.347,61.876,48.763,179.715,76.048,71.762
padmasana,good,2,good.mp4,122.093,131.018,52.273,58.282,52.273,58.282,166.975,163.877,65.9,47.68,46.541,50.684,104.955,56.85,67.208,78.232,118.67,98.279,145.432,57.295,46.825,65.9,47.68,179.842,145.432,78.315,97.135,90.547,52.273,58.282,65.9,47.68,179.717,82.302,76.627
padmasana,good,2,good.mp4,115.948,130.662,49.55,64.094,49.55,64.094,168.806,158.815,69.253,46.601,47.325,39.652,112.027,115.369,66.192,86.003,119.818,101.095,142.273,58.612,36.934,69.253,46.601,179.84,142.273,77.086,95.383,94.933,49.55,64.094,69.253,46.601,179.732,83.508,72.398
padmasana,good,2,good.mp4,110.07,126.952,45.852,52.952,45.852,52.952,150.595,121.021,81.973,59.295,50.812,46.691,108.719,114.469,68.816,80.683,114.736,98.823,128.905,72.02,38.508,81.973,59.295,179.843,128.905,87.455,91.897,97.052,45.852,52.952,81.973,59.295,179.717,97.401,79.088
padmasana,good,2,good.mp4,108.172,123.586,29.144,24.364,29.144,24.364,162.114,158.211,96.247,86.332,53.006,36.514,114.278,118.886,56.605,96.384,117.502,92.937,117.259,92.973,23.599,96.247,86.332,179.842,117.259,103.219,92.052,93.577,29.144,24.364,96.247,86.332,179.72,110.592,96.292
padmasana,good,2,good.mp4,117.909,117.086,34.239,34.346,34.239,34.346,163.718,169.939,69.511,71.641,47.727,36.387,114.867,112.988,61.809,71.202,113.254,94.58,139.714,71.189,25.931,69.511,71.641,179.836,139.714,83.227,98.054,89.669,34.239,34.346,69.511,71.641,179.728,83.943,84.81
padmasana,good,2,good.mp4,125.05,126.527,32.517,39.559,32.517,39.559,173.14,170.755,69.63,82.428,44.906,32.858,112.553,123.685,65.802,60.635,113.234,97.693,136.455,76.509,23.673,69.63,82.428,179.837,136.455,89.856,99.373,87.828,32.517,39.559,69.63,82.428,179.722,88.08,93.658
padmasana,good,2,good.mp4,126.06,135.487,39.82,48.923,39.82,48.923,172.955,167.894,68.711,85.681,32.412,27.483,119.126,134.54,57.585,61.784,115.199,101.888,135.855,77.706,15.309,68.711,85.681,179.837,135.855,92.082,97.119,88.032,39.82,48.923,68.711,85.681,179.718,92.364,93.747
padmasana,good,2,good.mp4,121.72,126.68,10.777,22.005,10.777,22.005,165.299,156.655,93.206,109.637,31.467,17.958,135.118,105.344,71.242,95.737,110.795,103.129,106.675,104.003,4.497,93.206,109.637,179.834,106.675,109.38,95.79,91.538,10.777,22.005,93.206,109.637,179.724,108.065,111.748
padmasana,good,2,good.mp4,118.045,116.688,9.692,16.914,9.692,16.914,151.892,155.672,94.068,110.981,31.617,22.32,115.324,145.788,82.447,81.503,111.101,104.425,104.016,105.514,3.02,94.068,110.981,179.834,104.016,108.537,94.838,92.524,9.692,16.914,94.068,110.981,179.722,109.334,108.97
padmasana,good,2,good.mp4,115.108,116.003,10.871,16.989,10.871,16.989,158.537,159.38,91.269,107.445,35.584,29.061,116.945,143.49,64.61,62.33,105.024,109.769,106.511,101.969,5.069,91.269,107.445,179.838,106.511,105.421,94.048,91.716,10.871,16.989,91.269,107.445,179.722,102.475,109.829
padmasana,good,2,good.mp4,118.732,125.041,17.768,25.827,17.768,25.827,161.015,157.291,90.789,103.585,27.488,27.179,128.382,142.894,66.304,52.945,104.391,108.845,110.686,99.41,4.211,90.789,103.585,179.84,110.686,103.16,95.463,93.561,17.768,25.827,90.789,103.585,179.721,99.756,108.113
padmasana,good,2,good.mp4,121.224,122.18,14.074,14.852,14.074,14.852,163.759,171.54,107.305,118.528,23.347,26.124,132.404,136.87,74.468,52.043,104.638,109.481,101.798,116.013,4.558,107.305,118.528,179.84,101.798,121.265,100.232,93.702,14.074,14.852,107.305,118.528,179.725,117.484,123.698
padmasana,good,2,good.mp4,116.499,123.783,14.775,13.362,14.775,13.362,176.604,175.792,109.783,119.378,25.941,24.008,120.686,130.891,83.489,77.456,102.528,107.621,103.281,117.178,3.722,109.783,119.378,179.836,103.281,121.185,99.84,94.437,14.775,13.362,109.783,119.378,179.736,118.018,123.046
padmasana,good,2,good.mp4,129.608,138.755,13.812,17.967,13.812,17.967,159.237,162.332,101.8,109.997,26.752,23.177,119.046,131.557,81.267,76.229,105.612,103.317,115.779,107.902,3.421,101.8,109.997,179.838,115.779,111.267,98.915,96.459,13.812,17.967,101.8,109.997,179.742,109.471,113.114
padmasana,good,2,good.mp4,123.451,142.789,13.485,22.515,13.485,22.515,165.709,166.645,95.114,99.117,25.16,22.012,121.444,132.313,72.862,57.437,109.969,98.733,130.627,98.668,3.759,95.114,99.117,179.842,130.627,103.175,94.772,102.534,13.485,22.515,95.114,99.117,179.751,103.174,104.2
padmasana,good,2,good.mp4,133.003,146.228,14.193,21.127,14.193,21.127,165.758,161.259,94.689,101.146,24.158,20.121,127.112,134.786,52.177,55.643,114.024,95.247,131.001,99.481,5.007,94.689,101.146,179.843,131.001,106.854,92.203,103.398,14.193,21.127,94.689,101.146,179.757,107.28,106.865
padmasana,good,2,good.mp4,135.468,148.591,17.154,23.786,17.154,23.786,164.903,158.237,90.813,96.758,22.891,20.323,129.311,135.081,52.348,51.922,115.488,93.916,134.937,95.192,5.183,90.813,96.758,179.844,134.937,103.009,92.959,102.309,17.154,23.786,90.813,96.758,179.763,104.069,103.007
padmasana,good,2,good.mp4,135.381,147.961,16.799,21.983,16.799,21.983,166.608,159.395,92.079,98.327,23.123,20.948,129.084,134.085,60.756,54.806,116.682,93.32,133.966,96.637,4.883,92.079,98.327,179.845,133.966,103.793,92.964,101.998,16.799,21.983,92.079,98.327,179.765,104.523,103.955
padmasana,good,2,good.mp4,137.252,145.46,18.823,21.698,18.823,21.698,169.412,161.323,91.244,98.009,22.892,20.208,129.293,135.544,62.301,65.201,116.351,94.087,133.764,96.043,4.962,91.244,98.009,179.843,133.764,103.588,93.209,101.438,18.823,21.698,91.244,98.009,179.768,104.04,104.021
padmasana,good,2,good.mp4,136.917,143.336,19.076,20.968,19.076,20.968,169.44,161.792,91.006,98.06,24.037,20.281,128.288,135.484,63.839,67.785,116.735,94.207,132.303,95.986,4.791,91.006,98.06,179.842,132.303,103.003,93.927,100.594,19.076,20.968,91.006,98.06,179.768,103.3,103.67
padmasana,good,2,good.mp4,137.869,142.854,18.835,20.396,18.835,20.396,169.147,162.639,91.791,98.608,25.306,20.231,128.412,133.334,65.179,68.821,118.211,93.139,130.395,96.735,4.449,91.791,98.608,179.843,130.395,103.094,94.08,100.757,18.835,20.396,91.791,98.608,179.772,103.311,103.784
padmasana,good,2,good.mp4,138.516,143.31,18.865,20.183,18.865,20.183,168.759,163.564,91.847,99.028,25.162,19.375,127.291,132.538,64.078,57.98,118.235,92.736,129.94,96.973,4.574,91.847,99.028,179.843,129.94,103.632,93.844,101.048,18.865,20.183,91.847,99.028,179.773,103.347,104.671
padmasana,good,2,good.mp4,138.802,143.078,17.903,18.685,17.903,18.685,166.966,162.344,92.83,99.928,24.947,19.712,127.303,133.797,63.253,58.941,117.893,92.868,128.718,97.896,4.468,92.83,99.928,179.842,128.718,104.234,94.513,100.452,17.903,18.685,92.83,99.928,179.774,103.726,105.409
padmasana,good,2,good.mp4,138.663,143.165,18.696,19.586,18.696,19.586,167.843,161.959,92.536,99.788,25.438,19.72,127.423,134.053,65.636,64.012,117.489,92.955,128.965,97.674,4.316,92.536,99.788,179.842,128.965,103.689,94.429,100.415,18.696,19.586,92.536,99.788,179.774,103.299,104.831
padmasana,good,2,good.mp4,138.512,143.264,19.077,20.098,19.077,20.098,168.275,161.341,92.184,99.764,25.475,19.353,127.831,135.693,68.422,68.163,117.112,93.025,129.913,97.476,4.059,92.184,99.764,179.842,129.913,103.237,94.912,100.0,19.077,20.098,92.184,99.764,179.773,102.648,104.636
padmasana,good,2,padma_avg_02.mp4,167.18,167.082,120.939,125.807,120.939,125.807,173.997,175.813,48.082,35.123,161.953,145.746,142.197,145.884,116.374,98.13,124.662,66.689,162.265,41.323,159.05,48.082,35.123,179.916,162.265,51.888,71.525,118.527,120.939,125.807,48.082,35.123,179.876,53.221,51.225
padmasana,good,2,padma_avg_02.mp4,164.073,171.38,94.026,101.385,94.026,101.385,177.619,178.06,59.748,56.387,157.544,162.619,165.766,156.036,134.159,119.134,116.228,69.37,128.842,57.791,161.048,59.748,56.387,179.931,128.842,68.416,72.796,111.669,94.026,101.385,59.748,56.387,179.897,72.331,65.934
padmasana,good,2,padma_avg_02.mp4,168.013,166.62,123.003,115.77,123.003,115.77,176.727,176.352,39.314,44.991,135.096,163.874,167.204,155.255,131.536,135.06,95.74,88.668,143.411,41.89,152.817,39.314,44.991,179.926,143.411,49.486,89.001,97.543,123.003,115.77,39.314,44.991,179.89,51.273,49.546
padmasana,good,2,padma_avg_02.mp4,160.861,119.296,94.175,59.026,94.175,59.026,175.085,170.42,50.276,61.751,126.525,172.93,174.814,153.899,149.602,127.714,124.865,70.558,129.933,58.825,158.252,50.276,61.751,179.934,129.933,67.194,67.913,103.962,94.175,59.026,50.276,61.751,179.901,73.062,64.697
padmasana,good,2,padma_avg_02.mp4,136.048,108.799,62.567,56.915,62.567,56.915,176.244,166.686,32.418,91.783,67.583,175.351,173.226,143.105,152.454,106.261,115.469,110.176,107.774,76.282,139.418,32.418,91.783,179.929,107.774,89.353,91.152,120.922,62.567,56.915,32.418,91.783,179.899,87.914,90.872
padmasana,good,2,padma_avg_02.mp4,141.669,102.148,80.328,67.594,80.328,67.594,173.856,167.963,28.804,81.721,66.051,179.375,166.227,155.47,115.298,116.396,116.441,116.935,118.072,65.357,145.936,28.804,81.721,179.926,118.072,77.392,92.189,124.291,80.328,67.594,28.804,81.721,179.897,74.007,81.671
padmasana,good,2,padma_avg_02.mp4,137.206,99.639,61.279,51.128,61.279,51.128,173.828,167.352,39.469,92.285,83.22,176.791,169.272,150.206,110.392,112.13,116.533,107.145,102.246,81.821,151.529,39.469,92.285,179.934,102.246,92.064,92.316,121.561,61.279,51.128,39.469,92.285,179.897,88.035,94.148
padmasana,good,2,padma_avg_02.mp4,141.505,113.275,55.32,49.808,55.32,49.808,172.57,169.919,53.237,95.205,90.321,174.593,168.569,151.375,125.744,113.957,113.748,103.835,97.264,87.362,150.602,53.237,95.205,179.931,97.264,97.06,89.148,117.548,55.32,49.808,53.237,95.205,179.895,93.482,98.154
padmasana,good,2,padma_avg_02.mp4,101.606,121.351,51.282,70.604,51.282,70.604,168.569,174.568,54.617,62.508,92.079,169.687,164.182,148.887,135.258,105.123,100.206,104.546,128.251,61.066,151.742,54.617,62.508,179.931,128.251,65.822,121.489,107.347,51.282,70.604,54.617,62.508,179.885,67.677,66.955
padmasana,good,2,padma_avg_02.mp4,121.565,127.309,67.801,89.558,67.801,89.558,166.081,176.361,48.045,46.954,66.214,168.777,175.009,145.235,159.823,93.53,99.024,104.642,143.829,48.215,149.405,48.045,46.954,179.931,143.829,50.451,119.207,104.548,67.801,89.558,48.045,46.954,179.886,53.276,51.399
padmasana,good,2,padma_avg_02.mp4,131.643,131.075,73.24,87.431,73.24,87.431,175.759,176.105,54.297,49.518,46.732,164.435,178.162,143.225,140.455,93.953,99.422,104.921,140.303,52.789,138.505,54.297,49.518,179.929,140.303,55.15,111.783,104.193,73.24,87.431,54.297,49.518,179.885,60.626,54.43
padmasana,good,2,padma_avg_02.mp4,127.23,126.236,62.355,82.144,62.355,82.144,173.353,176.58,71.358,49.168,43.429,147.693,139.512,137.298,147.401,73.722,98.896,106.691,131.827,60.598,122.832,71.358,49.168,179.941,131.827,65.012,106.287,114.235,62.355,82.144,71.358,49.168,179.88,80.294,56.303
padmasana,good,2,padma_avg_02.mp4,125.093,135.446,83.507,95.583,83.507,95.583,159.673,178.116,53.995,40.713,33.595,89.462,168.782,170.766,99.511,62.994,94.82,113.768,143.944,47.79,35.843,53.995,40.713,179.934,143.944,53.599,116.79,109.079,83.507,95.583,53.995,40.713,179.883,62.766,50.622
padmasana,good,2,padma_avg_02.mp4,131.524,140.924,83.076,91.682,83.076,91.682,176.498,176.619,62.05,44.246,40.018,61.948,164.58,167.054,87.056,63.574,90.03,118.821,139.068,53.354,19.345,62.05,44.246,179.931,139.068,58.351,120.317,103.712,83.076,91.682,62.05,44.246,179.888,70.141,55.655
padmasana,good,2,padma_avg_02.mp4,129.818,133.24,89.007,88.6,89.007,88.6,173.663,176.892,49.868,35.739,22.028,42.772,170.494,151.26,80.006,83.084,93.082,119.088,150.97,42.215,8.632,49.868,35.739,179.931,150.97,48.299,121.766,104.734,89.007,88.6,49.868,35.739,179.885,61.253,46.503
padmasana,good,2,padma_avg_02.mp4,131.777,138.706,88.46,88.049,88.46,88.049,176.284,176.228,55.594,39.512,22.52,49.548,165.304,150.107,76.495,89.401,93.229,120.259,145.294,47.606,8.903,55.594,39.512,179.929,145.294,53.003,121.769,102.936,88.46,88.049,55.594,39.512,179.883,67.51,50.157
padmasana,good,2,padma_avg_02.mp4,124.713,133.867,80.059,85.202,80.059,85.202,175.446,178.504,58.107,41.732,27.492,48.377,165.23,167.547,76.652,84.92,105.353,111.908,142.459,50.105,9.715,58.107,41.732,179.931,142.459,55.569,124.172,107.391,80.059,85.202,58.107,41.732,179.881,70.633,52.133
padmasana,good,2,padma_avg_02.mp4,118.677,132.708,55.735,38.358,55.735,38.358,174.014,174.227,123.35,95.281,32.097,48.197,167.738,148.724,73.639,77.236,114.963,103.273,73.237,117.986,4.081,123.35,95.281,179.944,73.237,119.256,116.338,117.963,55.735,38.358,123.35,95.281,179.875,131.68,108.008
padmasana,good,2,temp_VID20260218162815.mp4,145.109,151.432,84.523,89.56,84.523,89.56,174.961,175.438,37.513,40.129,27.278,36.429,129.394,117.189,38.482,45.635,123.813,70.831,159.327,38.81,25.177,37.513,40.129,179.758,159.327,53.24,92.212,109.955,84.523,89.56,37.513,40.129,179.61,53.891,54.311
padmasana,good,2,temp_VID20260218162815.mp4,145.992,150.248,84.371,87.186,84.371,87.186,175.303,175.659,39.1,41.422,26.064,36.448,129.768,116.883,39.162,45.99,122.602,72.341,157.835,40.271,24.543,39.1,41.422,179.761,157.835,54.985,91.224,110.185,84.371,87.186,39.1,41.422,179.607,55.964,55.765
padmasana,good,2,temp_VID20260218162815.mp4,145.951,152.018,83.176,87.071,83.176,87.071,175.985,175.327,40.078,42.598,26.609,36.186,129.058,117.131,39.918,46.649,120.394,74.707,156.143,41.38,24.836,40.078,42.598,179.756,156.143,56.407,92.414,109.101,83.176,87.071,40.078,42.598,179.602,57.455,57.152
padmasana,good,2,temp_VID20260218162815.mp4,146.064,151.821,85.997,90.429,85.997,90.429,175.398,176.747,37.463,40.566,26.601,36.515,129.04,116.187,39.517,47.198,118.905,76.126,158.3,39.01,24.966,37.463,40.566,179.752,158.3,53.983,94.734,106.584,85.997,90.429,37.463,40.566,179.599,54.715,55.064
padmasana,good,2,temp_VID20260218162815.mp4,145.414,151.355,86.464,91.367,86.464,91.367,174.911,176.968,35.852,39.25,26.785,37.01,128.406,115.359,40.604,48.264,117.23,77.965,159.875,37.509,25.299,35.852,39.25,179.751,159.875,52.546,96.754,104.693,86.464,91.367,35.852,39.25,179.595,53.194,53.735
padmasana,good,2,temp_VID20260218162815.mp4,146.737,151.807,87.218,91.368,87.218,91.368,175.395,177.347,36.862,39.998,26.731,37.184,128.585,114.985,41.049,48.519,117.133,78.2,159.228,38.407,25.328,36.862,39.998,179.75,159.228,53.439,95.081,105.878,87.218,91.368,36.862,39.998,179.595,54.287,54.412
padmasana,good,2,temp_VID20260218162815.mp4,146.91,152.066,88.238,92.793,88.238,92.793,175.419,177.234,36.274,38.976,26.274,35.117,129.427,117.212,40.384,47.614,117.189,77.895,159.926,37.61,24.344,36.274,38.976,179.752,159.926,52.605,93.557,107.377,88.238,92.793,36.274,38.976,179.597,53.687,53.359
padmasana,good,2,temp_VID20260218162815.mp4,147.417,151.865,89.933,93.364,89.933,93.364,175.534,177.413,35.61,38.599,24.974,34.334,129.909,118.464,41.326,46.567,116.913,77.884,160.038,37.076,23.338,35.61,38.599,179.752,160.038,51.959,94.647,105.865,89.933,93.364,35.61,38.599,179.596,52.873,52.892
padmasana,good,2,temp_VID20260218162815.mp4,147.493,152.123,89.406,93.576,89.406,93.576,175.635,177.762,36.458,39.171,24.326,33.578,131.873,119.304,39.382,46.227,116.98,77.685,159.478,37.806,22.735,36.458,39.171,179.753,159.478,52.697,93.567,106.853,89.406,93.576,36.458,39.171,179.598,53.764,53.476
padmasana,good,2,temp_VID20260218162815.mp4,146.71,151.335,88.459,92.109,88.459,92.109,175.576,177.362,36.731,39.325,24.584,33.902,131.578,119.195,39.573,46.242,117.149,77.514,159.532,38.027,22.98,36.731,39.325,179.754,159.532,52.883,93.346,107.252,88.459,92.109,36.731,39.325,179.597,54.01,53.601
padmasana,good,2,temp_VID20260218162846.mp4,144.34,150.389,35.363,36.463,35.363,36.463,172.639,175.114,92.635,98.07,16.107,20.211,143.967,136.481,40.587,38.674,110.677,85.622,110.355,96.041,6.547,92.635,98.07,179.736,110.355,101.837,98.869,98.062,35.363,36.463,92.635,98.07,179.594,100.151,104.345
padmasana,good,2,temp_VID20260218162846.mp4,142.28,149.755,35.186,39.185,35.186,39.185,170.643,172.533,89.508,93.478,16.469,14.038,142.864,142.881,43.702,34.075,109.168,87.677,115.408,92.128,3.441,89.508,93.478,179.735,115.408,95.939,96.466,100.364,35.186,39.185,89.508,93.478,179.6,94.387,98.591
padmasana,good,2,temp_VID20260218162846.mp4,143.158,149.078,33.074,37.225,33.074,37.225,171.27,174.135,92.877,96.154,16.397,14.573,143.819,141.593,44.25,32.278,107.047,89.901,111.606,95.183,2.385,92.877,96.154,179.735,111.606,97.587,96.544,99.53,33.074,37.225,92.877,96.154,179.599,96.395,99.756
padmasana,good,2,temp_VID20260218162846.mp4,144.864,150.268,29.081,33.679,29.081,33.679,172.406,174.988,98.605,101.147,17.045,16.279,142.579,139.556,43.111,31.216,107.241,89.843,105.531,100.618,2.705,98.605,101.147,179.737,105.531,103.09,94.429,101.209,29.081,33.679,98.605,101.147,179.605,102.289,104.554
padmasana,good,2,temp_VID20260218162846.mp4,143.302,149.424,27.308,31.255,27.308,31.255,171.756,175.139,98.335,102.527,16.804,15.694,141.739,142.217,45.064,32.585,106.765,90.611,106.238,101.221,2.725,98.335,102.527,179.736,106.238,103.84,96.309,99.146,27.308,31.255,98.335,102.527,179.602,102.149,106.169
padmasana,good,2,temp_VID20260218162846.mp4,142.782,149.547,25.112,31.118,25.112,31.118,172.075,174.398,99.839,101.985,17.36,15.565,140.533,143.315,45.015,32.271,106.87,90.605,105.44,101.736,2.853,99.839,101.985,179.738,105.44,104.525,93.58,102.476,25.112,31.118,99.839,101.985,179.601,103.836,105.832
padmasana,good,2,temp_VID20260218162846.mp4,142.094,149.63,27.701,33.94,27.701,33.94,172.494,173.046,96.251,98.118,18.009,14.843,139.624,143.848,46.204,33.157,108.328,89.236,109.463,97.98,2.755,96.251,98.118,179.74,109.463,100.819,93.025,103.151,27.701,33.94,96.251,98.118,179.603,100.288,102.184
padmasana,good,2,temp_VID20260218162846.mp4,142.68,150.275,28.929,35.054,28.929,35.054,173.094,173.374,96.066,98.219,18.199,14.694,139.561,144.129,45.776,32.128,108.297,89.15,109.289,97.931,2.681,96.066,98.219,179.739,109.289,100.688,93.079,102.772,28.929,35.054,96.066,98.219,179.603,100.002,102.234
padmasana,good,2,temp_VID20260218162846.mp4,141.858,150.312,30.355,36.307,30.355,36.307,173.645,172.844,94.072,96.696,17.714,14.783,140.502,143.765,45.035,31.004,108.567,88.909,110.772,96.141,2.741,94.072,96.696,179.739,110.772,99.035,93.874,101.855,30.355,36.307,94.072,96.696,179.607,98.312,100.679
padmasana,good,2,temp_VID20260218162846.mp4,139.599,148.502,24.734,29.915,24.734,29.915,173.283,173.075,97.726,101.483,16.95,15.368,141.366,142.502,45.124,30.98,108.876,88.604,106.863,100.4,2.821,97.726,101.483,179.738,106.863,103.405,96.076,99.674,24.734,29.915,97.726,101.483,179.608,102.016,105.531
padmasana,good,2,temp_VID20260218162846.mp4,138.603,147.885,21.583,27.779,21.583,27.779,173.066,173.399,100.028,103.039,16.961,15.636,141.178,142.089,44.225,30.33,108.95,88.541,104.547,102.354,2.932,100.028,103.039,179.738,104.547,105.475,95.683,100.453,21.583,27.779,100.028,103.039,179.608,104.324,107.267
padmasana,good,2,temp_VID20260218162846.mp4,138.057,147.618,23.731,30.884,23.731,30.884,172.822,173.392,96.824,99.159,16.932,15.086,140.792,142.833,44.03,29.584,108.863,88.406,107.831,98.748,2.918,96.824,99.159,179.738,107.831,101.927,95.179,101.123,23.731,30.884,96.824,99.159,179.609,101.095,103.553
padmasana,good,2,temp_VID20260218162927.mp4,129.639,143.262,19.976,28.604,19.976,28.604,174.225,173.24,89.707,96.993,12.845,15.517,158.197,150.347,57.695,53.1,102.801,93.326,115.724,94.035,2.364,89.707,96.993,179.758,115.724,90.335,95.718,94.561,19.976,28.604,89.707,96.993,179.568,89.395,94.345
padmasana,good,2,temp_VID20260218162927.mp4,131.294,136.249,11.938,14.724,11.938,14.724,170.846,171.358,98.903,107.316,13.367,17.443,160.924,149.402,70.912,53.664,101.889,93.878,105.951,103.856,2.657,98.903,107.316,179.763,105.951,99.904,95.449,95.991,11.938,14.724,98.903,107.316,179.59,98.057,104.099
padmasana,good,2,temp_VID20260218162927.mp4,135.69,147.187,20.066,28.895,20.066,28.895,172.135,167.635,92.473,93.259,13.588,14.207,155.969,151.574,61.955,66.395,104.873,91.111,119.949,93.429,1.713,92.473,93.259,179.742,119.949,90.641,93.131,102.442,20.066,28.895,92.473,93.259,179.602,92.298,91.464
padmasana,good,2,temp_VID20260218162927.mp4,131.672,145.1,23.408,35.808,23.408,35.808,172.211,166.305,85.971,84.232,13.48,14.215,155.594,152.0,63.795,66.717,113.078,82.701,124.991,85.601,1.757,85.971,84.232,179.743,124.991,82.652,91.218,107.256,23.408,35.808,85.971,84.232,179.602,87.073,81.548
padmasana,good,2,temp_VID20260218162927.mp4,133.375,146.299,30.243,41.052,30.243,41.052,172.874,159.644,77.654,75.565,14.343,13.736,158.043,152.399,66.033,65.518,118.044,77.781,131.991,77.023,2.014,77.654,75.565,179.747,131.991,73.777,90.457,108.108,30.243,41.052,77.654,75.565,179.601,78.476,73.127
padmasana,good,2,temp_VID20260218162927.mp4,134.757,142.298,30.083,38.368,30.083,38.368,172.213,166.39,79.412,78.139,14.867,14.293,158.771,151.771,71.063,69.288,121.251,75.143,130.346,79.234,2.16,79.412,78.139,179.748,130.346,75.898,89.918,108.065,30.083,38.368,79.412,78.139,179.602,79.879,75.796
padmasana,good,2,temp_VID20260218162927.mp4,132.362,140.259,29.236,37.765,29.236,37.765,171.499,167.856,78.153,78.038,15.008,14.753,160.33,151.756,74.128,70.957,121.112,75.103,130.678,78.52,2.549,78.153,78.038,179.742,130.678,74.662,91.039,107.09,29.236,37.765,78.153,78.038,179.606,78.24,75.016
padmasana,good,2,temp_VID20260218162927.mp4,133.489,141.34,33.11,41.11,33.11,41.11,171.973,169.06,75.611,76.509,13.869,14.825,161.364,150.566,71.443,63.875,121.344,74.709,132.346,76.48,2.376,75.611,76.509,179.744,132.346,72.797,91.014,106.369,33.11,41.11,75.611,76.509,179.599,75.904,73.811
padmasana,good,2,temp_VID20260218162927.mp4,133.334,140.607,34.364,42.392,34.364,42.392,171.813,169.642,74.296,75.13,14.097,14.444,161.393,151.611,69.346,63.648,120.736,75.036,133.767,75.101,2.29,74.296,75.13,179.744,133.767,71.546,91.147,106.247,34.364,42.392,74.296,75.13,179.599,74.746,72.677
padmasana,good,2,temp_VID20260218162927.mp4,139.712,144.492,35.984,42.805,35.984,42.805,169.703,168.756,77.051,77.828,14.362,14.242,161.258,151.049,70.47,67.054,120.041,75.685,131.069,77.853,2.317,77.051,77.828,179.746,131.069,74.219,90.434,106.213,35.984,42.805,77.051,77.828,179.602,77.23,75.323
padmasana,good,2,temp_VID20260218162927.mp4,133.067,138.407,27.298,33.983,27.298,33.983,171.269,169.078,81.105,81.423,14.398,13.804,160.904,151.947,70.999,66.926,119.683,75.774,127.989,81.709,2.274,81.105,81.423,179.747,127.989,78.142,90.236,107.031,27.298,33.983,81.105,81.423,179.607,81.072,78.897
padmasana,good,2,temp_VID20260218162927.mp4,131.743,137.676,26.472,32.725,26.472,32.725,171.179,168.143,80.006,80.321,14.427,14.268,161.062,151.284,70.453,69.274,120.034,75.496,128.744,80.588,2.423,80.006,80.321,179.745,128.744,76.856,90.623,106.993,26.472,32.725,80.006,80.321,179.604,79.884,77.677
padmasana,good,2,temp_VID20260218163017.mp4,136.838,144.724,27.538,35.569,27.538,35.569,170.008,172.102,86.705,93.403,18.325,14.339,146.605,146.97,50.834,61.126,117.445,80.732,122.658,90.735,2.23,86.705,93.403,179.757,122.658,91.31,89.621,102.997,27.538,35.569,86.705,93.403,179.631,89.923,95.216
padmasana,good,2,temp_VID20260218163017.mp4,138.859,146.725,33.515,41.749,33.515,41.749,171.584,173.224,82.485,88.882,18.274,13.728,147.305,147.267,54.822,60.199,113.376,84.352,128.875,86.248,1.897,82.485,88.882,179.757,128.875,87.02,92.29,99.911,33.515,41.749,82.485,88.882,179.626,85.461,91.317
padmasana,good,2,temp_VID20260218163017.mp4,136.304,142.839,41.701,51.839,41.701,51.839,170.083,170.799,69.354,71.982,17.132,13.543,148.787,146.335,52.638,55.505,113.014,84.498,141.567,71.004,1.967,69.354,71.982,179.754,141.567,72.631,89.915,103.784,41.701,51.839,69.354,71.982,179.613,72.971,75.83
padmasana,good,2,temp_VID20260218163017.mp4,136.668,143.214,47.823,56.753,47.823,56.753,171.358,170.643,65.986,67.933,16.378,13.27,149.101,147.281,52.404,53.002,112.418,84.956,144.725,67.236,1.862,65.986,67.933,179.755,144.725,69.015,89.434,103.785,47.823,56.753,65.986,67.933,179.613,69.739,72.154
padmasana,good,2,temp_VID20260218163017.mp4,134.796,142.483,42.947,53.572,42.947,53.572,169.676,171.169,67.946,70.178,16.951,13.697,148.541,145.844,53.23,51.317,112.902,85.508,143.03,69.368,1.981,67.946,70.178,179.753,143.03,71.429,89.67,103.906,42.947,53.572,67.946,70.178,179.609,71.77,75.11
padmasana,good,2,temp_VID20260218163017.mp4,133.284,144.019,41.667,55.281,41.667,55.281,167.775,171.15,65.848,69.182,16.783,13.133,148.31,147.082,50.346,50.07,112.513,86.141,144.361,67.784,2.099,65.848,69.182,179.754,144.361,70.304,90.498,102.099,41.667,55.281,65.848,69.182,179.606,70.184,74.99
padmasana,good,2,temp_VID20260218163017.mp4,133.564,143.612,41.306,54.784,41.306,54.784,167.987,173.285,66.937,68.853,16.882,12.766,147.397,147.593,51.038,50.099,112.314,86.227,143.969,68.213,2.165,66.937,68.853,179.754,143.969,70.901,90.197,102.851,41.306,54.784,66.937,68.853,179.606,71.38,74.825
padmasana,good,2,temp_VID20260218163017.mp4,131.845,143.539,41.99,57.218,41.99,57.218,167.327,173.396,63.912,66.217,16.593,12.874,147.819,147.368,47.986,49.75,112.867,86.29,146.583,65.29,2.237,63.912,66.217,179.757,146.583,68.252,90.405,102.702,41.99,57.218,63.912,66.217,179.607,68.738,72.845
padmasana,good,2,temp_VID20260218163017.mp4,131.403,142.947,40.733,54.703,40.733,54.703,168.576,174.35,65.609,68.045,17.149,13.126,147.357,147.658,48.047,50.58,113.286,85.918,145.481,67.117,1.982,65.609,68.045,179.757,145.481,69.5,90.667,102.661,40.733,54.703,65.609,68.045,179.609,70.351,73.279
padmasana,good,2,temp_VID20260218163017.mp4,131.568,143.203,42.413,55.712,42.413,55.712,168.087,174.07,63.697,67.146,16.84,13.642,147.507,146.073,46.762,48.919,113.558,85.958,146.864,65.656,2.046,63.697,67.146,179.756,146.864,68.231,91.133,101.64,42.413,55.712,63.697,67.146,179.609,68.807,72.468
padmasana,good,2,temp_VID20260218163017.mp4,128.715,146.346,37.923,55.709,37.923,55.709,167.244,172.664,63.972,68.341,17.587,14.659,145.643,145.328,46.964,49.496,113.628,85.727,145.99,66.409,1.97,63.972,68.341,179.756,145.99,68.396,91.584,100.12,37.923,55.709,63.972,68.341,179.609,68.857,72.427
padmasana,good,2,temp_VID20260218163017.mp4,132.438,143.359,45.381,58.275,45.381,58.275,167.987,173.029,61.897,64.728,17.226,14.775,145.701,144.205,47.258,48.687,113.55,85.792,148.515,63.535,1.98,61.897,64.728,179.758,148.515,65.849,91.76,101.581,45.381,58.275,61.897,64.728,179.609,66.948,69.175
padmasana,good,2,temp_VID_20260218_004801889.mp4,121.119,128.581,28.5,18.343,28.5,18.343,113.343,164.811,92.927,89.762,74.59,120.646,162.317,146.775,125.956,37.515,158.435,96.823,149.443,98.96,121.827,92.927,89.762,179.914,149.443,106.151,94.57,78.971,28.5,18.343,92.927,89.762,179.881,110.87,100.36
padmasana,good,2,temp_VID_20260218_004801889.mp4,121.065,129.248,36.087,23.04,36.087,23.04,119.61,165.528,91.367,96.101,76.08,97.732,160.485,165.298,124.261,34.467,156.963,94.477,147.921,102.94,120.534,91.367,96.101,179.921,147.921,110.391,97.996,76.825,36.087,23.04,91.367,96.101,179.88,115.391,104.434
padmasana,avg,1,2.mp4,131.179,146.835,94.466,83.164,94.466,83.164,169.046,176.54,45.237,46.913,44.142,58.595,161.606,137.569,71.598,75.956,121.725,85.042,143.728,47.123,26.147,45.237,46.913,179.926,143.728,55.856,112.064,90.226,94.466,83.164,45.237,46.913,179.883,59.481,66.192
padmasana,avg,1,2.mp4,119.667,140.742,75.935,64.772,75.935,64.772,167.17,177.451,59.396,66.907,40.348,53.036,162.686,146.185,73.012,84.817,113.684,96.95,128.057,65.123,18.61,59.396,66.907,179.929,128.057,73.095,120.326,90.065,75.935,64.772,59.396,66.907,179.88,75.513,85.673
padmasana,avg,1,2.mp4,123.215,137.012,57.865,45.064,57.865,45.064,171.815,174.029,84.829,89.856,37.032,52.3,155.103,153.004,73.804,82.289,116.076,101.693,100.953,92.078,12.936,84.829,89.856,179.929,100.953,98.495,118.528,96.78,57.865,45.064,84.829,89.856,179.88,106.783,104.574
padmasana,avg,1,2.mp4,132.881,129.068,62.634,45.898,62.634,45.898,172.086,172.792,88.882,94.845,37.176,49.796,151.809,147.789,72.023,80.347,120.09,100.825,94.019,98.206,10.336,88.882,94.845,179.931,94.019,103.796,119.428,103.668,62.634,45.898,88.882,94.845,179.878,110.809,109.243
padmasana,avg,1,2.mp4,131.286,120.72,89.529,78.628,89.529,78.628,173.582,173.721,59.447,58.263,38.977,36.913,148.955,139.068,73.42,69.16,122.321,104.495,129.489,61.755,9.344,59.447,58.263,179.931,129.489,68.722,115.943,115.952,89.529,78.628,59.447,58.263,179.883,84.855,73.719
padmasana,avg,1,2.mp4,130.269,109.704,80.103,68.014,80.103,68.014,174.753,173.818,65.844,65.638,37.596,36.842,151.445,144.236,75.72,78.167,121.512,102.925,123.085,69.6,8.971,65.844,65.638,179.929,123.085,76.446,113.334,120.601,80.103,68.014,65.844,65.638,179.886,91.372,80.44
padmasana,avg,1,2.mp4,123.72,108.684,74.577,63.41,74.577,63.41,168.407,176.846,66.422,70.163,42.994,33.18,145.518,147.389,82.64,83.744,125.224,99.521,124.155,72.446,9.017,66.422,70.163,179.929,124.155,79.096,114.124,118.72,74.577,63.41,66.422,70.163,179.89,89.185,86.083
padmasana,avg,1,2.mp4,123.839,110.506,79.493,65.926,79.493,65.926,168.064,178.527,59.126,65.347,40.896,31.826,147.697,149.137,90.821,78.64,124.127,97.89,130.728,65.347,7.884,59.126,65.347,179.934,130.728,71.786,114.691,116.136,79.493,65.926,59.126,65.347,179.886,80.925,81.528
padmasana,avg,1,2.mp4,103.951,104.827,65.286,55.678,65.286,55.678,166.216,176.001,59.491,70.519,42.51,28.761,148.349,146.495,89.497,90.457,126.936,99.374,130.56,68.765,7.434,59.491,70.519,179.934,130.56,75.463,121.11,114.319,65.286,55.678,59.491,70.519,179.893,81.895,89.727
padmasana,avg,1,2.mp4,93.755,113.156,61.63,48.201,61.63,48.201,166.352,176.599,63.242,78.354,43.22,29.085,155.16,143.466,93.745,82.838,120.959,102.634,122.856,75.022,7.968,63.242,78.354,179.934,122.856,81.926,122.506,113.463,61.63,48.201,63.242,78.354,179.892,86.842,94.281
padmasana,avg,1,2.mp4,121.316,130.366,57.961,65.787,57.961,65.787,164.624,168.191,35.402,44.885,44.369,30.208,155.164,138.055,94.862,77.665,120.858,103.626,159.549,39.516,9.392,35.402,44.885,179.937,159.549,46.517,82.309,104.615,57.961,65.787,35.402,44.885,179.89,55.907,61.297
padmasana,avg,1,2.mp4,129.007,127.91,62.516,68.041,62.516,68.041,167.892,168.658,31.533,40.721,47.033,29.656,156.717,145.523,97.137,89.916,118.849,99.676,161.237,35.537,9.261,31.533,40.721,179.937,161.237,41.411,75.494,101.711,62.516,68.041,31.533,40.721,179.89,48.432,54.104
padmasana,avg,1,2.mp4,129.167,132.114,69.881,76.823,69.881,76.823,166.743,169.416,27.98,34.553,46.94,33.503,159.813,141.544,95.386,76.432,119.485,99.465,168.883,29.401,9.573,27.98,34.553,179.931,168.883,34.661,73.003,96.818,69.881,76.823,27.98,34.553,179.89,42.934,46.366
padmasana,avg,1,20260217_113549.mp4,145.082,143.253,29.041,23.596,29.041,23.596,176.924,170.672,115.017,101.728,116.042,79.97,162.785,164.786,97.931,98.515,70.264,134.996,98.996,110.816,106.708,115.017,101.728,179.866,98.996,132.487,113.438,73.032,29.041,23.596,115.017,101.728,179.82,135.01,128.068
padmasana,avg,1,20260217_113549.mp4,142.951,142.322,28.154,24.796,28.154,24.796,178.885,170.01,109.506,103.422,104.604,74.269,165.418,167.217,95.267,95.492,68.33,136.922,100.315,108.399,98.439,109.506,103.422,179.87,100.315,131.5,110.081,75.04,28.154,24.796,109.506,103.422,179.819,135.171,125.483
padmasana,avg,1,20260217_113549.mp4,125.919,130.97,35.019,39.762,35.019,39.762,173.747,168.022,72.889,80.92,69.568,51.511,160.831,154.84,75.438,72.756,64.209,140.028,125.214,77.299,62.69,72.889,80.92,179.88,125.214,101.546,94.946,83.751,35.019,39.762,72.889,80.92,179.819,103.076,99.637
padmasana,avg,1,20260217_113549.mp4,130.084,133.082,35.943,44.06,35.943,44.06,168.534,176.323,62.712,73.332,51.864,54.631,156.578,161.015,68.204,75.869,58.752,144.273,132.268,68.134,51.853,62.712,73.332,179.893,132.268,93.767,92.993,80.795,35.943,44.06,62.712,73.332,179.836,93.712,95.464
padmasana,avg,1,20260217_113549.mp4,130.257,135.218,30.05,47.053,30.05,47.053,154.696,172.894,70.364,71.664,57.631,46.65,65.97,155.53,91.468,72.756,82.319,119.427,123.255,71.618,46.182,70.364,71.664,179.844,123.255,91.933,102.538,79.756,30.05,47.053,70.364,71.664,179.729,95.307,90.099
padmasana,avg,1,20260217_113549.mp4,131.176,138.488,32.764,43.946,32.764,43.946,159.829,174.401,73.261,80.54,51.791,43.309,99.672,150.998,69.656,59.009,85.456,116.851,124.975,77.634,37.424,73.261,80.54,179.851,124.975,95.192,105.092,76.437,32.764,43.946,73.261,80.54,179.72,97.255,95.377
padmasana,avg,1,20260217_113549.mp4,132.283,139.794,26.039,44.967,26.039,44.967,162.973,174.904,79.837,80.022,51.552,34.447,104.511,158.724,69.647,55.562,99.782,101.418,121.002,80.923,31.401,79.837,80.022,179.848,121.002,97.816,93.793,91.817,26.039,44.967,79.837,80.022,179.693,102.012,96.024
padmasana,avg,1,20260217_113549.mp4,134.889,137.222,36.813,43.602,36.813,43.602,176.588,170.985,79.941,75.946,50.94,34.732,163.773,159.3,82.404,64.853,101.704,98.583,126.18,78.655,32.142,79.941,75.946,179.847,126.18,96.669,88.942,100.158,36.813,43.602,79.941,75.946,179.72,100.679,94.799
padmasana,avg,1,20260217_113549.mp4,138.949,139.79,42.611,48.465,42.611,48.465,175.843,174.869,73.572,70.631,48.983,29.525,122.653,153.806,71.516,57.142,106.258,92.602,137.212,72.503,28.268,73.572,70.631,179.845,137.212,91.821,86.282,105.303,42.611,48.465,73.572,70.631,179.742,95.244,90.485
padmasana,avg,1,20260217_113549.mp4,146.758,144.819,37.501,51.31,37.501,51.31,169.092,170.257,72.054,70.64,48.948,30.259,116.209,146.238,68.836,49.748,105.434,93.744,139.461,71.7,28.498,72.054,70.64,179.842,139.461,90.43,90.368,103.6,37.501,51.31,72.054,70.64,179.738,93.784,88.963
padmasana,avg,1,20260217_113549.mp4,150.025,145.135,35.75,47.061,35.75,47.061,168.493,169.778,68.176,70.96,47.844,30.872,115.852,145.357,67.066,45.188,108.609,92.031,143.713,69.838,28.643,68.176,70.96,179.836,143.713,88.947,92.42,102.868,35.75,47.061,68.176,70.96,179.736,91.898,87.896
padmasana,avg,1,20260217_113549.mp4,145.242,146.439,43.608,46.294,43.608,46.294,171.914,171.225,63.068,67.625,46.776,25.87,114.112,139.894,66.916,38.586,115.369,84.223,146.462,65.71,25.418,63.068,67.625,179.836,146.462,84.373,88.398,107.106,43.608,46.294,63.068,67.625,179.748,86.762,83.997
padmasana,avg,1,20260217_113549.mp4,140.541,148.219,47.355,48.504,47.355,48.504,170.41,169.701,59.271,62.981,49.923,33.616,102.499,118.331,67.816,40.185,115.184,82.728,147.763,61.382,32.446,59.271,62.981,179.838,147.763,78.955,92.131,103.253,47.355,48.504,59.271,62.981,179.75,81.248,78.67
padmasana,avg,1,20260217_113549.mp4,139.217,147.151,46.382,46.375,46.382,46.375,170.334,169.863,60.807,63.741,50.765,35.116,99.961,151.548,66.725,44.367,116.237,81.32,147.677,62.529,33.905,60.807,63.741,179.837,147.677,80.213,94.114,101.675,46.382,46.375,60.807,63.741,179.749,81.987,80.44
padmasana,avg,1,20260217_113549.mp4,141.184,155.352,45.15,48.363,45.15,48.363,171.748,167.375,64.11,68.414,54.95,38.503,94.217,159.411,66.348,50.134,115.171,83.162,144.547,66.588,37.712,64.11,68.414,179.834,144.547,83.824,94.797,99.666,45.15,48.363,64.11,68.414,179.744,85.424,84.063
padmasana,avg,1,20260217_113549.mp4,138.815,150.197,41.394,43.918,41.394,43.918,171.851,168.278,65.118,70.753,54.52,38.877,94.406,160.782,64.73,50.593,114.955,84.243,143.753,68.303,37.776,65.118,70.753,179.834,143.753,85.773,95.383,97.537,41.394,43.918,65.118,70.753,179.736,86.887,86.557
padmasana,avg,1,20260217_113549.mp4,139.45,147.147,44.363,45.168,44.363,45.168,172.098,168.377,63.774,67.16,54.84,37.865,95.278,162.183,63.828,50.339,114.085,85.164,145.203,65.836,37.581,63.774,67.16,179.837,145.203,83.609,93.6,99.236,44.363,45.168,63.774,67.16,179.735,85.827,83.347
padmasana,avg,1,20260217_113549.mp4,140.758,147.909,44.504,44.98,44.504,44.98,171.779,168.839,64.912,68.654,53.655,37.247,95.866,162.49,63.736,49.832,113.874,85.333,143.823,67.18,36.78,64.912,68.654,179.834,143.823,85.062,94.195,98.344,44.504,44.98,64.912,68.654,179.735,87.28,84.739
padmasana,avg,1,3.mp4,144.873,157.871,41.13,29.747,41.13,29.747,168.107,149.633,47.142,77.368,95.879,156.485,170.456,163.622,104.424,105.099,128.451,62.142,150.14,64.928,130.986,47.142,77.368,179.881,150.14,85.079,100.688,95.862,41.13,29.747,47.142,77.368,179.818,81.735,87.144
padmasana,avg,1,3.mp4,133.549,152.15,32.686,15.493,32.686,15.493,160.973,159.369,57.899,100.964,78.343,166.565,153.047,146.441,107.398,79.131,126.194,77.821,122.403,85.473,137.717,57.899,100.964,179.875,122.403,104.079,98.89,97.285,32.686,15.493,57.899,100.964,179.813,92.392,107.787
padmasana,avg,1,3.mp4,134.387,158.246,61.96,24.255,61.96,24.255,165.192,160.852,33.248,101.754,73.866,168.011,159.459,146.013,86.497,68.375,130.108,92.608,126.652,74.447,133.375,33.248,101.754,179.878,126.652,98.895,92.272,107.446,61.96,24.255,33.248,101.754,179.797,72.728,108.726
padmasana,avg,1,3.mp4,132.775,156.516,81.562,19.067,81.562,19.067,152.661,164.643,36.419,105.456,77.07,167.815,157.908,148.307,66.424,69.268,120.516,93.961,127.364,75.723,132.171,36.419,105.456,179.875,127.364,100.229,117.413,111.238,81.562,19.067,36.419,105.456,179.792,77.898,112.67
padmasana,avg,1,3.mp4,137.116,158.095,65.99,31.342,65.99,31.342,164.622,168.811,40.965,94.792,74.954,172.837,168.739,138.002,83.621,69.231,100.235,118.993,135.284,72.172,136.933,40.965,94.792,179.87,135.284,89.73,101.239,107.84,65.99,31.342,40.965,94.792,179.766,72.212,98.751
padmasana,avg,1,3.mp4,143.085,150.712,25.891,15.257,25.891,15.257,174.621,169.037,58.925,106.079,77.903,161.189,133.667,146.103,137.393,71.205,93.148,116.685,123.507,86.152,131.895,58.925,106.079,179.881,123.507,105.596,82.451,98.962,25.891,15.257,58.925,106.079,179.764,90.269,115.836
padmasana,avg,1,3.mp4,113.663,142.269,21.687,40.235,21.687,40.235,141.456,149.939,98.13,64.178,71.811,34.006,131.791,152.896,94.783,95.74,128.921,88.45,83.291,80.393,25.712,98.13,64.178,179.885,83.291,85.491,88.687,98.444,21.687,40.235,98.13,64.178,179.781,94.1,78.073
padmasana,avg,1,3.mp4,120.635,138.154,11.637,34.472,11.637,34.472,142.036,159.18,98.392,67.834,71.065,35.137,156.022,108.922,107.966,93.878,131.364,93.522,79.765,83.303,44.379,98.392,67.834,179.876,79.765,93.11,87.537,102.329,11.637,34.472,98.392,67.834,179.772,96.105,91.529
padmasana,avg,1,3.mp4,119.533,138.986,11.56,20.173,11.56,20.173,146.929,165.144,92.811,78.995,58.589,38.727,149.139,145.085,85.704,81.68,125.785,96.39,83.249,86.932,20.287,92.811,78.995,179.875,83.249,93.067,89.878,102.984,11.56,20.173,92.811,78.995,179.767,97.416,91.059
padmasana,avg,1,3.mp4,120.773,138.543,11.517,18.019,11.517,18.019,150.114,171.644,96.345,87.714,46.388,37.573,150.397,127.428,86.203,89.039,118.085,97.913,84.895,93.544,16.727,96.345,87.714,179.876,84.895,100.397,89.165,105.593,11.517,18.019,96.345,87.714,179.764,102.752,100.768
padmasana,avg,1,3.mp4,129.65,148.293,10.781,15.1,10.781,15.1,146.735,157.209,99.37,98.126,33.544,36.921,132.521,129.586,78.81,93.21,117.987,97.546,90.599,100.984,3.782,99.37,98.126,179.875,90.599,102.236,88.351,104.457,10.781,15.1,99.37,98.126,179.763,105.854,102.249
padmasana,avg,1,3.mp4,139.509,153.121,14.815,17.642,14.815,17.642,137.094,141.556,84.15,73.543,26.852,31.808,124.41,127.534,62.142,75.66,120.755,95.176,126.363,79.868,3.105,84.15,73.543,179.88,126.363,82.671,95.276,100.228,14.815,17.642,84.15,73.543,179.763,94.737,78.533
padmasana,avg,1,3.mp4,159.589,156.71,17.125,12.778,17.125,12.778,127.144,138.604,88.948,84.025,21.943,28.235,133.381,142.295,63.266,62.857,122.009,96.56,129.636,88.223,4.321,88.948,84.025,179.878,129.636,95.133,97.853,95.928,17.125,12.778,88.948,84.025,179.773,111.726,85.529
padmasana,avg,1,3.mp4,151.042,156.618,14.596,18.118,14.596,18.118,160.759,156.306,102.716,99.673,26.452,19.376,135.68,137.049,65.086,48.843,112.229,98.521,130.408,102.926,7.228,102.716,99.673,179.885,130.408,112.926,101.16,97.521,14.596,18.118,102.716,99.673,179.808,116.073,109.393
padmasana,avg,1,3.mp4,150.383,154.681,14.246,16.249,14.246,16.249,161.067,156.139,105.576,100.826,28.812,20.35,137.101,137.474,65.557,49.833,112.722,96.674,130.932,104.885,7.181,105.576,100.826,179.886,130.932,113.132,100.716,98.236,14.246,16.249,105.576,100.826,179.811,115.576,110.436
padmasana,avg,1,3.mp4,148.17,155.144,14.739,15.349,14.739,15.349,164.719,156.253,108.177,101.097,26.619,20.312,139.733,136.919,67.318,49.617,115.636,93.063,132.207,106.243,6.896,108.177,101.097,179.888,132.207,114.762,100.894,98.504,14.739,15.349,108.177,101.097,179.817,119.64,109.335
padmasana,avg,1,3.mp4,148.11,155.293,14.209,15.069,14.209,15.069,164.93,154.68,107.959,101.899,25.803,20.548,141.438,137.154,66.105,49.944,117.002,91.865,133.192,106.587,7.078,107.959,101.899,179.888,133.192,115.731,100.196,98.834,14.209,15.069,107.959,101.899,179.82,119.849,110.636
padmasana,avg,1,3.mp4,148.551,154.264,13.677,14.636,13.677,14.636,166.956,155.414,107.485,102.893,25.342,20.739,142.434,136.771,65.095,49.618,117.149,91.812,133.569,106.87,6.933,107.485,102.893,179.886,133.569,115.955,100.367,98.032,13.677,14.636,107.485,102.893,179.821,119.407,111.36
padmasana,avg,1,3.mp4,148.484,154.49,13.603,14.373,13.603,14.373,167.173,154.554,107.922,102.904,28.639,20.779,138.21,135.498,64.896,50.316,117.057,91.945,134.329,107.111,7.631,107.922,102.904,179.89,134.329,116.108,100.498,97.65,13.603,14.373,107.922,102.904,179.823,119.334,111.59
padmasana,avg,1,3.mp4,146.711,158.556,12.996,16.259,12.996,16.259,167.828,152.35,105.818,102.144,27.88,19.786,141.877,133.924,64.774,47.422,117.281,91.528,135.132,105.539,7.136,105.818,102.144,179.888,135.132,114.436,100.534,97.09,12.996,16.259,105.818,102.144,179.822,116.282,111.674
padmasana,avg,1,3.mp4,147.247,156.832,12.762,15.911,12.762,15.911,166.693,155.372,106.337,101.154,27.788,20.066,140.484,133.721,66.301,49.457,117.545,91.459,136.507,105.323,6.859,106.337,101.154,179.886,136.507,113.877,99.844,97.79,12.762,15.911,106.337,101.154,179.824,116.702,109.963
padmasana,avg,1,3.mp4,146.975,155.153,12.622,15.921,12.622,15.921,165.514,156.453,105.825,101.27,26.738,20.044,140.933,134.716,65.58,49.337,117.141,91.242,136.183,105.115,6.926,105.825,101.27,179.885,136.183,114.024,99.766,97.759,12.622,15.921,105.825,101.27,179.824,117.101,109.795
padmasana,avg,1,3.mp4,146.253,153.42,12.321,16.573,12.321,16.573,165.71,157.293,105.317,100.229,27.718,19.971,138.212,134.695,65.586,49.497,117.082,91.23,137.028,104.259,7.367,105.317,100.229,179.89,137.028,113.584,100.099,97.559,12.321,16.573,105.317,100.229,179.828,116.83,109.13
padmasana,avg,1,3.mp4,148.687,152.494,12.592,17.117,12.592,17.117,166.178,158.275,105.156,99.895,27.093,20.52,138.662,134.312,64.894,48.331,115.964,92.344,137.444,104.033,7.341,105.156,99.895,179.89,137.444,113.29,100.101,97.172,12.592,17.117,105.156,99.895,179.826,116.533,108.981
padmasana,avg,1,3.mp4,142.806,145.21,11.925,14.659,11.925,14.659,170.407,163.413,108.361,104.585,26.442,21.714,135.832,131.646,61.458,46.985,114.917,93.438,131.996,108.136,7.615,108.361,104.585,179.881,131.996,117.364,100.489,95.877,11.925,14.659,108.361,104.585,179.823,120.228,113.133
padmasana,avg,1,3.mp4,132.5,138.876,12.997,16.562,12.997,16.562,171.516,168.224,110.228,107.639,27.755,23.216,134.229,130.678,58.083,48.251,110.951,97.475,127.667,110.785,7.928,110.228,107.639,179.885,127.667,119.513,100.773,93.637,12.997,16.562,110.228,107.639,179.818,121.342,116.148
padmasana,avg,1,3.mp4,145.919,142.426,29.942,27.359,29.942,27.359,171.411,171.762,109.156,105.438,28.133,22.662,127.69,131.719,52.716,47.972,108.216,100.016,128.265,109.093,7.896,109.156,105.438,179.885,128.265,117.731,99.422,91.463,29.942,27.359,109.156,105.438,179.815,120.347,114.107
padmasana,avg,1,avg.mp4,133.966,133.043,37.032,35.098,37.032,35.098,176.454,175.395,77.728,74.297,36.85,29.685,124.274,142.588,63.471,51.001,106.374,99.593,135.647,76.849,20.82,77.728,74.297,179.84,135.647,91.25,95.78,85.588,37.032,35.098,77.728,74.297,179.754,92.234,91.72
padmasana,avg,1,avg.mp4,132.29,132.236,37.528,37.966,37.528,37.966,175.761,171.419,77.772,75.461,36.156,25.281,111.508,126.918,58.797,42.168,105.723,101.128,134.521,77.388,19.884,77.772,75.461,179.845,134.521,93.456,96.486,87.609,37.528,37.966,77.772,75.461,179.738,95.072,93.406
padmasana,avg,1,avg.mp4,132.562,129.958,34.892,33.752,34.892,33.752,176.027,170.689,81.277,73.687,37.915,27.643,122.943,131.539,63.086,39.268,107.193,102.769,134.201,78.64,22.654,81.277,73.687,179.838,134.201,95.741,97.666,86.703,34.892,33.752,81.277,73.687,179.73,97.367,95.296
padmasana,avg,1,avg.mp4,130.053,133.829,43.832,48.15,43.832,48.15,177.083,175.389,69.266,57.35,38.782,31.45,120.368,118.208,58.126,34.808,107.003,104.155,145.021,63.834,26.163,69.266,57.35,179.832,145.021,82.328,97.684,87.414,43.832,48.15,69.266,57.35,179.73,84.423,82.324
padmasana,avg,1,avg.mp4,129.613,135.4,41.729,51.665,41.729,51.665,175.256,173.462,72.263,55.485,41.312,30.879,115.648,99.486,57.814,46.185,109.313,103.665,144.942,64.334,31.27,72.263,55.485,179.832,144.942,86.793,92.777,94.03,41.729,51.665,72.263,55.485,179.729,88.417,87.11
padmasana,avg,1,avg.mp4,127.926,133.157,37.787,51.394,37.787,51.394,175.649,166.55,73.802,50.905,39.278,26.428,112.334,106.683,58.091,56.698,112.847,104.764,141.254,63.574,31.37,73.802,50.905,179.831,141.254,90.188,93.39,93.713,37.787,51.394,73.802,50.905,179.729,91.372,90.898
padmasana,avg,1,avg.mp4,126.537,133.057,38.152,52.328,38.152,52.328,171.506,165.397,75.701,49.568,43.216,26.4,109.387,126.329,60.957,65.735,119.131,99.331,139.181,64.135,31.296,75.701,49.568,179.834,139.181,88.437,94.257,94.705,38.152,52.328,75.701,49.568,179.729,92.939,84.058
padmasana,avg,1,avg.mp4,119.96,118.932,37.922,45.646,37.922,45.646,158.955,152.61,82.682,59.3,44.432,36.624,112.524,134.888,60.963,51.615,117.611,98.423,129.093,72.737,25.826,82.682,59.3,179.838,129.093,86.872,92.524,99.694,37.922,45.646,82.682,59.3,179.728,98.382,74.53
padmasana,avg,1,avg.mp4,122.696,122.733,25.241,27.703,25.241,27.703,173.526,166.225,94.115,85.565,44.481,39.169,111.629,137.428,59.443,66.645,113.065,95.651,117.365,91.485,19.592,94.115,85.565,179.833,117.365,101.23,91.617,96.06,25.241,27.703,94.115,85.565,179.71,110.336,92.597
padmasana,avg,1,avg.mp4,116.628,122.782,28.788,27.333,28.788,27.333,164.319,169.791,88.914,84.77,44.621,36.579,110.684,120.624,61.839,70.739,114.512,94.57,125.452,88.259,22.312,88.914,84.77,179.836,125.452,100.08,93.404,96.991,28.788,27.333,88.914,84.77,179.72,105.868,95.065
padmasana,avg,1,avg.mp4,121.451,126.07,43.351,46.098,43.351,46.098,168.483,171.721,70.002,71.427,46.354,34.315,111.526,126.163,63.361,59.523,114.333,94.554,140.006,71.389,22.289,70.002,71.427,179.837,140.006,83.187,91.975,96.082,43.351,46.098,70.002,71.427,179.725,86.95,81.045
padmasana,avg,1,avg.mp4,131.129,128.222,39.615,50.986,39.615,50.986,167.463,172.368,66.697,71.992,53.419,30.441,104.956,127.465,75.954,44.727,114.913,95.303,144.348,69.75,28.418,66.697,71.992,179.831,144.348,85.394,93.02,93.148,39.615,50.986,66.697,71.992,179.724,84.23,89.742
padmasana,avg,1,avg.mp4,135.807,131.424,29.216,34.624,29.216,34.624,173.048,174.039,81.93,95.37,31.592,26.633,112.99,134.317,65.224,51.06,113.543,97.984,125.613,89.933,18.143,81.93,95.37,179.83,125.613,107.194,93.174,92.917,29.216,34.624,81.93,95.37,179.716,110.576,104.391
padmasana,avg,1,avg.mp4,130.833,130.804,8.711,15.136,8.711,15.136,169.029,162.546,99.381,115.078,26.758,29.118,135.841,142.28,63.314,56.502,111.526,102.447,105.309,109.958,12.281,99.381,115.078,179.837,105.309,121.43,90.828,95.478,8.711,15.136,99.381,115.078,179.719,124.675,119.711
padmasana,avg,1,avg.mp4,124.574,117.397,8.664,16.848,8.664,16.848,164.349,153.764,98.119,112.231,31.599,25.583,116.39,148.689,60.107,61.167,110.07,102.069,106.396,107.75,11.457,98.119,112.231,179.839,106.396,118.148,88.146,98.468,8.664,16.848,98.119,112.231,179.722,122.752,114.779
padmasana,avg,1,avg.mp4,123.44,121.3,11.593,13.935,11.593,13.935,167.294,151.623,102.23,113.946,30.518,27.318,126.491,143.131,55.158,50.779,108.515,102.056,104.44,110.56,10.363,102.23,113.946,179.84,104.44,119.563,93.127,94.386,11.593,13.935,102.23,113.946,179.728,120.754,119.252
padmasana,avg,1,avg.mp4,123.804,124.903,11.955,10.01,11.955,10.01,166.939,164.781,109.082,118.005,29.653,29.161,129.596,136.371,90.837,48.297,107.103,102.885,99.738,116.19,3.835,109.082,118.005,179.842,99.738,119.142,94.19,97.151,11.955,10.01,109.082,118.005,179.734,118.766,119.769
padmasana,avg,1,avg.mp4,131.455,135.656,15.316,15.106,15.316,15.106,163.025,171.727,99.389,110.132,25.823,28.695,126.371,136.148,76.417,53.99,109.262,101.876,111.578,107.1,4.349,99.389,110.132,179.839,111.578,111.191,97.642,95.009,15.316,15.106,99.389,110.132,179.731,110.973,112.628
padmasana,avg,1,avg.mp4,131.71,140.674,16.314,18.09,16.314,18.09,162.452,172.496,96.483,108.847,24.451,28.415,128.558,132.809,73.18,52.009,110.401,100.59,113.637,104.883,4.172,96.483,108.847,179.838,113.637,108.954,99.402,92.128,16.314,18.09,96.483,108.847,179.732,106.205,112.717
padmasana,avg,1,avg.mp4,132.056,136.846,16.396,17.38,16.396,17.38,163.114,171.019,95.869,102.989,24.78,27.769,129.597,132.055,78.122,54.945,111.902,99.473,117.03,101.511,3.658,95.869,102.989,179.839,117.03,105.149,97.391,96.611,16.396,17.38,95.869,102.989,179.738,103.794,107.622
padmasana,avg,1,avg.mp4,124.803,135.626,17.377,20.913,17.377,20.913,166.566,163.842,88.907,95.202,25.246,25.453,127.835,134.123,73.05,56.01,114.514,97.328,126.387,93.842,4.037,88.907,95.202,179.838,126.387,98.262,97.253,96.714,17.377,20.913,88.907,95.202,179.741,97.99,100.719
padmasana,avg,1,avg.mp4,125.478,135.981,19.056,22.041,19.056,22.041,167.38,165.143,87.815,94.502,24.467,25.905,128.505,134.239,69.182,53.136,114.916,97.02,127.412,92.869,4.221,87.815,94.502,179.842,127.412,97.575,97.34,96.511,19.056,22.041,87.815,94.502,179.741,96.824,100.525
padmasana,avg,1,avg.mp4,124.91,134.237,22.218,26.869,22.218,26.869,167.511,167.369,84.362,90.517,24.465,24.364,130.042,134.327,67.573,52.58,114.801,96.49,131.133,88.92,4.367,84.362,90.517,179.839,131.133,93.902,96.802,96.969,22.218,26.869,84.362,90.517,179.74,93.101,97.339
padmasana,avg,1,avg.mp4,125.465,134.299,23.172,26.083,23.172,26.083,167.856,167.42,84.316,90.666,22.735,24.347,130.522,134.644,56.806,52.014,115.298,95.929,130.89,88.939,5.521,84.316,90.666,179.839,130.89,95.497,96.425,96.978,23.172,26.083,84.316,90.666,179.742,95.852,97.766
padmasana,avg,1,avg.mp4,128.933,133.995,22.377,24.104,22.377,24.104,165.365,166.814,85.661,92.233,23.708,24.744,131.008,134.249,59.14,52.754,115.584,95.658,130.033,90.436,5.471,85.661,92.233,179.839,130.033,96.724,94.84,98.307,22.377,24.104,85.661,92.233,179.745,96.654,99.14
padmasana,avg,1,avg.mp4,129.044,133.91,20.91,23.895,20.91,23.895,163.281,167.173,86.1,93.119,24.137,23.451,130.85,136.785,61.505,56.049,115.762,95.27,129.863,91.168,5.114,86.1,93.119,179.838,129.863,97.207,94.884,98.384,20.91,23.895,86.1,93.119,179.746,97.207,99.514
padmasana,avg,1,avg.mp4,127.668,134.593,20.079,23.859,20.079,23.859,162.834,167.07,86.382,92.985,23.413,22.59,131.664,136.672,62.084,63.748,115.546,94.883,129.88,91.224,4.78,86.382,92.985,179.838,129.88,97.118,95.496,97.667,20.079,23.859,86.382,92.985,179.745,97.086,99.501
padmasana,avg,1,avg.mp4,125.282,134.534,18.8,24.154,18.8,24.154,162.775,167.405,86.412,93.871,23.347,21.974,133.243,138.386,62.981,57.824,115.097,94.536,129.578,91.671,4.013,86.412,93.871,179.84,129.578,96.643,95.455,97.581,18.8,24.154,86.412,93.871,179.747,96.054,99.566
padmasana,avg,1,avg.mp4,124.744,135.999,17.02,23.36,17.02,23.36,163.376,166.137,88.582,96.011,23.897,22.608,133.399,138.228,64.594,57.145,114.932,94.483,127.74,93.915,3.422,88.582,96.011,179.839,127.74,97.988,95.259,97.894,17.02,23.36,88.582,96.011,179.748,97.726,100.432
padmasana,avg,1,avg.mp4,124.909,133.993,29.104,33.622,29.104,33.622,163.925,165.66,75.847,83.692,22.821,21.875,134.563,138.476,61.082,55.189,114.927,95.1,138.186,80.903,4.172,75.847,83.692,179.842,138.186,86.181,95.911,96.868,29.104,33.622,75.847,83.692,179.748,86.271,89.69
padmasana,avg,1,avg.mp4,125.317,134.688,24.717,29.49,24.717,29.49,163.68,166.171,80.547,88.495,23.012,22.147,132.498,137.707,59.728,55.011,114.892,95.084,133.88,85.845,4.466,80.547,88.495,179.838,133.88,91.436,96.271,96.855,24.717,29.49,80.547,88.495,179.748,91.639,94.24
padmasana,avg,1,avg.mp4,125.191,134.585,25.138,29.293,25.138,29.293,164.315,166.176,80.541,88.977,23.248,21.873,133.076,138.312,59.912,55.408,114.882,95.049,133.687,86.105,4.339,80.541,88.977,179.838,133.687,91.557,96.762,96.528,25.138,29.293,80.541,88.977,179.747,92.031,94.127
padmasana,avg,1,avg.mp4,126.062,134.371,24.018,28.28,24.018,28.28,162.918,166.218,80.53,89.649,24.479,21.778,132.258,138.793,60.845,56.217,114.7,95.987,133.131,86.534,4.261,80.53,89.649,179.84,133.131,91.76,97.243,96.228,24.018,28.28,80.53,89.649,179.748,91.796,94.701
padmasana,avg,1,avg.mp4,126.005,135.612,22.08,28.095,22.08,28.095,161.608,166.335,83.32,91.194,24.795,23.678,131.022,136.481,64.524,55.969,114.685,95.865,130.55,88.749,4.309,83.32,91.194,179.84,130.55,93.642,96.631,97.377,22.08,28.095,83.32,91.194,179.747,94.4,95.592
padmasana,avg,1,avg.mp4,124.295,136.249,15.732,21.729,15.732,21.729,160.537,165.891,91.695,99.531,25.044,25.357,131.22,135.51,74.299,55.064,112.849,96.939,120.981,97.337,3.493,91.695,99.531,179.84,120.981,100.963,97.026,98.231,15.732,21.729,91.695,99.531,179.747,100.879,102.776
padmasana,avg,1,avg.mp4,121.31,138.245,17.667,24.201,17.667,24.201,168.015,166.677,90.005,97.445,25.265,26.413,130.569,135.468,73.717,55.364,112.324,98.106,122.216,95.366,3.752,90.005,97.445,179.84,122.216,99.191,96.882,98.828,17.667,24.201,90.005,97.445,179.747,99.47,100.822
padmasana,avg,1,avg.mp4,124.233,139.146,14.545,16.551,14.545,16.551,159.011,157.583,98.017,108.994,27.032,28.288,127.526,133.438,77.924,53.605,111.649,99.327,111.667,105.633,3.3,98.017,108.994,179.838,111.667,108.682,97.339,97.303,14.545,16.551,98.017,108.994,179.744,106.949,111.123
padmasana,avg,1,padma_avg_01.mp4,139.454,167.436,58.584,76.507,58.584,76.507,177.206,173.351,66.653,68.489,158.028,160.101,158.771,159.546,124.059,129.079,106.525,73.876,114.607,67.281,159.574,66.653,68.489,179.923,114.607,77.158,104.037,98.754,58.584,76.507,66.653,68.489,179.886,76.493,78.774
padmasana,avg,1,padma_avg_01.mp4,127.981,154.259,65.539,74.638,65.539,74.638,170.846,169.575,41.859,61.158,152.122,163.195,164.634,153.987,128.344,123.609,108.073,76.64,136.758,50.366,159.055,41.859,61.158,179.923,136.758,58.563,106.763,92.743,65.539,74.638,41.859,61.158,179.869,53.129,67.549
padmasana,avg,1,padma_avg_01.mp4,119.297,132.805,39.911,77.431,39.911,77.431,147.707,171.91,32.429,47.285,96.098,153.159,150.882,166.66,132.375,136.887,97.211,92.345,146.533,39.465,132.751,32.429,47.285,179.926,146.533,50.355,102.666,96.554,39.911,77.431,32.429,47.285,179.857,49.037,55.112
padmasana,avg,1,padma_avg_01.mp4,109.872,143.656,36.198,69.044,36.198,69.044,158.372,164.16,75.327,83.638,113.871,176.291,165.403,159.015,144.446,137.271,108.051,82.627,103.963,81.944,156.506,75.327,83.638,179.921,103.963,88.507,115.649,111.762,36.198,69.044,75.327,83.638,179.866,92.818,85.336
padmasana,avg,1,padma_avg_01.mp4,142.241,130.658,62.561,117.466,62.561,117.466,130.07,160.087,19.006,39.011,114.082,177.781,162.728,155.267,116.345,128.137,126.295,78.078,156.113,30.744,156.21,19.006,39.011,179.921,156.113,35.879,118.31,123.317,62.561,117.466,19.006,39.011,179.88,31.786,40.073
padmasana,avg,1,padma_avg_01.mp4,115.238,124.742,39.385,82.708,39.385,82.708,163.147,174.727,55.532,79.043,107.942,175.743,178.677,157.143,136.054,130.533,121.182,79.894,114.271,72.101,152.64,55.532,79.043,179.926,114.271,77.93,112.838,125.211,39.385,82.708,55.532,79.043,179.885,75.694,80.782
padmasana,avg,1,padma_avg_01.mp4,119.414,130.42,38.744,51.138,38.744,51.138,162.073,169.824,83.433,113.671,102.559,172.721,171.837,159.071,154.116,127.896,121.087,80.949,80.438,105.335,149.383,83.433,113.671,179.921,80.438,111.083,115.078,117.539,38.744,51.138,83.433,113.671,179.886,102.424,116.407
padmasana,avg,1,padma_avg_01.mp4,120.211,127.08,44.177,62.414,44.177,62.414,169.816,168.961,72.181,88.76,86.018,174.695,144.753,147.058,121.96,112.81,123.338,77.505,103.311,84.242,149.936,72.181,88.76,179.926,103.311,87.585,107.616,119.335,44.177,62.414,72.181,88.76,179.885,85.05,91.002
padmasana,avg,1,padma_avg_01.mp4,130.621,137.945,90.706,118.808,90.706,118.808,170.284,169.783,28.571,29.974,54.598,150.967,151.451,139.455,98.799,82.245,100.346,100.731,159.136,29.528,115.99,28.571,29.974,179.923,159.136,33.789,112.533,105.971,90.706,118.808,28.571,29.974,179.857,36.504,35.856
padmasana,avg,1,padma_avg_01.mp4,99.886,131.038,54.977,111.865,54.977,111.865,166.616,167.04,35.069,31.936,36.484,80.867,169.302,169.096,87.972,54.144,80.115,130.062,156.384,33.864,42.021,35.069,31.936,179.921,156.384,41.968,111.548,101.655,54.977,111.865,35.069,31.936,179.87,50.524,41.519
padmasana,avg,1,padma_avg_01.mp4,70.039,118.583,24.295,75.936,24.295,75.936,158.571,177.602,40.082,40.807,55.456,54.046,170.341,149.95,102.736,62.734,92.367,120.033,148.999,41.258,28.908,40.082,40.807,179.918,148.999,47.222,94.745,96.02,24.295,75.936,40.082,40.807,179.86,50.407,53.237
padmasana,avg,1,padma_avg_01.mp4,85.72,118.296,26.432,61.357,26.432,61.357,153.695,174.084,50.982,38.897,32.852,51.555,173.01,168.825,83.417,80.464,94.397,120.813,145.825,44.736,17.166,50.982,38.897,179.918,145.825,51.804,111.508,92.821,26.432,61.357,50.982,38.897,179.851,67.313,47.087
padmasana,avg,1,padma_avg_04.mp4,130.882,152.184,54.313,63.275,54.313,63.275,156.673,139.488,44.701,43.873,169.947,174.644,162.995,158.246,135.944,131.039,86.377,93.764,149.445,42.915,172.51,44.701,43.873,179.934,149.445,46.441,106.469,103.953,54.313,63.275,44.701,43.873,179.885,49.499,46.359
padmasana,avg,1,padma_avg_04.mp4,150.397,160.221,89.205,80.118,89.205,80.118,163.512,145.565,40.831,42.561,174.092,178.08,161.609,155.237,131.905,120.734,86.556,93.083,156.932,40.696,176.326,40.831,42.561,179.929,156.932,42.761,99.476,102.868,89.205,80.118,40.831,42.561,179.886,44.183,43.596
padmasana,avg,1,padma_avg_04.mp4,167.207,160.863,73.079,50.324,73.079,50.324,165.944,162.883,85.756,93.032,158.303,175.597,165.34,157.821,138.041,134.551,91.19,91.453,101.537,89.928,167.962,85.756,93.032,179.929,101.537,95.889,94.165,101.202,73.079,50.324,85.756,93.032,179.885,96.362,95.348
padmasana,avg,1,padma_avg_04.mp4,166.192,164.358,87.498,59.807,87.498,59.807,170.791,159.351,68.109,83.135,153.181,177.807,171.846,155.108,154.184,128.819,92.51,94.72,117.77,76.369,168.253,68.109,83.135,179.926,117.77,81.863,91.974,98.567,87.498,59.807,68.109,83.135,179.876,80.979,83.881
padmasana,avg,1,padma_avg_04.mp4,167.804,169.91,96.628,74.517,96.628,74.517,175.059,162.329,54.422,74.51,136.28,178.07,158.502,157.206,134.781,133.694,101.888,93.762,124.501,66.606,163.874,54.422,74.51,179.929,124.501,72.0,86.45,99.729,96.628,74.517,54.422,74.51,179.875,71.273,75.054
padmasana,avg,1,padma_avg_04.mp4,164.813,161.73,101.599,69.124,101.599,69.124,170.083,164.442,44.523,74.431,106.752,178.423,168.524,158.597,169.945,123.946,100.577,106.935,126.321,62.394,153.936,44.523,74.431,179.929,126.321,67.415,98.079,97.3,101.599,69.124,44.523,74.431,179.872,62.017,75.201
padmasana,avg,1,padma_avg_04.mp4,150.823,141.575,95.682,51.729,95.682,51.729,159.218,165.208,44.145,82.403,93.994,177.447,176.994,150.144,147.908,114.106,89.716,130.07,122.559,66.813,148.092,44.145,82.403,179.931,122.559,71.509,113.093,98.856,95.682,51.729,44.145,82.403,179.87,62.611,82.892
padmasana,avg,1,padma_avg_04.mp4,138.125,143.986,123.466,90.95,123.466,90.95,161.631,167.522,30.112,38.577,105.111,175.411,167.564,157.825,127.366,123.704,94.153,120.78,154.199,32.88,152.607,30.112,38.577,179.926,154.199,36.42,115.427,105.714,123.466,90.95,30.112,38.577,179.872,32.66,41.037
padmasana,avg,1,padma_avg_04.mp4,136.564,144.168,123.329,89.046,123.329,89.046,169.374,167.97,27.239,40.074,104.62,174.262,164.128,156.909,134.014,120.736,93.392,117.463,153.345,32.712,151.36,27.239,40.074,179.931,153.345,37.322,118.931,105.513,123.329,89.046,27.239,40.074,179.875,33.752,43.171
padmasana,avg,1,padma_avg_04.mp4,127.682,134.423,114.609,78.088,114.609,78.088,166.67,166.755,31.098,43.615,95.995,173.831,171.138,157.276,160.729,122.047,85.153,122.921,149.992,37.419,149.333,31.098,43.615,179.931,149.992,41.548,123.315,111.273,114.609,78.088,31.098,43.615,179.88,40.4,46.746
padmasana,avg,1,padma_avg_04.mp4,137.836,149.501,74.705,102.438,74.705,102.438,170.585,177.374,67.101,42.657,39.403,48.242,155.64,165.171,69.979,63.643,76.886,133.065,135.546,54.499,17.488,67.101,42.657,179.934,135.546,60.557,99.098,107.135,74.705,102.438,67.101,42.657,179.895,78.09,54.718
padmasana,avg,1,padma_avg_04.mp4,140.652,150.452,91.791,101.756,91.791,101.756,175.463,176.8,51.635,31.47,25.751,37.195,156.008,152.348,60.283,77.694,99.42,114.269,151.373,39.272,11.783,51.635,31.47,179.941,151.373,47.528,81.833,103.332,91.791,101.756,51.635,31.47,179.881,65.084,42.516
padmasana,avg,1,padma_avg_04.mp4,112.293,124.661,46.379,56.857,46.379,56.857,167.383,170.798,54.686,60.093,29.913,22.719,147.295,138.442,64.945,58.951,108.759,107.289,132.657,59.304,2.38,54.686,60.093,179.937,132.657,59.617,109.478,104.055,46.379,56.857,54.686,60.093,179.888,66.616,73.979
padmasana,avg,1,padma_avg_04.mp4,118.392,121.9,47.415,50.928,47.415,50.928,165.759,168.409,56.585,62.465,30.085,23.137,147.137,138.057,67.073,59.797,108.266,108.051,130.389,61.605,2.293,56.585,62.465,179.941,130.389,61.976,108.935,104.177,47.415,50.928,56.585,62.465,179.89,68.626,76.332
padmasana,avg,1,padma_avg_04.mp4,111.243,124.296,32.341,44.326,32.341,44.326,164.932,166.871,69.416,73.942,30.641,23.92,147.141,135.941,75.076,68.458,109.898,109.218,118.417,75.426,2.826,69.416,73.942,179.937,118.417,76.034,105.606,103.188,32.341,44.326,69.416,73.942,179.886,82.38,89.063
padmasana,avg,1,padma_avg_04.mp4,110.567,124.184,28.532,42.516,28.532,42.516,164.375,167.408,76.38,78.455,31.289,23.481,147.963,136.555,82.576,75.722,110.625,109.73,113.48,81.906,3.383,76.38,78.455,179.944,113.48,82.875,104.491,104.79,28.532,42.516,76.38,78.455,179.89,90.174,94.0
padmasana,avg,1,padma_avg_05.mp4,165.148,160.519,4.179,8.451,4.179,8.451,159.674,177.836,148.629,154.348,140.676,155.0,147.682,153.116,118.075,123.131,104.47,80.899,50.107,153.665,148.626,148.629,154.348,179.892,50.107,166.479,69.636,98.826,4.179,8.451,148.629,154.348,179.814,161.216,165.494
padmasana,avg,1,padma_avg_05.mp4,167.765,162.727,13.671,9.09,13.671,9.09,160.598,175.974,137.942,155.668,106.274,144.331,146.876,170.524,117.744,122.539,108.947,79.638,50.679,149.106,126.938,137.942,155.668,179.89,50.679,166.354,71.746,101.598,13.671,9.09,137.942,155.668,179.807,158.269,168.299
padmasana,avg,1,padma_avg_05.mp4,162.783,157.912,17.488,18.529,17.488,18.529,170.834,175.345,118.739,144.028,77.475,136.301,159.942,164.316,127.014,103.924,111.542,88.365,59.13,135.866,110.917,118.739,144.028,179.883,59.13,155.735,74.596,105.081,17.488,18.529,118.739,144.028,179.799,146.241,158.053
padmasana,avg,1,padma_avg_05.mp4,149.486,154.87,41.785,37.347,41.785,37.347,169.943,175.026,97.199,121.747,67.784,147.861,165.421,154.783,127.948,99.93,117.607,97.913,74.131,117.869,117.061,97.199,121.747,179.888,74.131,131.962,87.848,114.943,41.785,37.347,97.199,121.747,179.798,123.08,132.939
padmasana,avg,1,padma_avg_05.mp4,134.27,148.978,59.252,41.473,59.252,41.473,171.492,176.929,81.253,115.738,69.548,148.103,169.008,143.848,133.189,97.135,116.242,103.83,85.356,106.264,116.059,81.253,115.738,179.883,85.356,117.883,108.362,111.89,59.252,41.473,81.253,115.738,179.807,101.799,126.471
padmasana,avg,1,padma_avg_05.mp4,131.613,144.489,66.435,43.698,66.435,43.698,156.46,176.679,75.94,110.294,75.082,146.02,171.507,144.749,117.857,95.506,114.69,105.091,91.363,100.65,119.971,75.94,110.294,179.881,91.363,110.382,112.121,110.803,66.435,43.698,75.94,110.294,179.802,91.889,121.527
padmasana,avg,1,padma_avg_05.mp4,118.014,131.979,59.642,51.353,59.642,51.353,152.461,173.151,73.702,107.11,56.109,140.311,172.798,140.761,131.718,90.557,110.695,115.628,93.662,98.017,109.065,73.702,107.11,179.885,93.662,108.428,120.114,119.194,59.642,51.353,73.702,107.11,179.801,89.254,119.233
padmasana,avg,1,padma_avg_05.mp4,98.16,123.974,65.609,75.658,65.609,75.658,164.004,174.727,60.423,58.931,30.161,118.611,164.848,136.787,98.764,83.301,107.977,117.291,137.99,59.948,75.569,60.423,58.931,179.885,137.99,69.322,120.825,123.52,65.609,75.658,60.423,58.931,179.8,63.707,75.005
padmasana,avg,1,padma_avg_05.mp4,102.206,119.819,64.779,79.309,64.779,79.309,163.375,174.325,60.918,49.915,11.167,118.288,165.65,135.682,76.02,80.231,107.777,121.451,147.189,53.667,60.521,60.918,49.915,179.89,147.189,67.296,111.971,121.571,64.779,79.309,60.918,49.915,179.804,107.532,67.31
padmasana,avg,1,padma_avg_05.mp4,123.621,146.197,59.288,82.584,59.288,82.584,166.677,166.53,81.949,77.565,7.662,113.018,170.485,141.843,71.797,72.277,99.745,134.323,117.855,84.1,53.38,81.949,77.565,179.892,117.855,102.019,106.293,115.827,59.288,82.584,81.949,77.565,179.812,125.426,96.119
padmasana,avg,1,padma_avg_05.mp4,117.642,131.084,38.66,36.583,38.66,36.583,164.006,173.885,104.908,106.785,16.547,86.426,171.664,141.645,100.847,63.264,99.95,138.326,81.59,117.134,53.243,104.908,106.785,179.888,81.59,131.46,114.07,109.775,38.66,36.583,104.908,106.785,179.818,124.84,130.242
padmasana,avg,1,padma_avg_05.mp4,120.664,144.676,38.897,19.907,38.897,19.907,174.724,172.479,116.46,106.208,27.852,62.062,174.793,151.6,97.877,99.075,133.023,106.896,74.449,124.402,30.783,116.46,106.208,179.897,74.449,134.118,102.472,108.672,38.897,19.907,116.46,106.208,179.821,134.276,129.603
padmasana,avg,1,padma_avg_05.mp4,100.527,139.327,33.055,40.636,33.055,40.636,155.407,174.301,99.687,68.46,28.261,46.818,165.759,167.565,89.986,106.13,139.428,99.569,107.863,89.807,17.682,99.687,68.46,179.903,107.863,100.068,106.778,101.258,33.055,40.636,99.687,68.46,179.825,114.087,92.451
padmasana,avg,1,padma_avg_05.mp4,126.508,127.054,66.568,64.91,66.568,64.91,170.314,170.664,49.872,48.253,28.342,30.595,148.97,117.758,85.718,61.878,124.035,119.003,154.444,47.541,1.533,49.872,48.253,179.897,154.444,48.804,110.604,107.338,66.568,64.91,49.872,48.253,179.83,65.132,60.91
padmasana,avg,1,padma_avg_05.mp4,130.455,129.993,58.116,56.389,58.116,56.389,161.005,159.374,52.16,49.28,25.167,28.563,149.094,123.357,90.062,66.014,127.761,116.447,152.955,49.425,1.761,52.16,49.28,179.895,152.955,51.671,115.394,110.788,58.116,56.389,52.16,49.28,179.83,72.122,61.838
padmasana,avg,1,padma_avg_05.mp4,125.953,132.193,55.827,57.571,55.827,57.571,161.077,157.612,52.118,50.039,25.913,28.077,148.488,124.257,89.552,67.043,127.769,115.628,152.692,49.967,1.4,52.118,50.039,179.897,152.692,51.754,117.649,111.698,55.827,57.571,52.118,50.039,179.83,70.108,63.203
padmasana,avg,1,padma_avg_05.mp4,131.245,133.944,59.942,58.398,59.942,58.398,155.458,157.017,49.559,49.461,25.42,27.441,150.82,122.716,88.17,65.697,127.288,114.462,154.543,48.05,1.485,49.559,49.461,179.899,154.543,50.058,118.452,111.43,59.942,58.398,49.559,49.461,179.832,67.46,63.038
padmasana,avg,1,padma_avg_05.mp4,126.97,131.725,58.056,55.633,58.056,55.633,161.542,156.173,50.376,49.228,25.671,27.457,149.311,124.25,86.063,67.095,127.585,114.311,153.955,48.476,1.389,50.376,49.228,179.897,153.955,50.343,119.142,110.46,58.056,55.633,50.376,49.228,179.83,68.26,62.814
padmasana,avg,1,padma_avg_05.mp4,127.639,132.927,59.421,56.663,59.421,56.663,162.376,154.879,48.234,46.818,25.937,26.971,148.378,125.82,84.267,67.678,126.963,113.478,156.115,45.575,1.657,48.234,46.818,179.897,156.115,47.825,119.503,110.309,59.421,56.663,48.234,46.818,179.829,65.377,60.789
padmasana,avg,1,padma_avg_05.mp4,127.578,133.9,59.792,58.745,59.792,58.745,162.832,156.686,48.319,47.027,27.638,27.185,150.95,125.846,88.05,68.271,127.136,112.963,155.835,45.885,1.411,48.319,47.027,179.897,155.835,47.65,119.578,110.499,59.792,58.745,48.319,47.027,179.829,63.427,60.771
padmasana,avg,1,padma_avg_05.mp4,127.412,131.982,59.966,57.987,59.966,57.987,163.266,158.296,48.46,47.38,27.576,27.541,151.235,124.949,90.151,67.679,126.793,112.814,155.03,46.335,1.387,48.46,47.38,179.895,155.03,48.036,119.727,110.674,59.966,57.987,48.46,47.38,179.826,63.616,60.898
padmasana,avg,1,padma_avg_05.mp4,126.818,134.979,61.195,65.172,61.195,65.172,161.435,158.41,46.962,44.582,24.853,24.785,152.975,128.609,92.316,69.749,127.422,114.003,159.547,42.687,2.347,46.962,44.582,179.897,159.547,46.355,120.09,111.578,61.195,65.172,46.962,44.582,179.829,63.663,62.389
padmasana,avg,1,temp_VID20260218162643.mp4,65.185,53.356,51.272,106.841,51.272,106.841,126.318,60.092,138.392,147.343,167.11,141.072,134.912,152.923,54.388,43.797,56.698,140.098,155.392,146.982,155.0,138.392,147.343,179.909,155.392,144.384,139.107,112.007,51.272,106.841,138.392,147.343,179.842,138.262,146.478
padmasana,avg,1,temp_VID20260218162643.mp4,139.734,153.359,20.94,43.795,20.94,43.795,174.629,177.669,93.053,88.316,38.871,15.302,142.037,147.637,42.31,54.371,95.307,98.916,113.343,91.627,6.947,93.053,88.316,179.778,113.343,88.164,82.331,104.367,20.94,43.795,93.053,88.316,179.573,90.187,89.504
padmasana,avg,1,temp_VID20260218162643.mp4,145.184,149.486,35.977,43.564,35.977,43.564,175.822,179.195,86.54,89.536,30.413,16.608,147.645,146.606,35.868,50.431,93.456,100.209,113.932,88.813,5.619,86.54,89.536,179.773,113.932,85.647,88.546,94.626,35.977,43.564,86.54,89.536,179.578,83.794,90.486
padmasana,avg,1,temp_VID20260218162643.mp4,147.006,150.272,32.386,36.948,32.386,36.948,175.253,178.044,90.488,97.264,28.53,17.832,148.824,148.043,37.05,53.185,93.589,100.156,107.778,94.649,5.506,90.488,97.264,179.772,107.778,91.468,92.485,89.724,32.386,36.948,90.488,97.264,179.581,87.529,97.947
padmasana,avg,1,temp_VID20260218162643.mp4,143.221,151.271,32.217,37.789,32.217,37.789,174.967,178.769,86.689,96.492,26.281,17.606,148.654,149.373,40.222,56.988,93.789,100.217,109.497,92.264,5.37,86.689,96.492,179.78,109.497,88.82,94.524,85.527,32.217,37.789,86.689,96.492,179.584,83.411,96.962
padmasana,avg,1,temp_VID20260218163028.mp4,141.169,140.954,79.698,84.903,79.698,84.903,175.224,178.422,43.554,42.214,38.819,28.773,119.086,139.745,52.609,33.207,95.078,98.158,154.572,42.943,19.673,43.554,42.214,179.755,154.572,51.349,97.16,96.33,79.698,84.903,43.554,42.214,179.582,52.395,52.458
padmasana,avg,1,temp_VID20260218163028.mp4,141.654,142.051,79.619,85.395,79.619,85.395,174.98,178.995,44.702,42.91,38.799,27.901,120.176,140.36,52.403,31.508,94.798,98.229,153.076,43.89,18.968,44.702,42.91,179.754,153.076,52.063,97.696,95.538,79.619,85.395,44.702,42.91,179.578,53.086,53.194
padmasana,avg,1,temp_VID20260218163028.mp4,140.412,138.445,75.437,77.636,75.437,77.636,173.841,179.148,47.602,45.835,37.512,27.542,121.278,140.576,50.437,30.585,94.268,98.299,149.188,46.863,18.496,47.602,45.835,179.754,149.188,54.937,97.602,96.792,75.437,77.636,47.602,45.835,179.572,56.021,55.969
padmasana,avg,1,temp_VID20260218163028.mp4,140.878,139.094,76.064,78.644,76.064,78.644,174.222,179.308,47.309,45.773,37.826,27.863,120.495,139.336,50.479,31.404,93.953,98.77,149.661,46.694,18.92,47.309,45.773,179.753,149.661,54.875,98.12,95.803,76.064,78.644,47.309,45.773,179.57,55.971,55.892
padmasana,avg,1,temp_VID20260218163028.mp4,139.166,138.753,74.948,79.279,74.948,79.279,174.273,179.435,46.126,44.562,40.65,27.084,116.233,140.601,53.393,31.218,93.884,98.792,150.762,45.485,19.637,46.126,44.562,179.753,150.762,53.655,97.763,96.312,74.948,79.279,46.126,44.562,179.567,54.79,54.575
padmasana,avg,1,temp_VID20260218163028.mp4,140.541,139.073,77.201,80.855,77.201,80.855,173.596,178.47,43.719,42.104,39.755,26.904,117.358,141.455,52.442,29.177,93.567,98.624,153.107,43.024,19.269,43.719,42.104,179.754,153.107,50.983,97.508,96.504,77.201,80.855,43.719,42.104,179.564,52.376,51.652
padmasana,avg,1,temp_VID20260218163028.mp4,141.119,140.211,77.714,81.276,77.714,81.276,173.867,178.891,44.179,42.767,41.669,26.898,116.912,141.944,54.236,29.613,93.924,98.374,152.708,43.592,19.518,44.179,42.767,179.752,152.708,51.431,98.045,95.865,77.714,81.276,44.179,42.767,179.565,52.658,52.274
padmasana,avg,1,temp_VID20260218163028.mp4,140.807,140.977,79.751,84.624,79.751,84.624,174.195,179.535,42.486,41.02,39.568,25.891,118.737,142.166,53.35,28.796,94.072,98.566,154.495,41.85,18.714,42.486,41.02,179.754,154.495,50.075,98.502,95.127,79.751,84.624,42.486,41.02,179.565,51.295,51.046
padmasana,avg,1,temp_VID20260218163028.mp4,142.538,140.203,79.649,83.669,79.649,83.669,173.157,179.086,43.011,41.699,40.126,26.322,118.114,141.381,53.633,28.627,93.747,99.032,153.893,42.46,19.111,43.011,41.699,179.754,153.893,50.748,99.035,94.668,79.649,83.669,43.011,41.699,179.567,51.85,51.827
padmasana,avg,1,temp_VID20260218163028.mp4,138.705,138.011,73.851,78.874,73.851,78.874,172.407,179.883,44.396,43.501,41.737,27.143,118.107,140.012,52.862,29.423,93.766,99.409,152.841,44.071,19.93,44.396,43.501,179.757,152.841,52.501,99.699,94.093,73.851,78.874,44.396,43.501,179.566,53.332,53.887
padmasana,avg,1,temp_VID20260218163028.mp4,140.468,140.36,78.891,84.283,78.891,84.283,172.536,179.751,41.815,40.786,40.766,26.308,118.532,140.858,52.819,28.682,93.133,99.99,155.25,41.394,19.398,41.815,40.786,179.754,155.25,49.908,100.007,93.332,78.891,84.283,41.815,40.786,179.567,50.769,51.343
padmasana,avg,1,temp_VID_20260218_004832444.mp4,137.46,121.255,52.602,40.739,52.602,40.739,118.089,164.392,58.97,59.399,66.408,31.817,174.282,148.703,143.144,43.405,144.62,111.101,147.338,61.602,84.61,58.97,59.399,179.923,147.338,102.159,100.695,109.845,52.602,40.739,58.97,59.399,179.885,104.43,110.196
padmasana,avg,1,temp_VID_20260218_004832444.mp4,147.714,121.254,60.555,40.356,60.555,40.356,133.8,159.395,65.503,63.849,74.968,28.228,140.891,146.887,101.509,31.099,147.52,97.581,143.212,68.598,88.752,65.503,63.849,179.931,143.212,107.849,110.397,111.833,60.555,40.356,65.503,63.849,179.89,112.097,116.851
padmasana,avg,1,temp_VID_20260218_004832444.mp4,145.108,121.954,60.292,39.608,60.292,39.608,131.16,157.508,68.675,66.172,76.897,27.958,138.411,145.889,98.246,27.905,148.195,94.115,140.961,71.49,89.128,68.675,66.172,179.929,140.961,110.65,109.361,112.166,60.292,39.608,68.675,66.172,179.89,114.547,120.457
padmasana,avg,1,temp_VID_20260218_004832444.mp4,147.136,122.428,63.436,39.105,63.436,39.105,135.518,158.167,69.854,66.388,73.442,26.957,156.507,149.383,120.008,30.773,148.554,94.712,139.711,72.305,86.159,69.854,66.388,179.931,139.711,114.189,112.947,111.472,63.436,39.105,69.854,66.388,179.888,118.554,122.824
padmasana,poor,0,2.mp4,145.355,154.972,90.332,85.83,90.332,85.83,177.983,171.516,54.658,68.346,75.581,91.154,162.661,165.937,113.566,91.047,99.604,108.951,124.157,63.61,97.606,54.658,68.346,179.934,124.157,77.04,120.106,94.571,90.332,85.83,54.658,68.346,179.885,75.454,86.243
padmasana,poor,0,2.mp4,132.725,149.581,79.934,88.594,79.934,88.594,178.743,170.452,55.408,61.85,55.701,84.323,172.581,159.563,102.519,123.245,105.144,110.397,126.212,61.507,80.586,55.408,61.85,179.934,126.212,75.9,122.061,104.275,79.934,88.594,55.408,61.85,179.886,79.878,85.235
padmasana,poor,0,2.mp4,134.174,147.891,78.531,81.074,78.531,81.074,176.376,171.181,58.033,68.659,46.753,85.46,160.641,127.073,87.319,99.076,109.281,106.476,122.833,66.391,69.204,58.033,68.659,179.937,122.833,80.639,120.392,107.984,78.531,81.074,58.033,68.659,179.886,84.975,90.151
padmasana,poor,0,2.mp4,124.479,146.542,76.536,82.446,76.536,82.446,175.788,167.691,52.903,66.838,43.972,63.553,156.919,137.596,81.992,97.933,110.476,106.515,128.375,62.303,40.825,52.903,66.838,179.934,128.375,76.635,125.529,108.409,76.536,82.446,52.903,66.838,179.888,79.211,89.006
padmasana,poor,0,2.mp4,125.96,147.203,84.579,95.29,84.579,95.29,173.118,163.416,46.257,53.769,48.893,64.099,156.62,140.803,95.535,98.723,112.287,107.388,139.366,51.856,48.636,46.257,53.769,179.931,139.366,66.197,127.177,113.968,84.579,95.29,46.257,53.769,179.886,71.338,76.133
padmasana,poor,0,2.mp4,141.21,150.489,104.232,107.715,104.232,107.715,170.619,165.286,40.503,43.607,49.375,59.708,168.162,140.241,91.807,87.405,111.087,101.181,147.201,43.079,35.874,40.503,43.607,179.934,147.201,53.4,118.978,115.334,104.232,107.715,40.503,43.607,179.89,59.272,61.161
padmasana,poor,0,2.mp4,106.62,133.62,62.658,80.648,62.658,80.648,168.325,157.177,52.72,54.625,44.644,48.821,177.671,142.776,100.572,90.221,114.341,100.906,139.62,55.406,26.406,52.72,54.625,179.931,139.62,67.173,131.894,129.258,62.658,80.648,52.72,54.625,179.892,73.714,74.363
padmasana,poor,0,2.mp4,112.547,134.178,55.901,69.141,55.901,69.141,173.113,167.283,52.945,58.615,43.066,52.339,169.829,143.431,103.882,91.65,116.365,99.775,138.129,57.618,25.514,52.945,58.615,179.937,138.129,68.259,126.045,125.25,55.901,69.141,52.945,58.615,179.899,74.091,76.174
padmasana,poor,0,2.mp4,105.07,133.252,53.519,69.754,53.519,69.754,173.181,171.102,48.024,53.768,45.652,58.686,162.785,142.627,105.904,86.884,116.423,96.947,141.124,52.239,28.872,48.024,53.768,179.934,141.124,61.326,124.59,122.237,53.519,69.754,48.024,53.768,179.893,65.605,69.868
padmasana,poor,0,2.mp4,123.637,143.02,77.257,95.668,77.257,95.668,169.117,171.897,30.25,32.521,38.415,57.602,138.472,152.988,120.906,90.546,115.477,95.038,159.77,31.111,22.602,30.25,32.521,179.934,159.77,39.716,125.222,116.411,77.257,95.668,30.25,32.521,179.893,45.951,47.674
padmasana,poor,0,2.mp4,126.68,141.367,78.208,90.617,78.208,90.617,170.211,171.851,33.431,37.254,39.239,60.586,142.892,152.573,113.089,95.819,114.183,96.435,156.237,35.472,23.992,33.431,37.254,179.937,156.237,43.725,125.038,115.882,78.208,90.617,33.431,37.254,179.897,48.684,52.45
padmasana,poor,0,2.mp4,127.03,143.374,80.499,97.688,80.499,97.688,168.728,172.438,29.256,31.267,38.883,57.333,139.825,151.852,113.457,91.697,114.144,97.141,161.346,29.818,22.916,29.256,31.267,179.931,161.346,38.498,124.072,114.785,80.499,97.688,29.256,31.267,179.895,44.086,47.012
padmasana,poor,0,2.mp4,126.788,141.864,81.916,99.002,81.916,99.002,168.967,172.575,27.296,28.866,41.404,55.812,158.77,155.236,84.263,107.922,112.846,97.058,163.177,27.473,22.963,27.296,28.866,179.944,163.177,35.593,124.319,114.473,81.916,99.002,27.296,28.866,179.897,40.278,44.122
padmasana,poor,0,2.mp4,124.743,140.579,77.574,95.693,77.574,95.693,167.514,171.919,29.223,30.979,45.458,60.107,156.841,149.237,82.482,103.587,112.544,98.101,161.352,29.565,27.817,29.223,30.979,179.944,161.352,37.679,124.1,115.536,77.574,95.693,29.223,30.979,179.895,41.998,46.336
padmasana,poor,0,2.mp4,123.924,140.504,76.648,93.79,76.648,93.79,168.262,172.248,31.32,33.74,43.546,59.54,155.006,145.607,81.183,97.813,113.43,98.973,159.496,32.166,27.158,31.32,33.74,179.937,159.496,41.026,124.758,114.949,76.648,93.79,31.32,33.74,179.899,45.509,50.644
padmasana,poor,0,2.mp4,122.14,140.367,74.656,94.824,74.656,94.824,167.615,172.489,29.992,31.888,45.523,59.329,154.5,142.073,80.449,85.985,111.58,98.745,160.001,30.543,27.719,29.992,31.888,179.944,160.001,38.842,124.454,115.333,74.656,94.824,29.992,31.888,179.899,43.301,47.341
padmasana,poor,0,20260217_113322.mp4,121.169,144.704,29.841,8.117,29.841,8.117,160.485,127.557,126.463,132.807,146.178,132.247,173.944,164.556,120.529,116.36,91.795,108.009,176.987,129.906,140.463,126.463,132.807,179.821,176.987,151.983,113.037,90.104,29.841,8.117,126.463,132.807,179.786,145.769,158.161
padmasana,poor,0,20260217_113322.mp4,148.264,154.808,33.593,25.258,33.593,25.258,173.129,166.186,127.003,149.899,153.929,176.053,129.22,112.135,51.711,143.415,64.76,129.697,113.612,140.356,169.485,127.003,149.899,179.866,113.612,135.392,119.356,57.612,33.593,25.258,127.003,149.899,179.768,117.303,150.932
padmasana,poor,0,20260217_113322.mp4,154.899,158.031,44.441,51.148,44.441,51.148,137.894,167.525,82.979,123.617,108.44,170.418,148.729,79.484,80.458,84.641,78.181,143.734,128.584,109.072,152.659,82.979,123.617,179.812,128.584,121.054,108.623,77.269,44.441,51.148,82.979,123.617,179.765,116.274,123.777
padmasana,poor,0,20260217_113322.mp4,113.197,144.834,3.345,17.392,3.345,17.392,147.619,178.242,85.99,111.167,87.62,137.278,129.676,153.696,69.208,103.121,65.779,130.863,96.126,99.412,116.925,85.99,111.167,179.852,96.126,131.438,106.926,68.258,3.345,17.392,85.99,111.167,179.793,126.995,134.442
padmasana,poor,0,20260217_113322.mp4,116.058,143.308,50.294,66.208,50.294,66.208,167.897,176.496,35.602,55.658,64.366,113.986,141.089,118.284,120.155,79.569,75.365,126.791,136.724,44.984,93.03,35.602,55.658,179.837,136.724,82.047,99.746,81.587,50.294,66.208,35.602,55.658,179.777,82.085,82.561
padmasana,poor,0,20260217_113322.mp4,117.942,141.06,74.307,74.468,74.307,74.468,176.087,177.292,22.518,42.989,45.464,78.081,157.843,158.6,91.827,84.529,72.624,127.189,151.549,32.102,61.543,22.518,42.989,179.847,151.549,69.406,121.278,62.863,74.307,74.468,22.518,42.989,179.777,64.368,75.064
padmasana,poor,0,20260217_113322.mp4,123.225,123.327,65.589,62.661,65.589,62.661,177.198,172.795,32.348,26.787,37.643,66.043,153.377,162.074,87.656,91.921,87.885,129.279,154.325,25.131,56.84,32.348,26.787,179.822,154.325,75.198,119.827,72.089,65.589,62.661,32.348,26.787,179.794,78.244,73.903
padmasana,poor,0,20260217_113322.mp4,99.336,128.933,63.331,82.916,63.331,82.916,171.33,172.702,15.723,20.355,39.55,54.658,153.785,166.641,43.957,70.272,83.592,126.059,161.124,14.23,49.185,15.723,20.355,179.844,161.124,54.11,116.888,64.109,63.331,82.916,15.723,20.355,179.789,52.213,58.832
padmasana,poor,0,20260217_113322.mp4,126.794,135.001,16.336,25.579,16.336,25.579,178.273,173.612,89.244,93.058,73.212,90.63,160.789,160.35,96.586,101.086,72.396,124.102,99.164,92.104,89.457,89.244,93.058,179.828,99.164,116.135,115.219,72.239,16.336,25.579,89.244,93.058,179.758,118.245,114.834
padmasana,poor,0,20260217_113322.mp4,111.724,133.169,34.037,38.896,34.037,38.896,178.339,174.779,63.809,81.391,38.013,60.992,152.338,171.3,59.035,111.067,80.402,113.691,127.647,73.628,45.852,63.809,81.391,179.833,127.647,97.781,117.385,69.757,34.037,38.896,63.809,81.391,179.705,95.927,101.183
padmasana,poor,0,20260217_113322.mp4,120.947,136.13,41.806,42.491,41.806,42.491,174.91,177.019,57.01,78.674,38.005,59.205,173.194,147.701,75.734,69.768,82.739,113.537,122.037,68.132,44.894,57.01,78.674,179.824,122.037,95.349,110.892,74.991,41.806,42.491,57.01,78.674,179.686,93.939,98.846
padmasana,poor,0,20260217_113322.mp4,126.082,132.636,56.273,42.647,56.273,42.647,170.589,174.675,60.652,75.885,56.036,60.895,177.945,150.591,80.596,74.386,83.165,117.126,126.958,68.847,54.93,60.652,75.885,179.818,126.958,85.877,113.084,82.14,56.273,42.647,60.652,75.885,179.683,84.342,89.316
padmasana,poor,0,20260217_113322.mp4,136.538,140.926,61.02,49.807,61.02,49.807,177.996,174.505,66.876,77.548,49.834,54.959,159.641,134.811,93.812,76.349,88.475,114.196,134.984,72.82,34.341,66.876,77.548,179.812,134.984,82.126,107.998,85.581,61.02,49.807,66.876,77.548,179.687,81.522,84.855
padmasana,poor,0,20260217_113322.mp4,136.856,142.212,47.766,39.397,47.766,39.397,171.083,175.982,71.239,81.689,36.24,36.821,151.979,156.791,74.677,68.938,102.481,102.557,136.621,77.0,14.521,71.239,81.689,179.806,136.621,84.805,100.192,92.039,47.766,39.397,71.239,81.689,179.688,84.992,86.975
padmasana,poor,0,20260217_113322.mp4,136.664,139.687,45.4,41.312,45.4,41.312,175.825,174.416,67.479,75.161,30.21,34.398,136.95,153.521,64.343,72.422,105.664,101.201,141.294,71.663,16.786,67.479,75.161,179.8,141.294,83.582,96.062,96.405,45.4,41.312,67.479,75.161,179.688,85.295,84.313
padmasana,poor,0,20260217_113322.mp4,139.411,146.542,43.527,38.975,43.527,38.975,178.289,168.846,68.204,76.254,39.612,39.527,114.641,163.284,60.409,71.512,112.159,94.938,140.21,72.755,24.857,68.204,76.254,179.804,140.21,85.836,93.625,97.679,43.527,38.975,68.204,76.254,179.692,86.554,87.245
padmasana,poor,0,20260217_113322.mp4,135.861,140.713,42.195,37.287,42.195,37.287,179.191,171.394,65.842,74.236,38.104,38.78,113.629,139.151,56.733,74.365,113.709,93.551,141.594,70.485,25.836,65.842,74.236,179.8,141.594,85.136,93.556,97.543,42.195,37.287,65.842,74.236,179.689,85.935,86.44
padmasana,poor,0,20260217_113322.mp4,136.864,141.83,39.936,37.11,39.936,37.11,177.394,171.129,66.962,75.058,39.742,36.169,108.47,130.294,59.404,71.432,114.542,93.499,140.65,71.532,26.486,66.962,75.058,179.8,140.65,87.753,93.582,96.862,39.936,37.11,66.962,75.058,179.69,88.657,88.917
padmasana,poor,0,20260217_113322.mp4,132.294,140.411,40.585,39.555,40.585,39.555,178.796,169.385,63.087,70.661,40.713,37.174,107.979,126.052,59.871,69.173,115.826,91.827,144.047,67.274,26.625,63.087,70.661,179.802,144.047,82.488,93.668,96.381,40.585,39.555,63.087,70.661,179.686,83.668,83.607
padmasana,poor,0,20260217_113322.mp4,135.405,141.073,41.839,38.606,41.839,38.606,179.106,171.291,64.434,72.042,40.781,36.827,108.882,123.83,60.923,72.492,115.179,91.791,142.523,68.673,26.739,64.434,72.042,179.798,142.523,83.811,94.553,95.513,41.839,38.606,64.434,72.042,179.687,84.7,85.032
padmasana,poor,0,20260217_113322.mp4,135.014,140.262,41.13,38.477,41.13,38.477,178.332,172.897,65.605,73.15,36.905,34.311,114.39,121.816,60.129,65.917,114.777,92.63,141.59,69.834,24.588,65.605,73.15,179.801,141.59,86.226,95.559,94.367,41.13,38.477,65.605,73.15,179.687,86.993,87.534
padmasana,poor,0,20260217_113322.mp4,134.479,139.327,41.155,37.697,41.155,37.697,178.461,172.819,65.526,72.879,37.509,35.509,114.782,119.96,60.107,67.401,115.659,91.567,141.252,69.662,25.089,65.526,72.879,179.8,141.252,85.537,95.682,94.198,41.155,37.697,65.526,72.879,179.687,86.562,86.63
padmasana,poor,0,20260217_113322.mp4,133.868,139.387,41.663,38.39,41.663,38.39,178.526,172.215,63.661,71.465,38.838,33.951,112.57,123.077,61.748,64.364,115.971,91.509,143.025,67.973,24.66,63.661,71.465,179.8,143.025,83.587,96.14,94.012,41.663,38.39,63.661,71.465,179.684,84.457,84.826
padmasana,poor,0,20260217_113353.mp4,131.883,144.622,35.425,36.225,35.425,36.225,173.047,167.112,66.892,73.185,44.91,38.0,114.03,128.47,58.263,64.627,112.57,92.991,140.986,70.598,26.119,66.892,73.185,179.812,140.986,82.952,97.584,95.028,35.425,36.225,66.892,73.185,179.704,83.788,84.12
padmasana,poor,0,20260217_113353.mp4,129.926,143.882,35.795,36.334,35.795,36.334,175.549,168.287,67.025,72.233,43.551,38.545,115.515,128.469,60.464,66.969,113.096,93.201,141.915,70.169,26.347,67.025,72.233,179.817,141.915,83.254,98.703,93.696,35.795,36.334,67.025,72.233,179.709,84.171,84.415
padmasana,poor,0,20260217_113353.mp4,133.725,139.613,34.535,32.032,34.535,32.032,173.132,168.727,69.578,73.741,43.754,41.75,118.521,128.041,59.109,64.863,113.062,93.576,138.961,72.297,27.169,69.578,73.741,179.82,138.961,84.638,96.645,94.953,34.535,32.032,69.578,73.741,179.708,87.138,84.286
padmasana,poor,0,20260217_113353.mp4,134.66,141.76,37.714,35.301,37.714,35.301,171.025,168.194,68.044,72.789,43.577,43.239,117.769,121.677,57.189,64.659,112.967,93.161,139.578,70.938,27.964,68.044,72.789,179.815,139.578,83.135,97.274,95.097,37.714,35.301,68.044,72.789,179.709,84.511,83.864
padmasana,poor,0,20260217_113353.mp4,135.674,142.868,42.652,39.444,42.652,39.444,170.781,168.114,64.311,69.456,43.267,43.621,117.44,118.945,58.489,65.216,114.062,92.458,143.166,67.243,28.923,64.311,69.456,179.814,143.166,80.106,98.189,94.494,42.652,39.444,64.311,69.456,179.709,81.127,81.298
padmasana,poor,0,20260217_113353.mp4,136.092,142.611,42.377,38.412,42.377,38.412,171.526,170.015,64.856,71.264,43.183,45.295,117.28,116.181,59.398,66.065,114.196,91.995,141.084,68.503,30.095,64.856,71.264,179.815,141.084,81.315,99.093,93.272,42.377,38.412,64.856,71.264,179.71,81.951,82.788
padmasana,poor,0,20260217_113353.mp4,136.876,140.846,42.204,37.343,42.204,37.343,172.476,170.643,65.176,71.086,43.682,43.356,116.977,119.269,58.799,65.171,113.948,91.149,140.318,68.564,29.376,65.176,71.086,179.814,140.318,81.238,98.029,93.747,42.204,37.343,65.176,71.086,179.709,81.861,82.636
padmasana,poor,0,20260217_113353.mp4,135.708,140.065,41.704,36.593,41.704,36.593,174.061,170.978,64.652,70.852,44.555,44.527,117.757,117.907,60.117,65.511,113.754,91.092,140.633,68.21,30.42,64.652,70.852,179.815,140.633,80.813,99.205,92.578,41.704,36.593,64.652,70.852,179.707,81.576,82.12
padmasana,poor,0,20260217_113353.mp4,135.62,140.551,40.553,35.944,40.553,35.944,174.802,170.889,65.61,72.358,45.581,46.704,120.214,115.876,63.004,66.506,113.727,91.234,138.778,69.494,32.37,65.61,72.358,179.815,138.778,82.235,99.642,92.145,40.553,35.944,65.61,72.358,179.707,82.827,83.702
padmasana,poor,0,20260217_113353.mp4,135.635,140.558,40.877,36.46,40.877,36.46,174.659,171.064,65.551,72.199,45.322,46.736,119.742,116.99,63.41,66.726,113.464,90.953,138.071,69.381,32.161,65.551,72.199,179.815,138.071,81.868,99.101,92.595,40.877,36.46,65.551,72.199,179.705,82.586,83.191
padmasana,poor,0,20260217_113353.mp4,135.613,140.25,41.299,36.818,41.299,36.818,175.061,171.738,65.578,72.337,44.733,46.158,118.995,116.873,62.68,66.31,113.303,91.283,138.235,69.456,31.695,65.578,72.337,179.817,138.235,82.153,99.107,92.516,41.299,36.818,65.578,72.337,179.705,82.808,83.55
padmasana,poor,0,20260217_113353.mp4,135.589,140.602,42.033,37.281,42.033,37.281,175.778,171.876,65.242,72.151,44.728,45.907,116.939,116.43,62.115,66.614,113.605,91.223,138.848,69.182,31.695,65.242,72.151,179.815,138.848,82.063,98.925,92.849,42.033,37.281,65.242,72.151,179.705,82.668,83.516
padmasana,poor,0,20260217_113353.mp4,135.821,140.39,44.741,39.283,44.741,39.283,175.993,171.692,63.021,70.639,42.654,44.09,119.887,117.564,62.526,65.724,113.14,91.222,140.444,67.261,29.558,63.021,70.639,179.815,140.444,80.092,99.058,92.67,44.741,39.283,63.021,70.639,179.705,80.328,81.967
padmasana,poor,0,20260217_113353.mp4,135.802,141.016,45.831,41.043,45.831,41.043,176.545,170.8,62.308,69.098,43.019,43.421,118.486,117.987,61.704,65.197,113.275,91.17,141.85,66.106,29.302,62.308,69.098,179.815,141.85,78.884,98.261,93.246,45.831,41.043,62.308,69.098,179.705,79.372,80.537
padmasana,poor,0,20260217_113353.mp4,139.844,139.985,46.244,41.29,46.244,41.29,169.36,169.451,64.5,70.89,41.734,44.418,119.705,118.213,60.078,65.362,112.818,92.564,140.299,68.073,28.156,64.5,70.89,179.813,140.299,80.535,98.607,94.337,46.244,41.29,64.5,70.89,179.705,80.765,82.466
padmasana,poor,0,20260217_113353.mp4,133.598,135.49,57.985,45.186,57.985,45.186,176.035,157.707,60.947,67.07,54.909,60.893,102.971,102.441,67.604,75.956,108.727,95.589,135.275,64.361,49.218,60.947,67.07,179.817,135.275,76.873,103.484,101.853,57.985,45.186,60.947,67.07,179.696,76.786,79.04
padmasana,poor,0,20260217_113353.mp4,119.349,119.614,63.112,68.88,63.112,68.88,172.498,147.505,18.039,21.722,63.176,72.567,105.159,103.14,104.883,119.296,102.697,100.387,149.029,18.733,70.987,18.039,21.722,179.831,149.029,53.14,125.224,137.769,63.112,68.88,18.039,21.722,179.685,54.933,54.49
padmasana,poor,0,20260217_113353.mp4,116.795,121.846,67.753,89.445,67.753,89.445,156.593,153.955,4.681,11.071,54.937,65.641,134.629,168.458,130.61,93.878,95.691,103.86,147.176,4.879,61.524,4.681,11.071,179.826,147.176,48.589,131.97,136.064,67.753,89.445,4.681,11.071,179.69,50.121,49.831
padmasana,poor,0,20260217_113534.mp4,137.245,139.847,52.037,40.64,52.037,40.64,169.803,164.507,46.032,56.339,42.667,51.158,113.383,140.411,56.186,65.873,103.081,96.857,157.055,51.866,44.203,46.032,56.339,179.855,157.055,74.61,105.884,99.576,52.037,40.64,46.032,56.339,179.685,73.167,78.083
padmasana,poor,0,20260217_113534.mp4,132.693,139.361,45.543,33.723,45.543,33.723,174.85,168.1,58.665,66.715,40.316,53.081,127.071,109.496,55.098,59.728,106.326,95.479,146.972,63.552,40.832,58.665,66.715,179.856,146.972,82.821,105.631,91.885,45.543,33.723,58.665,66.715,179.685,80.94,87.004
padmasana,poor,0,20260217_113534.mp4,133.78,133.439,45.178,34.855,45.178,34.855,177.022,172.464,59.255,66.308,40.412,53.755,128.382,96.21,53.03,65.097,109.552,92.505,146.573,63.51,40.324,59.255,66.308,179.859,146.573,82.23,102.196,93.268,45.178,34.855,59.255,66.308,179.702,80.28,86.492
padmasana,poor,0,20260217_113534.mp4,134.249,136.266,48.78,41.843,48.78,41.843,175.76,174.177,58.935,66.462,39.932,54.296,130.525,97.903,53.039,69.613,110.495,91.961,145.563,63.368,39.297,58.935,66.462,179.856,145.563,80.759,103.259,91.023,48.78,41.843,58.935,66.462,179.707,78.566,85.341
padmasana,poor,0,20260217_113534.mp4,135.287,138.285,48.612,41.53,48.612,41.53,177.008,172.971,58.749,66.948,40.09,56.068,131.947,100.2,54.194,72.462,110.094,92.232,145.183,63.493,39.665,58.749,66.948,179.856,145.183,80.496,104.469,89.624,48.612,41.53,58.749,66.948,179.71,78.432,85.139
padmasana,poor,0,20260217_113534.mp4,136.184,139.528,51.204,43.921,51.204,43.921,178.344,171.628,57.255,65.11,40.161,55.726,130.435,99.841,56.883,73.376,110.238,92.47,147.081,61.744,39.388,57.255,65.11,179.856,147.081,78.683,105.034,88.955,51.204,43.921,57.255,65.11,179.711,76.834,83.263
padmasana,poor,0,20260217_113534.mp4,136.444,140.239,54.275,45.806,54.275,45.806,178.442,170.378,56.093,62.823,38.983,54.357,132.041,100.704,57.615,72.452,111.25,91.096,149.113,59.938,37.271,56.093,62.823,179.855,149.113,76.212,104.981,89.15,54.275,45.806,56.093,62.823,179.715,74.719,80.536
padmasana,poor,0,20260217_113534.mp4,135.997,141.042,53.811,47.299,53.811,47.299,176.771,170.658,56.288,62.162,38.122,54.512,134.091,97.453,58.257,76.267,111.375,91.029,149.636,59.625,36.382,56.288,62.162,179.851,149.636,75.77,103.394,90.487,53.811,47.299,56.288,62.162,179.717,74.269,80.132
padmasana,poor,0,20260217_113534.mp4,136.673,141.052,54.175,48.062,54.175,48.062,175.714,171.272,56.893,62.499,37.855,54.903,129.574,92.672,57.111,72.579,111.248,91.159,149.866,60.054,36.377,56.893,62.499,179.849,149.866,76.234,103.504,90.463,54.175,48.062,56.893,62.499,179.716,74.277,80.957
padmasana,poor,0,20260217_113534.mp4,138.445,140.981,52.534,46.181,52.534,46.181,175.77,172.086,58.5,64.285,37.833,55.469,127.08,90.853,56.85,70.482,110.232,91.96,147.781,61.732,37.104,58.5,64.285,179.849,147.781,78.538,103.777,89.545,52.534,46.181,58.5,64.285,179.715,76.443,83.397
padmasana,poor,0,20260217_113534.mp4,136.922,140.923,50.412,46.414,50.412,46.414,175.458,172.239,59.718,64.758,37.232,56.698,126.766,90.699,58.444,70.781,108.034,94.72,147.634,62.597,37.27,59.718,64.758,179.851,147.634,79.83,101.281,91.372,50.412,46.414,59.718,64.758,179.715,78.462,84.045
padmasana,poor,0,20260217_113534.mp4,136.027,140.934,50.077,46.802,50.077,46.802,173.373,172.889,61.162,66.367,37.777,55.974,124.418,91.469,59.639,69.379,106.181,96.859,146.268,64.16,37.545,61.162,66.367,179.853,146.268,81.949,102.473,89.487,50.077,46.802,61.162,66.367,179.715,80.411,86.392
padmasana,poor,0,20260217_113534.mp4,136.825,138.88,49.551,45.269,49.551,45.269,173.79,173.072,61.466,67.049,39.489,55.583,123.596,95.857,60.291,69.405,104.14,98.557,144.772,64.663,37.846,61.466,67.049,179.849,144.772,81.462,102.069,90.277,49.551,45.269,61.466,67.049,179.714,80.032,85.706
padmasana,poor,0,20260217_113534.mp4,136.465,138.338,47.596,40.901,47.596,40.901,174.256,172.728,63.52,68.815,37.344,57.487,126.715,93.594,57.301,70.347,103.843,98.747,142.524,66.601,36.913,63.52,68.815,179.852,142.524,82.829,102.454,90.83,47.596,40.901,63.52,68.815,179.715,81.771,86.79
padmasana,poor,0,20260217_113534.mp4,135.794,138.532,47.893,42.675,47.893,42.675,173.674,172.805,62.596,68.18,38.567,56.335,122.555,93.982,58.515,69.803,103.09,99.455,142.559,65.824,37.646,62.596,68.18,179.848,142.559,82.644,102.091,91.166,47.893,42.675,62.596,68.18,179.714,82.268,85.955
padmasana,poor,0,20260217_113534.mp4,136.135,140.173,47.534,43.465,47.534,43.465,173.157,172.526,62.271,68.011,39.336,55.984,121.76,95.067,58.899,71.116,102.972,99.667,142.92,65.526,38.498,62.271,68.011,179.843,142.92,82.796,101.607,91.984,47.534,43.465,62.271,68.011,179.718,82.56,85.778
padmasana,poor,0,20260217_113534.mp4,135.438,140.565,48.928,46.233,48.928,46.233,172.461,173.383,61.098,66.156,38.504,55.074,124.381,95.747,56.95,70.738,105.282,97.424,144.09,63.974,37.491,61.098,66.156,179.842,144.09,81.248,101.053,92.473,48.928,46.233,61.098,66.156,179.718,81.185,84.073
padmasana,poor,0,20260217_113534.mp4,136.69,139.671,50.554,45.983,50.554,45.983,174.228,173.207,61.156,65.325,41.316,55.721,125.42,94.32,62.246,69.722,107.149,95.294,144.126,63.6,38.639,61.156,65.325,179.84,144.126,79.621,101.336,92.763,50.554,45.983,61.156,65.325,179.722,78.858,82.829
padmasana,poor,0,20260217_160646.mp4,121.102,123.414,58.265,58.571,58.265,58.571,161.79,167.398,56.196,58.297,138.246,151.25,170.331,141.728,125.253,89.827,81.676,103.724,157.105,56.98,146.878,56.196,58.297,179.931,157.105,69.776,102.632,98.189,58.265,58.571,56.196,58.297,179.886,72.527,69.317
padmasana,poor,0,20260217_160646.mp4,120.471,126.107,59.184,62.411,59.184,62.411,162.132,166.027,50.722,57.025,105.55,120.265,176.521,150.039,114.475,86.475,84.747,103.7,158.008,53.87,114.424,50.722,57.025,179.929,158.008,75.453,102.847,97.279,59.184,62.411,50.722,57.025,179.885,77.31,75.801
padmasana,poor,0,20260217_160646.mp4,120.389,126.374,60.337,63.007,60.337,63.007,161.195,165.43,51.307,56.499,122.902,137.435,177.169,156.513,118.296,92.787,85.5,103.295,158.917,53.938,132.894,51.307,56.499,179.926,158.917,71.259,103.043,97.332,60.337,63.007,51.307,56.499,179.885,72.993,71.861
padmasana,poor,0,20260217_160646.mp4,120.329,126.835,60.739,63.363,60.739,63.363,161.373,163.048,52.24,57.121,122.759,140.541,175.997,157.133,116.268,94.513,86.24,103.469,158.859,54.829,134.716,52.24,57.121,179.929,158.859,72.021,103.286,97.45,60.739,63.363,52.24,57.121,179.885,74.656,71.782
padmasana,poor,0,20260217_160646.mp4,119.094,127.329,58.773,59.623,58.773,59.623,163.189,166.788,55.69,62.309,120.247,141.51,172.88,155.133,123.483,98.282,86.26,103.209,154.28,59.142,133.796,55.69,62.309,179.931,154.28,76.313,104.602,96.838,58.773,59.623,55.69,62.309,179.885,78.63,76.413
padmasana,poor,0,20260217_160646.mp4,118.986,128.512,58.342,58.578,58.342,58.578,162.565,166.626,55.192,61.505,113.855,133.245,175.358,150.591,116.254,86.613,86.793,102.706,154.93,58.491,125.894,55.192,61.505,179.929,154.93,77.475,104.296,95.967,58.342,58.578,55.192,61.505,179.886,79.771,77.455
padmasana,poor,0,20260217_160646.mp4,118.955,128.754,56.228,56.829,56.228,56.829,162.858,167.161,58.466,64.772,114.68,135.97,172.198,152.517,119.355,86.323,86.862,102.711,151.318,61.854,127.865,58.466,64.772,179.929,151.318,80.507,104.612,96.048,56.228,56.829,58.466,64.772,179.885,83.076,80.207
padmasana,poor,0,20260217_160646.mp4,117.955,128.955,56.778,59.182,56.778,59.182,164.866,166.017,57.0,64.642,115.631,135.588,174.227,152.948,116.553,86.517,86.986,103.067,151.182,61.072,128.071,57.0,64.642,179.926,151.182,79.911,104.846,95.794,56.778,59.182,57.0,64.642,179.888,81.88,80.158
padmasana,poor,0,20260217_160646.mp4,116.773,129.262,58.243,61.319,58.243,61.319,167.369,164.967,55.811,61.369,128.258,138.147,161.354,151.009,101.352,88.13,88.005,101.995,153.567,58.809,135.815,55.811,61.369,179.931,153.567,74.903,105.234,96.16,58.243,61.319,55.811,61.369,179.883,75.521,76.005
padmasana,poor,0,20260217_160646.mp4,116.235,128.967,58.258,61.201,58.258,61.201,167.018,166.515,56.181,61.761,134.44,141.743,162.236,147.723,104.12,84.55,87.884,102.096,153.692,59.18,140.722,56.181,61.761,179.929,153.692,74.618,105.449,96.039,58.258,61.201,56.181,61.761,179.885,75.111,75.857
padmasana,poor,0,20260217_160646.mp4,116.514,128.059,61.713,65.417,61.713,65.417,165.86,168.915,49.591,55.072,99.501,108.572,166.853,157.297,103.979,85.024,88.644,101.764,156.938,52.529,105.616,49.591,55.072,179.929,156.938,75.181,105.237,96.819,61.713,65.417,49.591,55.072,179.886,76.816,75.177
padmasana,poor,0,20260217_160646.mp4,116.333,127.657,59.601,63.159,59.601,63.159,165.755,170.279,51.973,58.496,103.803,109.316,165.975,153.941,118.344,82.754,88.718,102.002,153.431,55.472,108.537,51.973,58.496,179.926,153.431,77.817,105.338,96.78,59.601,63.159,51.973,58.496,179.892,78.491,78.767
padmasana,poor,0,20260217_160646.mp4,115.591,126.828,59.861,63.368,59.861,63.368,164.825,169.714,50.576,57.589,107.11,116.024,168.046,154.727,115.45,88.874,88.589,102.561,155.095,54.357,113.7,50.576,57.589,179.926,155.095,75.886,105.678,97.444,59.861,63.368,50.576,57.589,179.885,76.563,76.876
padmasana,poor,0,20260217_160646.mp4,115.367,124.579,61.311,62.178,61.311,62.178,161.95,168.566,48.525,55.656,125.132,144.347,165.138,154.922,112.759,100.401,88.461,103.201,158.351,52.388,138.081,48.525,55.656,179.929,158.351,68.928,105.69,98.582,61.311,62.178,48.525,55.656,179.886,70.583,69.345
padmasana,poor,0,20260217_160646.mp4,116.293,124.051,61.322,61.487,61.322,61.487,160.858,166.797,49.787,55.06,137.8,154.022,167.121,151.768,108.688,104.502,88.493,102.731,159.836,52.722,149.621,49.787,55.06,179.931,159.836,66.231,104.894,99.227,61.322,61.487,49.787,55.06,179.888,68.211,66.264
padmasana,poor,0,20260217_160700.mp4,129.677,135.349,57.23,61.789,57.23,61.789,174.017,170.538,68.143,71.927,82.813,89.141,161.186,153.971,103.128,93.671,99.98,86.416,143.613,70.222,86.177,68.143,71.927,179.923,143.613,98.211,101.137,102.808,57.23,61.789,68.143,71.927,179.876,96.615,98.909
padmasana,poor,0,20260217_160700.mp4,133.385,135.454,58.545,62.146,58.545,62.146,175.812,174.363,83.916,85.589,130.713,113.225,163.69,174.972,97.981,109.4,110.132,82.907,117.691,86.236,124.931,83.916,85.589,179.921,117.691,104.708,105.693,114.437,58.545,62.146,83.916,85.589,179.876,102.207,105.779
padmasana,poor,0,20260217_160700.mp4,112.461,143.382,68.898,81.767,68.898,81.767,168.602,166.071,60.97,66.437,63.149,49.296,152.045,161.232,85.275,93.079,111.257,99.097,128.982,65.965,58.757,60.97,66.437,179.921,128.982,95.93,128.253,112.195,68.898,81.767,60.97,66.437,179.873,89.781,100.062
padmasana,poor,0,20260217_160700.mp4,132.175,122.701,97.223,95.876,97.223,95.876,164.341,158.27,51.542,46.504,72.344,61.956,160.454,162.142,102.634,72.224,125.333,112.525,138.761,50.432,89.644,51.542,46.504,179.923,138.761,77.943,121.034,130.014,97.223,95.876,51.542,46.504,179.87,78.074,81.531
padmasana,poor,0,20260217_160700.mp4,118.837,117.138,99.515,94.509,99.515,94.509,169.186,159.91,50.581,44.605,58.502,62.588,146.624,150.417,134.664,130.721,115.433,112.899,143.425,49.294,72.027,50.581,44.605,179.921,143.425,72.248,129.595,133.208,99.515,94.509,50.581,44.605,179.876,79.444,78.701
padmasana,poor,0,20260217_160700.mp4,115.326,128.69,90.106,90.814,90.106,90.814,168.891,159.905,57.486,50.944,58.848,50.726,173.442,130.691,137.669,96.678,114.61,117.981,140.846,56.439,61.164,57.486,50.944,179.926,140.846,75.785,138.799,123.45,90.106,90.814,57.486,50.944,179.875,81.378,84.106
padmasana,poor,0,20260217_160700.mp4,129.54,131.459,81.754,85.593,81.754,85.593,171.261,164.404,57.884,56.075,61.393,51.43,145.616,132.364,129.583,97.496,111.61,115.022,143.198,59.268,48.772,57.884,56.075,179.929,143.198,71.579,133.358,124.888,81.754,85.593,57.884,56.075,179.876,79.262,79.96
padmasana,poor,0,20260217_160700.mp4,123.941,126.768,75.233,82.69,75.233,82.69,170.966,166.409,52.384,50.26,55.286,42.357,143.717,140.405,120.135,96.443,113.515,114.536,154.241,53.004,34.987,52.384,50.26,179.929,154.241,67.757,131.45,128.0,75.233,82.69,52.384,50.26,179.875,77.588,76.77
padmasana,poor,0,20260217_160700.mp4,124.052,123.89,77.706,85.854,77.706,85.854,165.221,165.853,47.995,44.127,53.796,39.507,146.718,140.978,114.04,92.142,116.236,113.053,162.698,46.503,32.964,47.995,44.127,179.934,162.698,61.868,132.94,131.745,77.706,85.854,47.995,44.127,179.885,71.845,71.772
padmasana,poor,0,20260217_160700.mp4,127.933,134.837,78.685,81.903,78.685,81.903,174.971,163.736,46.613,42.53,54.289,40.979,154.043,151.497,123.138,109.722,115.841,110.838,164.65,45.158,34.549,46.613,42.53,179.931,164.65,59.958,129.601,125.613,78.685,81.903,46.613,42.53,179.883,70.444,68.92
padmasana,poor,0,20260217_160700.mp4,132.56,137.032,75.952,84.457,75.952,84.457,172.796,163.619,46.909,41.796,53.252,44.369,145.526,141.93,117.625,108.701,116.045,111.834,163.408,45.018,36.28,46.909,41.796,179.929,163.408,59.039,124.536,123.831,75.952,84.457,46.909,41.796,179.885,69.735,68.41
padmasana,poor,0,20260217_160700.mp4,131.963,135.686,74.604,82.694,74.604,82.694,173.283,163.848,46.629,43.269,53.797,43.589,148.941,141.224,121.874,104.554,115.395,111.14,162.392,45.87,33.942,46.629,43.269,179.931,162.392,59.952,123.656,122.246,74.604,82.694,46.629,43.269,179.885,69.7,71.041
padmasana,poor,0,20260217_160700.mp4,133.54,137.303,72.482,83.218,72.482,83.218,172.745,163.293,48.168,44.444,51.235,44.191,146.483,145.16,119.621,106.662,113.868,115.13,161.108,47.317,31.618,48.168,44.444,179.931,161.108,60.481,121.548,120.61,72.482,83.218,48.168,44.444,179.885,71.005,72.122
padmasana,poor,0,20260217_160700.mp4,134.144,131.668,70.411,78.068,70.411,78.068,172.311,169.187,50.994,48.421,52.416,43.796,145.804,141.644,120.377,103.76,113.843,113.97,157.12,51.351,29.711,50.994,48.421,179.934,157.12,64.104,122.868,121.377,70.411,78.068,50.994,48.421,179.885,73.892,76.46
padmasana,poor,0,20260217_160700.mp4,137.704,128.536,70.608,78.614,70.608,78.614,166.125,171.126,50.843,46.33,49.837,40.534,145.816,143.664,119.499,105.914,113.809,115.166,158.094,49.747,26.7,50.843,46.33,179.931,158.094,64.225,122.62,122.696,70.608,78.614,50.843,46.33,179.885,75.135,77.19
padmasana,poor,0,20260217_160700.mp4,138.565,127.267,70.445,78.29,70.445,78.29,165.19,171.212,50.511,45.893,50.39,39.657,146.525,139.348,120.337,99.916,113.454,115.888,159.393,49.371,25.994,50.511,45.893,179.929,159.393,63.544,122.03,122.467,70.445,78.29,50.511,45.893,179.886,74.125,77.465
padmasana,poor,0,20260217_160700.mp4,140.611,126.926,71.102,76.412,71.102,76.412,166.905,169.204,52.889,46.79,49.603,40.113,150.29,142.018,122.54,105.545,113.727,116.765,158.363,50.979,25.251,52.889,46.79,179.934,158.363,64.985,122.507,123.2,71.102,76.412,52.889,46.79,179.881,77.106,77.498
padmasana,poor,0,20260222_170233.mp4,114.61,155.161,63.464,56.426,63.464,56.426,116.516,107.767,85.896,80.314,79.148,115.397,114.904,140.625,95.115,79.006,48.851,125.295,127.38,83.482,96.272,85.896,80.314,179.8,127.38,95.633,96.719,93.658,63.464,56.426,85.896,80.314,179.795,95.037,96.231
padmasana,poor,0,20260222_170233.mp4,113.765,143.006,80.289,45.676,80.289,45.676,142.563,115.806,92.391,122.808,91.311,124.729,157.203,172.151,83.938,95.848,89.088,116.744,137.495,107.475,107.34,92.391,122.808,179.888,137.495,151.9,112.492,91.597,80.289,45.676,92.391,122.808,179.845,148.919,154.114
padmasana,poor,0,20260222_170233.mp4,114.127,146.44,79.618,36.444,79.618,36.444,149.16,92.955,81.604,126.28,86.863,130.013,143.919,170.361,57.895,69.565,101.374,122.634,137.256,103.706,107.723,81.604,126.28,179.881,137.256,142.505,99.435,127.93,79.618,36.444,81.604,126.28,179.876,128.886,152.252
padmasana,poor,0,3.mp4,146.396,147.968,25.046,25.109,25.046,25.109,143.851,145.967,71.593,76.495,32.104,42.585,113.713,155.781,52.669,85.897,114.815,105.133,145.955,74.735,29.95,71.593,76.495,179.883,145.955,98.559,105.822,100.731,25.046,25.109,71.593,76.495,179.804,98.377,100.693
padmasana,poor,0,3.mp4,139.529,136.923,32.421,27.712,32.421,27.712,150.582,160.185,70.785,81.164,29.526,39.467,114.831,159.518,52.268,82.404,110.521,106.41,148.882,76.909,25.01,70.785,81.164,179.89,148.882,97.74,107.385,98.854,32.421,27.712,70.785,81.164,179.802,97.244,100.498
padmasana,poor,0,3.mp4,131.449,140.037,33.391,30.01,33.391,30.01,159.917,160.231,70.075,82.965,29.69,34.205,116.308,125.223,54.286,61.461,111.005,105.878,150.085,77.504,21.723,70.075,82.965,179.89,150.085,97.707,107.334,98.128,33.391,30.01,70.075,82.965,179.803,96.861,100.747
padmasana,poor,0,3.mp4,141.334,146.898,35.891,30.791,35.891,30.791,158.826,143.542,69.117,80.551,28.433,33.695,122.12,130.085,56.416,66.538,114.318,102.584,154.587,75.672,20.652,69.117,80.551,179.886,154.587,95.283,104.963,99.561,35.891,30.791,69.117,80.551,179.806,95.66,97.399
padmasana,poor,0,3.mp4,145.473,148.165,36.037,29.429,36.037,29.429,156.925,139.112,68.735,79.426,26.747,37.052,121.099,121.314,57.925,68.52,115.961,100.227,157.13,74.864,21.668,68.735,79.426,179.886,157.13,94.238,105.299,99.034,36.037,29.429,68.735,79.426,179.807,95.002,96.264
padmasana,poor,0,3.mp4,148.696,150.036,34.825,29.244,34.825,29.244,157.571,154.54,69.012,79.327,23.282,34.993,124.939,119.358,60.475,65.954,117.851,99.247,160.455,74.91,19.124,69.012,79.327,179.883,160.455,94.802,105.948,98.0,34.825,29.244,69.012,79.327,179.807,96.154,96.533
padmasana,poor,0,3.mp4,150.802,153.161,30.738,27.902,30.738,27.902,157.32,154.543,70.7,79.853,25.126,35.538,125.652,119.575,64.137,66.543,117.56,99.543,162.882,76.131,20.232,70.7,79.853,179.886,162.882,95.83,104.645,98.925,30.738,27.902,70.7,79.853,179.81,97.061,97.32
padmasana,poor,0,3.mp4,148.617,149.844,26.518,23.055,26.518,23.055,159.271,155.005,74.666,83.756,25.356,34.496,129.479,118.959,65.258,63.492,116.552,100.175,158.379,80.353,19.707,74.666,83.756,179.885,158.379,100.39,104.128,98.855,26.518,23.055,74.666,83.756,179.812,101.001,101.993
padmasana,poor,0,3.mp4,150.257,150.407,28.557,22.929,28.557,22.929,159.148,156.157,74.374,84.772,26.215,35.736,125.166,134.425,65.343,76.454,116.173,100.242,157.73,80.697,20.955,74.374,84.772,179.888,157.73,100.957,104.063,98.762,28.557,22.929,74.374,84.772,179.812,101.636,102.687
padmasana,poor,0,3.mp4,151.774,151.368,26.796,21.634,26.796,21.634,156.695,156.824,76.694,87.214,26.099,35.068,115.561,123.8,61.787,69.717,116.601,100.389,154.717,83.177,21.104,76.694,87.214,179.89,154.717,104.076,104.459,98.284,26.796,21.634,76.694,87.214,179.809,105.286,105.109
padmasana,poor,0,3.mp4,150.58,150.995,26.249,21.467,26.249,21.467,156.934,157.701,78.21,88.178,22.745,32.488,116.485,122.212,60.06,64.471,116.008,100.087,154.183,84.473,19.318,78.21,88.178,179.883,154.183,107.725,103.178,99.911,26.249,21.467,78.21,88.178,179.807,111.551,106.797
padmasana,poor,0,3.mp4,150.319,150.919,26.503,21.79,26.503,21.79,157.604,157.807,77.858,87.802,23.477,30.816,114.054,121.62,55.636,58.435,116.958,99.199,154.207,84.09,19.555,77.858,87.802,179.888,154.207,108.32,103.415,99.614,26.503,21.79,77.858,87.802,179.807,111.458,107.572
padmasana,poor,0,3.mp4,148.016,150.503,26.719,23.309,26.719,23.309,156.594,158.787,75.823,87.044,23.851,29.494,113.566,121.062,54.498,55.202,116.774,99.165,155.658,82.605,19.639,75.823,87.044,179.886,155.658,108.234,103.259,99.538,26.719,23.309,75.823,87.044,179.811,111.026,107.722
padmasana,poor,0,3.mp4,149.259,149.714,27.721,23.333,27.721,23.333,155.703,159.386,75.184,86.349,23.392,31.403,115.329,114.2,54.108,54.217,116.947,98.691,156.96,81.882,19.871,75.184,86.349,179.892,156.96,106.28,103.437,99.593,27.721,23.333,75.184,86.349,179.809,107.92,106.87
padmasana,poor,0,3.mp4,149.277,149.908,27.593,23.658,27.593,23.658,157.296,160.038,76.012,87.136,24.093,33.234,118.107,115.178,56.619,55.629,116.865,98.192,155.789,82.718,20.209,76.012,87.136,179.883,155.789,105.061,103.294,99.833,27.593,23.658,76.012,87.136,179.808,106.264,106.049
padmasana,poor,0,3.mp4,149.744,150.261,27.954,22.951,27.954,22.951,159.171,159.491,77.652,88.278,23.438,31.007,121.995,118.897,57.025,56.346,117.0,97.471,154.319,84.18,18.373,77.652,88.278,179.885,154.319,105.651,103.801,99.562,27.954,22.951,77.652,88.278,179.809,106.789,106.529
padmasana,poor,0,3.mp4,143.172,148.323,31.795,22.217,31.795,22.217,166.573,151.81,76.927,90.394,20.432,30.807,127.193,120.164,66.044,56.219,113.558,97.394,152.363,84.77,16.81,76.927,90.394,179.888,152.363,106.379,105.821,97.73,31.795,22.217,76.927,90.394,179.806,108.556,106.932
padmasana,poor,0,3.mp4,139.708,139.252,32.795,26.091,32.795,26.091,171.462,158.982,79.553,92.587,19.408,26.494,127.229,130.448,65.214,62.572,110.025,103.455,151.31,87.489,16.06,79.553,92.587,179.888,151.31,114.441,107.609,93.727,32.795,26.091,79.553,92.587,179.804,119.305,112.626
padmasana,poor,0,3.mp4,135.784,140.572,31.568,26.952,31.568,26.952,173.907,161.393,79.485,92.875,24.745,23.178,121.617,135.853,65.694,64.625,108.719,108.933,154.075,88.016,16.756,79.485,92.875,179.89,154.075,114.42,105.735,92.996,31.568,26.952,79.485,92.875,179.798,116.424,113.786
padmasana,poor,0,3.mp4,128.303,137.165,27.924,26.421,27.924,26.421,176.961,169.852,80.963,93.578,25.388,27.849,120.613,129.974,61.596,62.505,110.431,109.122,152.836,89.123,17.557,80.963,93.578,179.89,152.836,111.271,101.916,92.312,27.924,26.421,80.963,93.578,179.795,114.629,110.101
padmasana,poor,0,4.mp4,77.541,126.465,19.614,53.628,19.614,53.628,166.501,176.174,167.63,135.59,129.701,89.929,143.919,139.71,42.642,40.576,87.517,93.31,130.85,154.376,109.831,167.63,135.59,179.941,130.85,150.51,96.444,105.162,19.614,53.628,167.63,135.59,179.903,147.455,150.894
padmasana,poor,0,4.mp4,78.875,127.383,25.702,50.224,25.702,50.224,162.35,170.602,161.711,161.082,147.579,147.311,142.942,150.74,39.576,35.569,83.049,94.576,128.921,165.018,147.471,161.711,161.082,179.948,128.921,142.379,103.829,102.94,25.702,50.224,161.711,161.082,179.905,140.09,141.457
padmasana,poor,0,4.mp4,73.807,126.889,23.007,69.294,23.007,69.294,160.362,170.633,151.203,138.824,119.79,112.832,150.307,154.141,32.89,29.668,88.287,95.33,143.839,146.848,116.48,151.203,138.824,179.952,143.839,163.127,113.318,105.158,23.007,69.294,151.203,138.824,179.905,157.515,163.467
padmasana,poor,0,4.mp4,84.215,122.996,36.033,82.914,36.033,82.914,155.858,165.622,112.079,124.909,108.665,122.11,146.542,150.12,39.491,33.571,93.924,94.848,166.004,119.603,116.099,112.079,124.909,179.956,166.004,169.148,113.706,109.896,36.033,82.914,112.079,124.909,179.909,167.885,168.703
padmasana,poor,0,4.mp4,131.832,148.367,58.621,92.656,58.621,92.656,133.564,146.841,76.843,73.114,89.803,90.477,123.995,131.28,70.519,60.103,109.985,98.439,165.789,75.879,93.075,76.843,73.114,179.952,165.789,124.317,119.46,112.014,58.621,92.656,76.843,73.114,179.907,128.251,119.918
padmasana,poor,0,4.mp4,152.654,161.535,83.256,107.727,83.256,107.727,134.772,146.794,58.199,45.777,70.408,57.193,138.415,142.249,54.137,45.185,114.641,101.261,166.472,51.141,66.552,58.199,45.777,179.948,166.472,105.889,127.279,111.014,83.256,107.727,58.199,45.777,179.912,112.748,98.731
padmasana,poor,0,4.mp4,143.118,147.589,82.599,100.212,82.599,100.212,141.515,150.755,31.066,25.578,32.971,27.634,147.926,146.339,38.818,31.842,111.9,94.99,170.515,26.934,30.706,31.066,25.578,179.956,170.515,112.083,128.795,112.852,82.599,100.212,31.066,25.578,179.909,118.001,105.308
padmasana,poor,0,4.mp4,121.934,142.481,81.921,113.028,81.921,113.028,153.295,162.467,14.262,13.667,13.34,11.556,161.029,156.017,21.813,19.135,106.776,90.604,174.104,12.87,12.491,14.262,13.667,179.944,174.104,117.432,128.915,105.184,81.921,113.028,14.262,13.667,179.907,119.239,115.203
padmasana,poor,0,4.mp4,159.662,166.87,103.883,121.163,103.883,121.163,144.536,150.598,15.487,15.363,11.725,10.001,162.06,165.195,26.006,21.664,110.3,93.166,172.2,13.272,10.875,15.487,15.363,179.956,172.2,127.783,125.248,103.402,103.883,121.163,15.487,15.363,179.907,128.583,126.118
padmasana,poor,0,4.mp4,173.325,145.117,116.745,99.835,116.745,99.835,146.829,151.773,16.822,18.27,11.155,9.431,160.521,163.736,23.693,18.142,101.499,110.262,171.675,13.532,10.369,16.822,18.27,179.948,171.675,126.307,117.993,105.226,116.745,99.835,16.822,18.27,179.907,127.272,123.852
padmasana,poor,0,4.mp4,174.352,167.778,122.365,123.353,122.365,123.353,151.744,157.127,17.793,16.279,8.878,6.621,162.327,165.839,23.623,16.731,97.324,117.397,172.401,11.391,7.995,17.793,16.279,179.952,172.401,82.781,124.048,97.547,122.365,123.353,17.793,16.279,179.905,104.803,61.397
padmasana,poor,0,4.mp4,174.588,168.213,120.911,121.672,120.911,121.672,151.215,155.515,17.809,15.726,31.81,14.193,160.631,152.467,51.661,54.819,92.113,124.126,171.516,10.09,17.038,17.809,15.726,179.952,171.516,25.493,123.046,99.177,120.911,121.672,17.809,15.726,179.909,30.917,23.71
padmasana,poor,0,4.mp4,174.558,175.775,119.84,123.214,119.84,123.214,151.48,145.641,17.487,16.527,52.313,17.83,148.281,154.257,81.518,74.957,94.79,117.953,170.126,12.895,26.541,17.487,16.527,179.952,170.126,24.823,121.603,103.726,119.84,123.214,17.487,16.527,179.905,30.191,23.58
padmasana,poor,0,4.mp4,154.929,152.515,105.697,111.274,105.697,111.274,154.893,163.431,21.649,22.86,45.223,20.076,161.56,153.953,83.896,59.383,100.065,117.761,169.473,17.958,14.206,21.649,22.86,179.948,169.473,28.408,126.986,110.678,105.697,111.274,21.649,22.86,179.899,35.454,36.158
padmasana,poor,0,4.mp4,135.543,136.375,87.41,95.553,87.41,95.553,158.986,171.66,26.612,28.697,49.409,26.779,159.761,143.996,89.401,57.652,101.961,119.055,162.486,25.269,14.854,26.612,28.697,179.948,162.486,33.015,131.52,116.549,87.41,95.553,26.612,28.697,179.897,40.587,40.472
padmasana,poor,0,4.mp4,124.958,127.15,87.05,89.139,87.05,89.139,167.533,169.99,26.863,30.667,50.65,32.858,156.215,143.639,84.66,53.73,103.625,117.294,161.551,26.2,14.898,26.863,30.667,179.948,161.551,32.294,125.495,121.63,87.05,89.139,26.863,30.667,179.899,38.461,38.171
padmasana,poor,0,4.mp4,123.106,132.292,88.665,97.75,88.665,97.75,166.993,170.496,27.273,32.422,40.94,23.671,159.005,152.394,78.762,50.785,107.079,117.751,164.571,25.481,11.35,27.273,32.422,179.952,164.571,33.68,114.927,119.487,88.665,97.75,27.273,32.422,179.905,38.366,43.603
padmasana,poor,0,4.mp4,108.392,121.834,70.288,84.744,70.288,84.744,164.966,168.637,29.276,34.266,39.764,22.088,157.517,150.699,79.872,52.191,108.589,118.439,163.724,27.526,11.689,29.276,34.266,179.952,163.724,36.599,105.91,119.929,70.288,84.744,29.276,34.266,179.903,40.486,48.886
padmasana,poor,0,4.mp4,115.172,127.619,77.429,91.934,77.429,91.934,164.776,167.764,27.298,32.416,37.329,20.152,154.593,148.837,74.701,51.306,107.454,117.667,165.835,25.287,10.466,27.298,32.416,179.944,165.835,34.392,109.499,117.356,77.429,91.934,27.298,32.416,179.907,38.098,47.543
padmasana,poor,0,4.mp4,120.159,135.978,81.073,97.182,81.073,97.182,166.083,166.23,27.172,31.635,36.786,20.327,151.356,146.685,73.742,51.112,107.005,118.02,166.607,24.644,9.837,27.172,31.635,179.948,166.607,33.415,111.022,115.272,81.073,97.182,27.172,31.635,179.905,37.954,46.265
padmasana,poor,0,4.mp4,108.355,122.621,66.787,82.899,66.787,82.899,163.202,165.334,27.704,32.024,36.27,20.721,149.568,145.441,75.935,51.629,108.075,117.665,166.866,24.919,9.731,27.704,32.024,179.948,166.866,33.981,107.301,116.519,66.787,82.899,27.704,32.024,179.905,39.17,46.401
padmasana,poor,0,4.mp4,110.174,123.567,67.958,82.024,67.958,82.024,163.005,164.817,27.572,32.414,36.164,21.596,149.153,146.114,74.622,52.288,109.441,114.813,166.72,25.627,9.438,27.572,32.414,179.952,166.72,34.026,106.513,113.845,67.958,82.024,27.572,32.414,179.912,38.883,45.776
padmasana,poor,0,4.mp4,116.192,123.503,74.381,79.528,74.381,79.528,163.663,163.876,28.447,33.713,35.907,19.895,148.112,145.01,75.544,50.582,112.786,112.852,168.086,26.554,9.583,28.447,33.713,179.941,168.086,35.779,106.05,112.89,74.381,79.528,28.447,33.713,179.907,39.514,51.207
padmasana,poor,0,4.mp4,118.535,127.447,76.593,84.084,76.593,84.084,165.382,165.547,29.636,33.904,37.118,18.794,147.343,148.443,75.453,59.089,115.087,108.769,167.555,28.131,10.092,29.636,33.904,179.948,167.555,37.26,106.073,110.965,76.593,84.084,29.636,33.904,179.907,39.654,52.186
padmasana,poor,0,4.mp4,124.605,134.635,80.713,90.318,80.713,90.318,167.245,167.46,32.974,35.525,36.735,17.64,147.845,149.186,74.767,61.756,115.903,105.823,164.941,32.178,9.974,32.974,35.525,179.941,164.941,41.458,106.295,108.925,80.713,90.318,32.974,35.525,179.909,43.366,55.614
padmasana,poor,0,4.mp4,125.356,136.263,79.86,90.976,79.86,90.976,167.686,168.398,34.558,36.51,36.183,17.277,150.171,152.549,77.008,58.403,116.858,104.171,165.037,33.944,9.088,34.558,36.51,179.948,165.037,42.826,106.395,108.186,79.86,90.976,34.558,36.51,179.909,45.372,56.259
padmasana,poor,0,4.mp4,124.844,136.755,79.014,90.566,79.014,90.566,168.143,168.45,35.065,36.62,35.221,16.943,152.042,153.369,77.372,56.73,118.429,101.837,165.11,34.429,8.511,35.065,36.62,179.952,165.11,43.235,106.406,109.032,79.014,90.566,35.065,36.62,179.912,46.1,56.321
padmasana,poor,0,4.mp4,126.316,138.931,78.634,90.625,78.634,90.625,168.266,168.607,37.073,38.983,36.179,17.726,152.329,151.403,77.975,56.241,118.997,101.641,163.597,36.982,8.603,37.073,38.983,179.948,163.597,45.516,107.118,108.351,78.634,90.625,37.073,38.983,179.912,48.157,58.655
padmasana,poor,0,4.mp4,125.669,137.155,78.739,89.433,78.739,89.433,168.255,168.581,36.206,38.297,34.496,17.618,152.925,150.036,77.065,55.661,120.149,100.552,165.345,35.997,8.47,36.206,38.297,179.948,165.345,45.073,107.742,108.457,78.739,89.433,36.206,38.297,179.914,47.759,58.708
padmasana,poor,0,4.mp4,129.603,141.236,81.668,92.524,81.668,92.524,168.886,169.189,38.103,39.632,34.941,17.703,152.766,149.472,76.234,53.912,119.226,100.229,163.474,38.185,8.172,38.103,39.632,179.952,163.474,46.696,107.032,108.06,81.668,92.524,38.103,39.632,179.909,49.665,59.073
padmasana,poor,0,4.mp4,128.119,140.019,78.466,89.468,78.466,89.468,168.606,168.929,39.272,40.911,35.278,17.456,152.714,149.696,76.94,54.16,119.491,100.045,162.934,39.641,8.161,39.272,40.911,179.952,162.934,48.218,107.514,107.961,78.466,89.468,39.272,40.911,179.918,50.996,61.221
padmasana,poor,0,4.mp4,131.372,142.858,83.219,93.325,83.219,93.325,168.534,167.821,37.384,39.094,36.032,17.353,152.77,149.151,76.145,52.543,119.333,99.181,164.701,37.649,7.938,37.384,39.094,179.948,164.701,45.634,106.977,107.169,83.219,93.325,37.384,39.094,179.914,48.143,59.415
padmasana,poor,0,4.mp4,128.699,139.94,78.707,88.312,78.707,88.312,168.855,168.623,39.979,41.293,35.361,17.228,152.448,149.516,75.262,52.302,119.579,98.283,162.178,40.554,7.734,39.979,41.293,179.944,162.178,48.488,106.991,107.873,78.707,88.312,39.979,41.293,179.914,51.189,61.422
padmasana,poor,0,4.mp4,127.718,140.367,70.254,80.992,70.254,80.992,167.923,168.269,46.736,48.823,35.423,17.312,151.625,148.921,78.655,52.623,119.883,98.521,154.849,48.667,7.637,46.736,48.823,179.952,154.849,56.488,107.8,106.89,70.254,80.992,46.736,48.823,179.914,58.619,69.502
padmasana,poor,0,4.mp4,128.181,140.154,74.573,85.014,74.573,85.014,167.95,168.65,43.027,45.42,33.977,16.869,151.936,148.612,75.632,51.758,120.37,98.78,158.089,44.533,7.68,43.027,45.42,179.948,158.089,53.081,107.904,106.715,74.573,85.014,43.027,45.42,179.914,55.376,67.011
padmasana,poor,0,4.mp4,131.19,142.461,78.441,88.464,78.441,88.464,167.312,167.563,41.21,43.857,34.074,16.958,151.834,148.59,74.912,51.252,120.312,98.912,159.365,42.552,7.681,41.21,43.857,179.944,159.365,51.067,107.816,106.176,78.441,88.464,41.21,43.857,179.916,53.314,65.256
padmasana,poor,0,4.mp4,129.926,141.191,78.91,88.307,78.91,88.307,167.685,167.907,40.071,42.93,33.99,16.808,151.881,148.544,74.591,50.515,120.448,98.977,160.36,41.315,7.636,40.071,42.93,179.948,160.36,49.896,108.001,106.134,78.91,88.307,40.071,42.93,179.916,52.043,64.733
padmasana,poor,0,padma_poor_01.mp4,167.468,164.466,143.758,140.617,143.758,140.617,175.117,175.467,23.818,24.078,175.69,174.815,165.122,159.674,147.718,135.782,81.583,99.291,168.671,23.436,176.19,23.818,24.078,179.944,168.671,25.28,104.644,88.918,143.758,140.617,23.818,24.078,179.905,25.719,26.381
padmasana,poor,0,padma_poor_01.mp4,149.882,149.189,124.94,125.393,124.94,125.393,121.389,173.647,24.277,27.846,168.508,175.033,166.136,156.708,142.978,127.911,83.33,100.277,166.4,25.702,172.148,24.277,27.846,179.937,166.4,28.771,110.785,103.864,124.94,125.393,24.277,27.846,179.907,29.238,29.956
padmasana,poor,0,padma_poor_01.mp4,115.817,131.198,50.744,97.187,50.744,97.187,147.407,173.944,29.631,33.603,144.635,173.861,153.222,155.134,115.422,124.341,85.741,101.479,157.504,31.523,164.293,29.631,33.603,179.937,157.504,36.158,122.848,116.029,50.744,97.187,29.631,33.603,179.907,38.185,36.281
padmasana,poor,0,padma_poor_01.mp4,127.105,140.445,60.634,92.336,60.634,92.336,159.503,175.044,39.653,46.808,107.751,166.161,177.67,144.944,129.65,100.828,85.243,110.485,143.969,44.359,149.869,39.653,46.808,179.944,143.969,51.45,127.079,109.949,60.634,92.336,39.653,46.808,179.905,52.929,51.541
padmasana,poor,0,padma_poor_01.mp4,141.389,130.333,73.131,88.097,73.131,88.097,155.269,172.505,33.417,37.42,80.859,145.15,156.619,140.957,124.655,74.083,82.961,119.819,152.818,36.372,123.437,33.417,37.42,179.941,152.818,44.972,125.58,115.548,73.131,88.097,33.417,37.42,179.905,46.775,44.656
padmasana,poor,0,padma_poor_01.mp4,121.347,102.926,32.797,45.289,32.797,45.289,126.412,153.931,36.766,41.659,68.554,104.34,158.799,154.832,114.875,70.164,78.637,125.791,145.839,40.305,92.567,36.766,41.659,179.941,145.839,51.142,110.093,118.486,32.797,45.289,36.766,41.659,179.912,50.862,52.014
padmasana,poor,0,padma_poor_01.mp4,125.278,95.687,58.509,70.268,58.509,70.268,122.204,150.415,72.738,93.343,87.72,99.145,168.086,152.547,102.895,76.254,87.38,130.6,94.131,88.987,113.789,72.738,93.343,179.944,94.131,102.911,97.229,130.211,58.509,70.268,72.738,93.343,179.907,92.433,109.668
padmasana,poor,0,padma_poor_01.mp4,104.226,106.738,45.198,62.061,45.198,62.061,161.569,166.178,67.032,83.915,72.947,76.132,169.503,166.0,98.942,96.79,113.355,101.341,102.566,79.906,88.987,67.032,83.915,179.941,102.566,93.165,112.444,134.571,45.198,62.061,67.032,83.915,179.899,88.12,100.953
padmasana,poor,0,padma_poor_01.mp4,110.764,114.942,47.019,61.375,47.019,61.375,156.378,166.42,57.227,78.181,84.291,89.703,135.594,172.395,75.553,118.098,110.48,97.23,111.536,70.286,107.97,57.227,78.181,179.941,111.536,83.5,112.55,136.371,47.019,61.375,57.227,78.181,179.897,78.887,96.015
padmasana,poor,0,padma_poor_01.mp4,106.015,134.293,62.38,67.577,62.38,67.577,173.671,171.476,56.882,69.782,90.838,80.171,167.548,166.138,126.823,103.399,103.624,104.537,118.349,65.771,107.918,56.882,69.782,179.941,118.349,77.678,127.106,117.753,62.38,67.577,56.882,69.782,179.89,77.176,86.718
padmasana,poor,0,padma_poor_01.mp4,129.045,138.125,67.975,65.436,67.975,65.436,171.603,171.83,70.319,75.885,82.056,70.785,171.951,144.725,118.502,84.597,105.627,104.845,108.851,76.753,91.364,70.319,75.885,179.941,108.851,87.093,124.036,116.964,67.975,65.436,70.319,75.885,179.893,89.772,91.366
padmasana,poor,0,padma_poor_01.mp4,130.888,132.961,68.394,68.504,68.394,68.504,170.889,168.788,67.5,68.826,53.821,38.874,148.364,153.33,76.161,61.108,101.919,106.689,118.449,71.264,23.958,67.5,68.826,179.948,118.449,79.894,112.493,114.698,68.394,68.504,67.5,68.826,179.895,85.29,83.377
padmasana,poor,0,padma_poor_01.mp4,138.02,138.22,95.475,97.242,95.475,97.242,172.78,173.896,39.469,38.41,49.775,29.634,149.381,161.86,79.651,60.116,100.939,106.219,150.4,39.912,16.055,39.469,38.41,179.944,150.4,47.353,100.636,111.815,95.475,97.242,39.469,38.41,179.901,55.023,50.264
padmasana,poor,0,padma_poor_01.mp4,138.025,132.313,100.626,94.633,100.626,94.633,171.458,171.675,33.87,34.305,49.806,29.426,145.192,160.268,78.152,58.986,101.397,106.502,156.077,34.714,15.785,33.87,34.305,179.952,156.077,42.139,101.819,111.63,100.626,94.633,33.87,34.305,179.903,49.513,45.546
padmasana,poor,0,padma_poor_01.mp4,131.571,129.112,91.75,88.491,91.75,88.491,171.327,169.944,35.483,36.506,48.692,27.625,144.004,160.511,77.489,57.449,101.556,107.136,154.575,36.797,15.199,35.483,36.506,179.952,154.575,44.803,103.349,109.875,91.75,88.491,35.483,36.506,179.903,52.123,49.204
padmasana,poor,0,padma_poor_01.mp4,131.676,126.877,91.031,85.331,91.031,85.331,170.354,169.372,36.458,37.342,49.746,29.249,145.729,156.623,79.286,58.473,101.165,107.087,153.159,37.799,15.712,36.458,37.342,179.941,153.159,45.385,102.335,109.858,91.031,85.331,36.458,37.342,179.901,52.722,49.532
padmasana,poor,0,padma_poor_01.mp4,127.404,129.717,85.795,85.086,85.795,85.086,170.108,170.222,37.658,39.961,46.304,28.053,146.634,154.506,77.728,62.842,101.954,107.342,151.005,39.845,14.947,37.658,39.961,179.941,151.005,48.086,105.256,108.496,85.795,85.086,37.658,39.961,179.903,54.608,53.737
padmasana,poor,0,padma_poor_01.mp4,133.675,133.786,94.477,92.903,94.477,92.903,170.453,171.478,35.661,36.89,47.004,27.05,144.801,154.688,76.418,62.099,101.871,107.642,154.223,37.121,14.916,35.661,36.89,179.944,154.223,45.445,103.69,108.685,94.477,92.903,35.661,36.89,179.903,52.4,50.751
padmasana,poor,0,padma_poor_01.mp4,131.17,132.4,90.735,89.251,90.735,89.251,170.417,171.019,36.9,38.752,48.464,28.842,142.163,153.297,78.015,59.532,102.053,108.588,152.444,38.858,15.66,36.9,38.752,179.941,152.444,47.21,104.639,108.729,90.735,89.251,36.9,38.752,179.903,54.455,52.753
padmasana,poor,0,padma_poor_02.mp4,139.064,138.022,113.475,109.731,113.475,109.731,177.798,176.775,31.35,31.944,175.942,170.48,166.217,159.817,142.833,126.515,88.07,94.935,164.68,31.083,176.275,31.35,31.944,179.931,164.68,32.239,107.377,97.776,113.475,109.731,31.35,31.944,179.897,33.185,34.031
padmasana,poor,0,padma_poor_02.mp4,147.831,143.609,119.886,117.056,119.886,117.056,174.742,178.762,30.815,29.844,175.747,175.346,162.386,157.842,136.109,128.961,87.416,93.995,163.783,29.508,176.722,30.815,29.844,179.934,163.783,31.054,100.219,101.294,119.886,117.056,30.815,29.844,179.883,32.216,32.003
padmasana,poor,0,padma_poor_02.mp4,159.651,158.173,129.289,131.854,129.289,131.854,172.351,170.891,32.521,28.976,174.445,167.322,158.845,156.054,128.274,115.638,79.855,102.185,161.186,29.912,171.844,32.521,28.976,179.929,161.186,33.527,101.799,98.03,129.289,131.854,32.521,28.976,179.885,35.461,33.621
padmasana,poor,0,padma_poor_02.mp4,163.33,167.873,127.639,136.611,127.639,136.611,171.856,171.9,39.891,31.253,175.966,151.702,157.389,162.7,131.129,123.859,77.974,107.416,154.998,34.972,167.659,39.891,31.253,179.929,154.998,39.233,105.439,92.431,127.639,136.611,39.891,31.253,179.883,41.835,39.184
padmasana,poor,0,padma_poor_02.mp4,158.472,169.126,84.302,100.12,84.302,100.12,171.278,175.424,80.52,63.61,171.372,121.504,158.714,172.952,130.638,114.149,81.67,109.15,113.23,73.219,160.51,80.52,63.61,179.926,113.23,80.708,109.024,91.918,84.302,100.12,80.52,63.61,179.881,84.866,77.972
padmasana,poor,0,padma_poor_02.mp4,118.111,160.06,51.987,59.13,51.987,59.13,174.1,174.855,102.758,99.302,150.034,109.141,163.861,163.041,131.222,99.769,80.983,113.949,77.694,104.181,140.287,102.758,99.302,179.929,77.694,115.289,130.212,88.44,51.987,59.13,102.758,99.302,179.869,113.079,115.008
padmasana,poor,0,padma_poor_02.mp4,158.192,162.83,38.686,41.858,38.686,41.858,176.683,173.992,117.937,116.351,112.548,114.145,157.765,172.698,117.984,118.024,83.337,115.529,56.781,121.025,122.476,117.937,116.351,179.926,56.781,135.287,120.422,86.263,38.686,41.858,117.937,116.351,179.867,133.22,134.786
padmasana,poor,0,padma_poor_02.mp4,166.01,160.427,69.674,75.416,69.674,75.416,170.774,173.39,83.166,84.465,122.541,113.488,166.586,167.2,138.834,152.816,87.53,108.237,92.858,85.88,132.312,83.166,84.465,179.926,92.858,98.266,111.377,95.432,69.674,75.416,83.166,84.465,179.866,99.119,100.132
padmasana,poor,0,padma_poor_02.mp4,162.205,156.946,86.528,88.253,86.528,88.253,176.294,171.753,62.314,69.377,120.795,115.662,175.214,166.531,149.216,138.473,87.792,110.186,112.274,67.293,139.224,62.314,69.377,179.923,112.274,78.295,110.34,96.119,86.528,88.253,62.314,69.377,179.864,79.785,82.12
padmasana,poor,0,padma_poor_02.mp4,158.602,159.72,107.295,116.954,107.295,116.954,172.288,174.356,41.174,41.674,107.307,98.225,175.367,161.85,138.735,108.662,87.821,111.788,139.31,42.093,127.379,41.174,41.674,179.929,139.31,51.779,100.676,100.456,107.295,116.954,41.174,41.674,179.862,58.956,53.169
padmasana,poor,0,padma_poor_02.mp4,153.536,153.097,117.891,122.335,117.891,122.335,169.642,172.769,29.088,31.573,76.816,58.483,155.11,161.387,106.672,77.908,91.22,109.346,151.745,30.886,59.457,29.088,31.573,179.929,151.745,39.335,98.073,107.288,117.891,122.335,29.088,31.573,179.864,47.399,42.084
padmasana,poor,0,padma_poor_02.mp4,153.111,140.825,110.071,103.424,110.071,103.424,176.183,171.94,42.822,40.67,58.266,45.564,157.504,157.666,87.45,68.047,94.774,108.117,143.608,42.69,25.504,42.822,40.67,179.929,143.608,49.293,94.758,111.851,110.071,103.424,42.822,40.67,179.869,59.04,51.494
padmasana,poor,0,padma_poor_02.mp4,150.638,143.537,104.878,100.689,104.878,100.689,176.616,168.734,44.822,44.973,58.307,41.271,156.542,157.763,90.117,66.05,96.912,106.52,142.41,46.097,21.8,44.822,44.973,179.934,142.41,52.377,98.281,107.257,104.878,100.689,44.822,44.973,179.876,60.398,56.102
padmasana,poor,0,padma_poor_02.mp4,149.773,145.292,103.327,99.203,103.327,99.203,173.713,170.239,44.915,46.777,58.053,42.583,154.332,156.369,93.294,67.088,98.426,105.524,142.047,47.131,22.136,44.915,46.777,179.931,142.047,53.363,100.372,104.44,103.327,99.203,44.915,46.777,179.875,60.266,58.204
padmasana,poor,0,padma_poor_02.mp4,147.642,143.526,105.621,100.481,105.621,100.481,167.154,170.774,40.604,42.838,62.32,43.638,153.036,155.974,93.744,68.474,98.671,105.344,146.484,42.827,24.395,40.604,42.838,179.934,146.484,48.898,101.391,103.42,105.621,100.481,40.604,42.838,179.873,55.244,54.183
padmasana,poor,0,padma_poor_02.mp4,147.292,145.919,104.652,101.525,104.652,101.525,164.214,171.183,41.187,42.955,62.058,44.133,155.447,156.398,91.605,68.702,98.826,105.054,145.951,43.185,23.848,41.187,42.955,179.931,145.951,49.005,101.333,102.61,104.652,101.525,41.187,42.955,179.873,55.25,54.551
padmasana,poor,0,padma_poor_02.mp4,147.685,148.537,106.77,105.473,106.77,105.473,164.731,170.843,38.714,40.741,58.698,44.867,156.765,156.683,89.782,70.944,99.12,105.514,148.308,40.79,22.804,38.714,40.741,179.929,148.308,46.749,101.396,100.331,106.77,105.473,38.714,40.741,179.872,53.092,52.791
padmasana,poor,0,padma_poor_03.mp4,155.15,153.023,54.353,57.094,54.353,57.094,173.938,172.101,111.321,103.904,174.266,148.559,159.218,154.709,130.147,122.458,96.587,93.025,81.476,110.067,166.019,111.321,103.904,179.941,81.476,114.907,104.762,101.843,54.353,57.094,111.321,103.904,179.899,114.005,113.915
padmasana,poor,0,padma_poor_03.mp4,147.197,158.25,28.624,37.254,28.624,37.254,173.839,170.92,138.986,119.855,168.86,132.224,161.208,157.582,135.889,101.592,89.841,102.849,56.767,133.378,156.348,138.986,119.855,179.934,56.767,141.851,105.266,100.456,28.624,37.254,138.986,119.855,179.899,143.849,136.589
padmasana,poor,0,padma_poor_03.mp4,103.018,134.946,54.756,39.206,54.756,39.206,170.251,169.456,109.299,108.718,95.611,102.13,166.67,160.943,83.357,96.202,92.357,111.427,66.674,112.961,107.323,109.299,108.718,179.937,66.674,133.833,109.586,103.186,54.756,39.206,109.299,108.718,179.892,132.194,133.58
padmasana,poor,0,padma_poor_03.mp4,123.792,119.473,28.636,39.256,28.636,39.256,169.354,171.007,106.502,108.146,102.544,96.425,145.743,134.87,107.089,103.707,97.666,105.093,68.076,111.323,116.504,106.502,108.146,179.931,68.076,130.667,103.722,115.735,28.636,39.256,106.502,108.146,179.885,133.394,130.718
padmasana,poor,0,padma_poor_03.mp4,98.86,95.048,33.831,38.307,33.831,38.307,167.892,175.314,85.784,92.58,76.605,78.051,140.023,129.627,94.233,86.947,107.907,103.898,85.455,93.861,91.558,85.784,92.58,179.941,85.455,116.416,104.956,113.058,33.831,38.307,85.784,92.58,179.89,119.265,120.276
padmasana,poor,0,padma_poor_03.mp4,111.294,107.73,35.106,33.944,35.106,33.944,171.175,175.121,86.131,98.631,68.892,67.845,159.958,143.209,99.145,79.965,109.756,100.706,89.745,97.373,71.898,86.131,98.631,179.941,89.745,114.218,105.1,107.587,35.106,33.944,86.131,98.631,179.892,115.531,119.697
padmasana,poor,0,padma_poor_03.mp4,137.717,119.534,57.643,46.953,57.643,46.953,171.542,172.745,78.75,83.565,58.985,41.378,163.778,128.506,86.552,132.793,107.488,98.814,105.882,85.254,26.571,78.75,83.565,179.937,105.882,94.342,91.435,106.292,57.643,46.953,78.75,83.565,179.892,99.162,98.731
padmasana,poor,0,padma_poor_03.mp4,141.773,145.269,77.811,87.599,77.811,87.599,173.062,171.19,62.437,59.978,49.461,41.605,148.809,154.483,116.696,54.026,106.219,97.484,128.611,63.308,19.368,62.437,59.978,179.944,128.611,70.351,89.113,108.103,77.811,87.599,62.437,59.978,179.893,79.357,73.825
padmasana,poor,0,padma_poor_03.mp4,144.757,150.637,98.676,108.357,98.676,108.357,172.524,169.564,43.973,42.319,51.539,43.933,152.537,156.174,63.208,58.154,105.29,97.184,147.116,44.153,19.982,43.973,42.319,179.948,147.116,50.374,88.765,107.234,98.676,108.357,43.973,42.319,179.895,58.92,55.436
padmasana,poor,0,padma_poor_03.mp4,141.995,147.425,85.102,93.699,85.102,93.699,170.864,167.478,54.748,55.371,55.469,45.55,151.549,152.569,71.488,63.66,104.935,98.334,135.317,56.794,22.168,54.748,55.371,179.948,135.317,63.063,92.606,104.634,85.102,93.699,54.748,55.371,179.897,69.633,69.155
padmasana,poor,0,padma_poor_03.mp4,151.385,155.625,74.324,80.162,74.324,80.162,171.513,166.797,74.47,76.496,56.386,48.624,146.657,150.394,71.111,64.018,102.178,100.547,111.464,78.627,24.13,74.47,76.496,179.941,111.464,84.752,94.504,100.03,74.324,80.162,74.47,76.496,179.893,89.015,89.784
padmasana,poor,0,padma_poor_03.mp4,148.257,153.101,80.915,89.215,80.915,89.215,171.104,166.483,65.003,65.772,56.842,48.796,148.007,148.072,76.214,63.811,100.361,101.509,123.213,67.577,24.125,65.003,65.772,179.948,123.213,73.424,94.412,101.673,80.915,89.215,65.003,65.772,179.897,78.677,78.532
padmasana,poor,0,padma_poor_03.mp4,149.233,154.721,99.476,108.213,99.476,108.213,171.613,168.64,47.504,46.696,52.424,46.182,147.271,149.086,73.59,61.262,99.285,101.676,142.172,48.136,20.839,47.504,46.696,179.952,142.172,53.879,92.391,102.088,99.476,108.213,47.504,46.696,179.899,60.669,59.184
padmasana,poor,0,padma_poor_03.mp4,144.252,150.189,87.029,98.764,87.029,98.764,170.824,167.941,55.14,52.225,57.691,50.287,144.525,145.88,79.381,65.484,98.274,103.619,136.301,55.063,25.392,55.14,52.225,179.952,136.301,60.863,92.91,103.698,87.029,98.764,55.14,52.225,179.899,68.514,64.917
padmasana,poor,0,padma_poor_04.mp4,148.101,149.758,108.554,112.933,108.554,112.933,175.068,166.281,39.551,38.837,176.964,176.317,164.719,160.86,144.664,139.551,89.656,89.964,155.955,38.01,177.152,39.551,38.837,179.941,155.955,39.38,96.259,100.407,108.554,112.933,39.551,38.837,179.897,41.004,40.493
padmasana,poor,0,padma_poor_04.mp4,137.399,138.454,106.353,105.26,106.353,105.26,172.36,176.06,31.612,33.841,178.109,176.283,161.227,159.57,138.625,134.748,87.474,90.288,164.931,31.452,177.387,31.612,33.841,179.941,164.931,32.671,107.493,93.769,106.353,105.26,31.612,33.841,179.899,32.098,35.506
padmasana,poor,0,padma_poor_04.mp4,147.494,148.208,113.484,117.644,113.484,117.644,175.985,176.099,34.87,35.631,178.003,177.06,162.401,161.595,141.709,139.741,90.439,88.137,161.087,34.006,177.622,34.87,35.631,179.937,161.087,35.173,99.497,102.514,113.484,117.644,34.87,35.631,179.901,35.661,36.934
padmasana,poor,0,padma_poor_04.mp4,154.956,165.694,128.018,134.497,128.018,134.497,171.236,167.255,31.052,31.555,175.828,172.114,157.471,153.869,132.539,124.081,93.252,88.645,165.257,30.476,174.147,31.052,31.555,179.944,165.257,32.478,104.318,97.012,128.018,134.497,31.052,31.555,179.899,32.497,34.401
padmasana,poor,0,padma_poor_04.mp4,131.495,164.028,50.558,55.097,50.558,55.097,168.469,169.78,105.829,103.305,176.801,138.514,154.853,150.351,130.309,99.612,89.776,98.696,85.45,107.652,164.078,105.829,103.305,179.944,85.45,113.401,123.072,90.245,50.558,55.097,105.829,103.305,179.901,107.269,117.068
padmasana,poor,0,padma_poor_04.mp4,123.713,159.136,48.682,40.939,48.682,40.939,169.879,171.041,122.772,110.909,175.317,114.972,159.683,163.183,135.412,110.235,88.541,105.831,67.366,122.23,160.351,122.772,110.909,179.944,67.366,129.341,121.458,90.06,48.682,40.939,122.772,110.909,179.899,125.057,130.479
padmasana,poor,0,padma_poor_04.mp4,119.911,155.625,54.162,36.106,54.162,36.106,169.039,171.947,119.758,115.279,157.058,116.652,161.86,158.697,129.683,97.802,85.367,111.572,61.165,121.91,148.747,119.758,115.279,179.952,61.165,133.137,122.335,90.466,54.162,36.106,119.758,115.279,179.901,129.452,133.683
padmasana,poor,0,padma_poor_04.mp4,99.933,119.793,90.527,47.242,90.527,47.242,149.24,170.02,120.377,125.304,113.369,107.19,176.898,163.201,139.667,118.893,83.268,113.754,54.511,126.662,130.859,120.377,125.304,179.944,54.511,139.333,105.01,112.082,90.527,47.242,120.377,125.304,179.895,138.018,142.02
padmasana,poor,0,padma_poor_04.mp4,101.052,121.239,75.734,43.182,75.734,43.182,164.538,167.689,110.687,119.717,94.926,97.749,161.903,158.926,129.679,111.093,88.236,109.25,62.517,119.114,113.973,110.687,119.717,179.948,62.517,132.744,118.116,111.644,75.734,43.182,110.687,119.717,179.899,131.594,136.327
padmasana,poor,0,padma_poor_04.mp4,145.169,146.998,75.3,70.769,75.3,70.769,170.845,171.346,69.449,74.811,69.87,67.875,148.406,150.305,87.666,71.44,93.645,104.357,111.021,74.069,62.011,69.449,74.811,179.941,111.021,84.768,116.575,101.22,75.3,70.769,69.449,74.811,179.892,89.44,88.71
padmasana,poor,0,padma_poor_04.mp4,140.649,136.024,92.317,92.52,92.317,92.52,170.677,173.522,44.031,45.764,58.827,48.352,141.109,151.02,75.805,59.341,97.689,105.611,141.361,46.228,31.568,44.031,45.764,179.937,141.361,54.751,99.027,103.184,92.317,92.52,44.031,45.764,179.886,64.208,58.057
padmasana,poor,0,padma_poor_04.mp4,140.265,140.619,92.055,90.935,92.055,90.935,173.14,170.423,45.562,49.124,55.013,38.019,148.638,153.143,78.209,60.365,99.389,107.141,142.148,48.93,18.402,45.562,49.124,179.948,142.148,55.653,101.785,96.824,92.055,90.935,45.562,49.124,179.892,62.336,62.251
padmasana,poor,0,padma_poor_04.mp4,137.763,144.346,84.016,86.557,84.016,86.557,172.226,171.231,52.344,54.183,61.543,38.142,147.827,151.439,85.256,59.328,99.85,107.052,136.809,55.202,18.305,52.344,54.183,179.948,136.809,60.966,102.892,97.673,84.016,86.557,52.344,54.183,179.89,66.867,67.713
padmasana,poor,0,padma_poor_04.mp4,140.357,147.501,83.756,87.814,83.756,87.814,172.557,168.402,54.231,56.318,61.362,37.74,154.058,153.007,90.325,65.907,99.802,107.174,134.884,57.342,18.629,54.231,56.318,179.944,134.884,63.29,103.041,98.088,83.756,87.814,54.231,56.318,179.89,68.502,70.459
padmasana,poor,0,padma_poor_04.mp4,140.268,150.829,81.518,87.892,81.518,87.892,171.718,168.903,56.691,59.632,61.464,42.842,152.25,153.236,86.578,65.344,99.724,106.84,131.591,60.364,21.162,56.691,59.632,179.937,131.591,66.09,104.78,96.869,81.518,87.892,56.691,59.632,179.892,70.384,73.343
padmasana,poor,0,padma_poor_04.mp4,141.907,152.554,78.737,84.986,78.737,84.986,169.212,167.566,61.056,64.484,58.768,42.467,150.323,154.345,85.267,67.199,99.854,107.527,127.203,65.415,20.269,61.056,64.484,179.944,127.203,71.494,105.805,96.704,78.737,84.986,61.056,64.484,179.892,75.714,79.081
padmasana,poor,0,padma_poor_04.mp4,141.865,150.869,85.144,89.61,85.144,89.61,167.977,167.914,54.882,59.19,57.912,45.713,150.381,151.103,86.452,66.068,99.876,107.647,131.972,59.318,21.577,54.882,59.19,179.952,131.972,65.313,106.601,97.513,85.144,89.61,54.882,59.19,179.892,69.807,73.395
padmasana,poor,0,padma_poor_05.mp4,162.777,172.996,131.731,136.327,131.731,136.327,175.078,175.184,38.358,33.709,174.174,164.397,161.415,154.827,142.185,126.59,80.08,105.793,155.332,35.559,171.046,38.358,33.709,179.941,155.332,38.876,109.716,86.613,131.731,136.327,38.358,33.709,179.895,41.131,39.001
padmasana,poor,0,padma_poor_05.mp4,149.244,163.391,63.999,66.675,63.999,66.675,171.946,172.601,98.261,88.901,163.861,144.001,155.089,162.763,126.725,32.569,78.123,116.104,95.218,96.811,159.289,98.261,88.901,179.934,95.218,105.488,122.576,85.775,63.999,66.675,98.261,88.901,179.895,104.997,104.324
padmasana,poor,0,padma_poor_05.mp4,156.217,157.365,42.574,34.855,42.574,34.855,178.399,172.8,122.436,120.118,117.251,116.191,165.628,176.166,96.689,134.169,83.197,116.016,59.519,125.472,129.547,122.436,120.118,179.934,59.519,140.075,120.768,96.211,42.574,34.855,122.436,120.118,179.893,138.593,140.646
padmasana,poor,0,padma_poor_05.mp4,133.941,115.784,43.798,45.855,43.798,45.855,167.632,173.049,108.023,114.865,92.186,93.744,175.105,159.559,129.896,117.05,88.889,113.076,66.661,116.233,107.575,108.023,114.865,179.941,66.661,132.976,123.714,113.028,43.798,45.855,108.023,114.865,179.886,132.393,135.506
padmasana,poor,0,padma_poor_05.mp4,139.403,136.25,50.171,36.667,50.171,36.667,161.805,172.243,99.778,104.841,75.797,76.72,150.662,134.135,96.979,74.066,92.447,108.184,81.106,106.603,80.405,99.778,104.841,179.941,81.106,119.596,116.429,99.124,50.171,36.667,99.778,104.841,179.883,120.109,123.022
padmasana,poor,0,padma_poor_05.mp4,143.056,134.855,52.925,48.356,52.925,48.356,168.257,171.799,96.6,90.794,70.705,55.466,141.952,151.155,93.526,79.467,96.191,107.401,93.248,97.912,50.148,96.6,90.794,179.937,93.248,107.362,105.393,103.554,52.925,48.356,96.6,90.794,179.89,114.046,106.009
padmasana,poor,0,padma_poor_05.mp4,147.03,148.84,75.022,82.274,75.022,82.274,175.019,175.289,73.223,67.029,56.424,43.379,141.593,154.194,77.029,66.341,96.319,107.28,119.514,72.53,23.661,73.223,67.029,179.944,119.514,79.707,103.418,102.371,75.022,82.274,73.223,67.029,179.89,88.294,80.526
padmasana,poor,0,padma_poor_05.mp4,153.146,155.284,111.934,117.236,111.934,117.236,174.942,177.71,39.402,36.759,50.907,37.403,145.22,158.932,84.859,54.225,95.078,106.56,151.362,38.8,15.309,39.402,36.759,179.934,151.362,44.263,102.196,102.661,111.934,117.236,39.402,36.759,179.888,51.472,48.621
padmasana,poor,0,padma_poor_05.mp4,150.829,151.746,111.726,113.735,111.726,113.735,173.881,173.461,36.382,36.437,56.145,44.043,148.99,152.844,83.291,59.737,95.026,108.467,153.156,37.2,19.643,36.382,36.437,179.941,153.156,42.779,106.489,99.377,111.726,113.735,36.382,36.437,179.886,49.056,48.764
padmasana,poor,0,padma_poor_05.mp4,152.137,151.499,112.594,113.619,112.594,113.619,173.052,167.95,36.303,36.5,59.279,42.953,152.37,155.544,86.475,59.838,95.269,108.378,153.122,37.205,20.103,36.303,36.5,179.941,153.122,42.693,105.751,99.873,112.594,113.619,36.303,36.5,179.892,48.836,48.846
padmasana,poor,0,padma_poor_05.mp4,152.035,150.96,108.331,109.811,108.331,109.811,173.069,166.367,40.596,40.253,59.954,44.679,152.078,156.074,87.755,61.666,95.478,108.194,148.613,41.398,21.327,40.596,40.253,179.941,148.613,46.903,104.953,100.718,108.331,109.811,40.596,40.253,179.89,53.077,52.759
padmasana,poor,0,poor.mp4,110.706,105.486,65.865,35.505,65.865,35.505,171.452,154.321,65.768,49.494,19.605,11.794,83.383,176.407,88.12,87.809,112.405,159.953,173.503,37.066,10.857,65.768,49.494,179.83,173.503,155.161,113.194,101.999,65.865,35.505,65.768,49.494,179.772,155.192,83.451
padmasana,poor,0,poor.mp4,109.997,122.746,42.036,23.209,42.036,23.209,170.551,153.366,51.954,68.598,9.727,26.804,113.454,147.25,59.731,105.129,105.481,118.101,162.062,59.14,14.912,51.954,68.598,179.856,162.062,104.459,100.904,96.833,42.036,23.209,51.954,68.598,179.774,157.226,90.414
padmasana,poor,0,poor.mp4,115.816,122.015,37.76,24.688,37.76,24.688,158.641,151.038,50.307,62.833,16.689,27.723,124.85,150.411,70.923,110.227,104.455,111.366,159.887,55.751,15.624,50.307,62.833,179.849,159.887,90.251,94.606,101.4,37.76,24.688,50.307,62.833,179.771,114.306,81.37
padmasana,poor,0,poor.mp4,114.014,111.459,39.3,23.13,39.3,23.13,165.639,159.705,51.333,63.078,15.482,35.064,145.463,143.941,53.006,77.668,100.429,110.038,159.745,56.702,16.472,51.333,63.078,179.844,159.745,81.131,96.069,99.727,39.3,23.13,51.333,63.078,179.77,94.938,78.724
padmasana,poor,0,poor.mp4,115.996,115.423,30.834,24.264,30.834,24.264,167.023,162.711,59.998,70.338,22.517,36.221,147.915,147.019,67.807,71.806,98.637,107.258,145.787,65.306,17.7,59.998,70.338,179.848,145.787,82.275,96.214,95.304,30.834,24.264,59.998,70.338,179.774,85.361,83.209
padmasana,poor,0,poor.mp4,121.884,122.719,32.271,26.441,32.271,26.441,171.897,169.925,67.712,76.405,21.429,35.737,141.483,142.842,67.095,72.638,100.986,106.112,136.125,72.414,17.017,67.712,76.405,179.844,136.125,88.889,94.925,94.432,32.271,26.441,67.712,76.405,179.773,91.582,89.542
padmasana,poor,0,poor.mp4,128.941,130.785,34.615,28.674,34.615,28.674,173.327,173.5,75.24,83.551,22.241,41.195,133.014,135.459,61.812,72.67,102.885,105.223,132.392,79.948,17.7,75.24,83.551,179.843,132.392,95.322,96.507,95.241,34.615,28.674,75.24,83.551,179.766,98.17,95.534
padmasana,poor,0,poor.mp4,127.052,130.622,36.531,29.404,36.531,29.404,174.664,170.121,72.281,81.088,25.745,38.658,130.22,129.894,59.182,66.421,107.687,101.056,136.865,77.279,19.765,72.281,81.088,179.843,136.865,93.606,95.07,96.506,36.531,29.404,72.281,81.088,179.766,96.504,93.701
padmasana,poor,0,poor.mp4,125.929,133.279,33.032,30.481,33.032,30.481,175.468,170.638,73.636,81.546,25.75,41.25,133.498,124.047,61.987,66.307,111.13,98.549,136.755,78.24,21.851,73.636,81.546,179.842,136.755,95.655,93.617,97.839,33.032,30.481,73.636,81.546,179.763,98.168,96.01
padmasana,poor,0,poor.mp4,123.93,135.216,34.935,34.709,34.935,34.709,173.576,172.529,70.452,79.027,26.251,41.197,134.794,122.73,60.679,69.144,112.042,98.426,139.915,75.279,23.173,70.452,79.027,179.843,139.915,94.263,95.357,95.573,34.935,34.709,70.452,79.027,179.763,95.525,95.823
padmasana,poor,0,poor.mp4,124.512,138.252,36.254,37.837,36.254,37.837,173.057,172.698,69.493,78.636,28.886,41.19,134.872,120.607,60.806,70.426,114.294,97.817,140.259,74.618,25.864,69.493,78.636,179.842,140.259,94.632,95.625,94.777,36.254,37.837,69.493,78.636,179.76,95.446,96.417
padmasana,poor,0,temp_VID20260218162632.mp4,150.123,132.151,117.741,102.92,117.741,102.92,167.096,161.832,99.398,104.888,62.756,157.28,151.39,157.397,26.199,41.83,158.99,117.429,114.839,145.076,152.599,99.398,104.888,179.956,114.839,122.978,131.26,89.443,117.741,102.92,99.398,104.888,179.897,136.022,103.261
padmasana,poor,0,temp_VID20260218162632.mp4,83.569,143.149,41.2,40.263,41.2,40.263,111.143,174.866,121.336,89.084,90.718,167.906,139.452,155.123,33.191,28.987,127.764,97.982,124.393,115.482,127.259,121.336,89.084,179.952,124.393,96.493,137.302,48.984,41.2,40.263,121.336,89.084,179.905,121.496,82.367
padmasana,poor,0,temp_VID20260218162632.mp4,68.193,57.078,37.268,66.015,37.268,66.015,87.539,150.334,107.705,41.864,62.341,56.599,154.946,59.972,52.044,27.259,162.215,110.162,137.968,56.317,99.496,107.705,41.864,179.944,137.968,32.51,95.875,90.472,37.268,66.015,107.705,41.864,179.909,78.76,6.675
padmasana,poor,0,temp_VID20260218163042.mp4,139.182,147.346,83.208,97.323,83.208,97.323,177.34,176.292,39.927,38.429,49.095,27.873,113.475,139.843,58.192,29.244,89.677,101.718,151.1,39.23,21.112,39.927,38.429,179.756,151.1,46.31,95.615,90.425,83.208,97.323,39.927,38.429,179.579,47.59,47.16
padmasana,poor,0,temp_VID20260218163042.mp4,136.301,143.043,80.983,91.15,80.983,91.15,176.387,176.614,40.008,38.91,50.139,29.237,113.889,138.35,59.592,30.719,89.704,101.937,150.684,39.51,21.832,40.008,38.91,179.759,150.684,46.654,98.528,88.445,80.983,91.15,40.008,38.91,179.579,47.602,48.0
padmasana,poor,0,temp_VID20260218163042.mp4,136.147,142.867,77.239,89.324,77.239,89.324,175.062,176.454,41.893,39.866,54.25,29.153,111.371,139.675,61.576,29.883,89.02,102.779,149.243,40.942,22.788,41.893,39.866,179.753,149.243,47.975,97.184,90.782,77.239,89.324,41.893,39.866,179.58,49.166,48.94
padmasana,poor,0,temp_VID20260218163042.mp4,136.888,142.747,80.014,91.462,80.014,91.462,174.191,176.206,39.551,37.725,51.848,27.076,110.753,141.764,59.976,28.789,89.121,102.936,151.5,38.675,21.001,39.551,37.725,179.754,151.5,45.782,97.928,89.857,80.014,91.462,39.551,37.725,179.577,46.879,46.917
padmasana,poor,0,temp_VID20260218163042.mp4,137.825,142.582,83.553,93.264,83.553,93.264,175.34,176.062,38.266,36.38,47.997,27.518,112.476,141.346,57.517,28.058,89.13,102.895,153.019,37.361,20.531,38.266,36.38,179.752,153.019,44.628,98.073,90.258,83.553,93.264,38.266,36.38,179.576,45.83,45.715
padmasana,poor,0,temp_VID20260218163042.mp4,138.227,142.674,83.954,93.764,83.954,93.764,174.65,175.752,37.934,36.136,45.364,25.975,114.541,142.653,56.114,27.677,89.032,102.88,152.824,37.079,19.083,37.934,36.136,179.754,152.824,44.319,98.246,89.854,83.954,93.764,37.934,36.136,179.576,45.561,45.392
padmasana,poor,0,temp_VID20260218163042.mp4,137.615,142.495,84.393,94.463,84.393,94.463,174.75,176.557,37.555,35.649,46.178,25.563,114.66,143.684,56.564,27.732,88.698,103.154,153.272,36.647,18.773,37.555,35.649,179.755,153.272,43.678,98.355,89.738,84.393,94.463,37.555,35.649,179.576,44.917,44.775
padmasana,poor,0,temp_VID20260218163042.mp4,140.149,144.059,90.505,98.876,90.505,98.876,176.35,175.88,36.064,33.731,44.759,25.107,115.115,144.245,56.112,28.188,88.643,103.043,154.588,34.933,18.249,36.064,33.731,179.753,154.588,41.925,97.248,91.144,90.505,98.876,36.064,33.731,179.577,43.336,42.9
padmasana,poor,0,temp_VID20260218163042.mp4,140.474,144.517,91.254,99.828,91.254,99.828,176.387,175.758,35.585,33.22,44.525,24.219,116.554,144.912,57.31,27.803,89.192,102.334,155.129,34.428,17.872,35.585,33.22,179.754,155.129,41.482,96.92,91.615,91.254,99.828,35.585,33.22,179.577,42.9,42.487
padmasana,poor,0,temp_VID20260218163042.mp4,141.0,143.507,90.825,97.457,90.825,97.457,176.647,175.815,36.54,34.629,45.728,25.226,115.959,143.593,58.118,28.61,89.251,102.376,154.0,35.622,18.749,36.54,34.629,179.753,154.0,42.737,98.616,89.823,90.825,97.457,36.54,34.629,179.578,43.993,43.848
padmasana,poor,0,temp_VID20260218163042.mp4,140.079,143.321,88.992,96.718,88.992,96.718,176.432,175.315,36.892,34.991,46.261,25.215,115.316,143.546,59.019,28.698,89.466,102.241,153.858,35.981,18.901,36.892,34.991,179.756,153.858,43.153,98.582,89.817,88.992,96.718,36.892,34.991,179.578,44.376,44.311
padmasana,poor,0,temp_VID_20260218_004840357.mp4,136.231,90.966,37.835,13.768,37.835,13.768,95.292,153.129,81.734,64.359,90.226,63.825,130.777,151.702,86.611,27.702,137.747,90.803,131.993,75.795,115.703,81.734,64.359,179.912,131.993,96.212,97.459,103.109,37.835,13.768,81.734,64.359,179.859,100.214,97.573
padmasana,poor,0,temp_VID_20260218_004840357.mp4,81.916,109.459,26.377,31.142,26.377,31.142,123.039,162.715,70.947,77.53,70.541,35.79,163.128,159.517,133.505,61.622,129.916,101.256,120.424,77.081,80.325,70.947,77.53,179.912,120.424,104.009,87.58,69.83,26.377,31.142,70.947,77.53,179.864,103.268,123.631
padmasana,poor,0,temp_VID_20260218_004840357.mp4,78.713,106.135,26.572,28.388,26.572,28.388,124.609,165.3,70.347,77.048,74.297,33.145,148.161,157.976,111.402,49.25,130.59,96.045,114.518,76.254,80.231,70.347,77.048,179.909,114.518,104.572,89.174,71.912,26.572,28.388,70.347,77.048,179.873,104.47,123.314
padmasana,poor,0,temp_VID_20260218_004840357.mp4,81.72,105.562,22.169,28.76,22.169,28.76,127.649,161.722,68.524,78.293,73.183,33.34,155.675,156.711,116.762,46.835,128.656,93.934,111.792,75.529,75.14,68.524,78.293,179.909,111.792,108.145,85.842,72.33,22.169,28.76,68.524,78.293,179.875,105.87,128.53
