asana,label,label_int,filename,left_elbow,right_elbow,left_shoulder,right_shoulder,left_arm_raise,right_arm_raise,left_wrist_bend,right_wrist_bend,left_hip,right_hip,left_knee,right_knee,left_ankle,right_ankle,left_foot,right_foot,left_hip_abduction,right_hip_abduction,neck_tilt,spine_upper,spine_lower,left_trunk,right_trunk,left_lateral_bend,forward_bend,pelvic_tilt,left_arm_torso,right_arm_torso,left_shoulder_plane,right_shoulder_plane,left_hip_flexion,right_hip_flexion,hip_alignment,left_full_chain,right_full_chain
tadasana,good,2,2.mp4,172.884,176.276,141.854,139.244,141.854,139.244,163.904,163.971,149.234,143.051,122.304,116.251,152.746,161.961,34.492,27.198,87.992,101.964,153.332,147.441,119.676,149.234,143.051,179.914,153.332,164.045,78.603,107.023,141.854,139.244,149.234,143.051,179.88,163.19,164.09
tadasana,good,2,2.mp4,172.001,177.094,149.522,145.099,149.522,145.099,169.622,165.14,162.693,145.568,140.897,124.564,157.956,158.165,30.668,33.802,80.802,112.611,159.537,156.035,133.786,162.693,145.568,179.905,159.537,167.544,80.561,105.491,149.522,145.099,162.693,145.568,179.888,165.946,168.877
tadasana,good,2,2.mp4,170.19,176.13,149.819,145.844,149.819,145.844,167.521,163.925,163.921,148.353,141.94,128.165,157.822,156.522,28.663,35.474,78.089,115.499,157.231,158.037,135.977,163.921,148.353,179.909,157.231,167.497,77.703,110.323,149.819,145.844,163.921,148.353,179.89,165.554,169.511
tadasana,good,2,2.mp4,169.639,174.31,149.431,146.959,149.431,146.959,169.743,166.66,165.13,140.712,142.643,121.453,157.259,152.614,31.066,39.76,81.37,115.454,158.569,155.153,133.589,165.13,140.712,179.909,158.569,168.457,72.733,115.731,149.431,146.959,165.13,140.712,179.892,165.573,171.789
tadasana,good,2,2.mp4,168.032,171.974,149.745,144.865,149.745,144.865,168.682,53.672,157.309,137.409,135.36,119.413,155.892,141.124,32.886,53.946,85.788,109.13,159.127,148.733,127.754,157.309,137.409,179.903,159.127,171.509,84.543,104.447,149.745,144.865,157.309,137.409,179.886,167.651,176.643
tadasana,good,2,2.mp4,166.069,169.592,151.259,143.203,151.259,143.203,172.37,38.651,153.511,140.117,133.062,119.52,155.522,143.12,31.522,49.304,87.412,104.233,157.874,147.899,126.789,153.511,140.117,179.901,157.874,171.346,101.634,87.177,151.259,143.203,153.511,140.117,179.875,169.662,173.504
tadasana,good,2,2.mp4,175.16,173.156,148.895,144.656,148.895,144.656,172.242,166.117,154.915,129.979,132.193,111.78,152.485,141.046,35.777,53.42,90.848,105.078,156.445,144.135,122.738,154.915,129.979,179.903,156.445,171.524,83.388,99.535,148.895,144.656,154.915,129.979,179.883,167.505,176.539
tadasana,good,2,2.mp4,177.401,176.957,143.795,141.125,143.795,141.125,172.485,170.437,159.51,140.201,134.004,118.949,150.266,145.011,38.091,51.369,85.191,108.477,154.115,151.427,126.992,159.51,140.201,179.909,154.115,167.994,73.638,108.124,143.795,141.125,159.51,140.201,179.88,164.237,172.498
tadasana,good,2,2.mp4,178.124,176.325,145.451,142.077,145.451,142.077,173.017,167.249,159.12,140.732,135.937,120.023,149.174,145.297,38.421,49.596,85.012,109.178,155.454,151.602,128.669,159.12,140.732,179.907,155.454,169.177,74.993,106.664,145.451,142.077,159.12,140.732,179.881,165.865,173.052
tadasana,good,2,2.mp4,177.609,177.667,143.949,142.187,143.949,142.187,171.759,167.767,160.272,146.816,136.31,125.208,150.003,148.566,38.172,45.629,82.004,108.865,156.565,154.999,131.324,160.272,146.816,179.903,156.565,167.772,75.119,106.404,143.949,142.187,160.272,146.816,179.88,165.266,170.131
tadasana,good,2,2.mp4,176.704,176.537,143.138,142.119,143.138,142.119,170.832,167.068,172.464,147.393,147.62,125.729,149.805,146.907,37.738,46.87,80.973,114.067,155.77,163.054,138.588,172.464,147.393,179.907,155.77,166.071,70.337,111.999,143.138,142.119,172.464,147.393,179.883,162.526,170.158
tadasana,good,2,2.mp4,176.534,176.349,142.355,140.754,142.355,140.754,170.09,168.877,168.276,131.823,141.607,110.34,134.3,139.58,51.559,56.349,90.11,111.532,154.492,153.521,128.135,168.276,131.823,179.907,154.492,167.25,73.123,109.619,142.355,140.754,168.276,131.823,179.881,161.962,174.371
tadasana,good,2,2.mp4,175.52,174.736,133.086,131.901,133.086,131.901,169.668,166.922,157.297,137.868,121.958,106.82,139.483,140.235,49.143,56.985,92.664,101.809,143.412,148.784,114.607,157.297,137.868,179.907,143.412,162.281,71.053,112.082,133.086,131.901,157.297,137.868,179.881,157.845,167.198
tadasana,good,2,2.mp4,169.22,169.672,125.391,124.939,125.391,124.939,157.052,159.347,169.581,148.187,124.274,105.507,142.134,118.218,47.029,78.754,93.951,101.856,128.123,161.829,115.476,169.581,148.187,179.907,128.123,150.191,70.743,115.882,125.391,124.939,169.581,148.187,179.885,145.928,154.529
tadasana,good,2,2.mp4,148.778,155.723,112.484,103.289,112.484,103.289,146.791,153.577,156.152,165.526,121.205,104.006,145.333,142.39,45.664,54.494,95.013,97.703,93.498,164.287,113.021,156.152,165.526,179.909,93.498,115.878,89.506,104.921,112.484,103.289,156.152,165.526,179.875,115.734,116.34
tadasana,good,2,2.mp4,161.725,150.597,153.679,100.526,153.679,100.526,152.272,151.167,171.411,167.59,142.882,107.611,154.021,156.497,37.998,35.43,92.376,107.548,112.847,172.674,127.67,171.411,167.59,179.918,112.847,135.238,119.836,66.211,153.679,100.526,171.411,167.59,179.883,149.189,119.525
tadasana,good,2,2.mp4,160.639,153.541,148.33,142.436,148.33,142.436,153.326,145.892,168.98,157.107,147.435,118.604,154.85,159.229,39.023,33.222,88.965,110.422,130.532,175.922,135.79,168.98,157.107,179.909,130.532,152.721,78.364,110.981,148.33,142.436,168.98,157.107,179.88,151.345,153.606
tadasana,good,2,2.mp4,161.436,158.509,167.09,167.484,167.09,167.484,155.736,146.022,169.861,155.094,144.428,135.333,156.101,160.451,35.625,33.185,78.22,115.365,147.28,165.67,140.843,169.861,155.094,179.931,147.28,166.516,60.718,131.13,167.09,167.484,169.861,155.094,179.893,161.891,168.974
tadasana,good,2,2.mp4,158.066,161.637,169.27,162.003,169.27,162.003,154.915,143.821,170.1,170.321,144.662,146.161,156.631,157.47,34.415,34.157,74.274,113.585,138.937,178.258,145.886,170.1,170.321,179.916,138.937,154.471,74.946,117.102,169.27,162.003,170.1,170.321,179.89,153.959,153.841
tadasana,good,2,2.mp4,158.654,160.627,151.249,141.224,151.249,141.224,153.831,143.428,164.164,161.944,136.926,144.145,156.57,157.22,36.0,37.259,76.246,109.604,122.023,166.822,140.989,164.164,161.944,179.921,122.023,139.341,74.373,116.495,151.249,141.224,164.164,161.944,179.893,137.71,140.012
tadasana,good,2,2.mp4,163.117,157.436,151.314,145.115,151.314,145.115,155.28,146.295,167.148,166.573,138.272,147.165,158.94,162.138,33.887,34.722,74.162,111.968,129.758,173.217,143.294,167.148,166.573,179.916,129.758,147.517,70.883,116.509,151.314,145.115,167.148,166.573,179.892,146.284,147.492
tadasana,good,2,2.mp4,162.115,157.339,147.749,141.478,147.749,141.478,152.266,144.339,165.151,167.379,131.295,139.134,158.923,165.639,34.364,33.324,78.418,109.977,124.054,173.788,135.67,165.151,167.379,179.921,124.054,142.123,70.837,117.032,147.749,141.478,165.151,167.379,179.892,139.226,143.793
tadasana,good,2,2.mp4,161.407,157.511,153.654,144.082,153.654,144.082,152.44,144.696,165.546,168.699,131.053,139.099,158.236,164.895,35.967,35.021,78.916,110.897,127.743,178.198,135.682,165.546,168.699,179.926,127.743,147.139,70.887,118.015,153.654,144.082,165.546,168.699,179.893,143.938,148.996
tadasana,good,2,2.mp4,159.945,155.06,157.691,145.918,157.691,145.918,153.227,142.883,165.538,168.582,135.326,138.786,160.284,165.252,33.388,31.242,76.211,115.431,129.396,177.067,137.754,165.538,168.582,179.923,129.396,146.606,69.101,121.729,157.691,145.918,165.538,168.582,179.901,143.103,148.992
tadasana,good,2,2.mp4,162.276,154.026,155.194,149.547,155.194,149.547,151.054,141.445,164.624,169.448,135.689,142.222,158.968,164.309,34.37,32.044,73.921,115.854,130.833,175.857,139.814,164.624,169.448,179.923,130.833,147.709,68.424,119.447,155.194,149.547,164.624,169.448,179.901,145.31,148.991
tadasana,good,2,2.mp4,162.436,154.845,147.237,144.278,147.237,144.278,149.939,142.617,163.415,167.701,136.513,141.313,157.081,163.696,36.972,31.891,73.735,114.902,125.708,171.56,139.662,163.415,167.701,179.929,125.708,143.261,67.373,120.697,147.237,144.278,163.415,167.701,179.895,140.674,144.79
tadasana,good,2,2.mp4,161.811,145.878,168.285,164.685,168.285,164.685,150.969,132.862,166.525,166.217,142.864,141.689,154.468,162.09,38.188,31.171,72.924,118.135,143.456,171.479,143.017,166.525,166.217,179.929,143.456,162.261,65.091,124.25,168.285,164.685,166.525,166.217,179.897,158.67,164.451
tadasana,good,2,2.mp4,161.135,148.918,167.814,158.553,167.814,158.553,151.449,136.481,167.183,168.406,143.027,141.208,152.606,160.399,38.324,31.225,73.377,117.713,141.546,173.693,142.862,167.183,168.406,179.923,141.546,159.896,69.352,120.586,167.814,158.553,167.183,168.406,179.901,157.556,161.081
tadasana,good,2,2.mp4,161.463,150.754,162.748,161.34,162.748,161.34,149.661,134.472,167.297,168.714,142.439,140.094,152.178,159.852,38.014,31.695,73.849,117.276,139.91,175.585,142.0,167.297,168.714,179.931,139.91,157.118,65.39,122.851,162.748,161.34,167.297,168.714,179.899,152.978,160.01
tadasana,good,2,2.mp4,161.389,155.194,163.835,160.737,163.835,160.737,147.222,137.721,167.506,167.654,141.831,140.786,152.575,159.961,37.952,33.172,74.278,116.607,142.301,173.598,142.018,167.506,167.654,179.926,142.301,159.594,66.718,119.93,163.835,160.737,167.506,167.654,179.897,156.417,161.632
tadasana,good,2,2.mp4,159.954,157.573,161.975,159.09,161.975,159.09,144.599,139.587,165.41,166.672,137.128,140.399,153.146,159.51,37.814,34.743,76.475,113.137,142.413,170.775,139.369,165.41,166.672,179.926,142.413,160.558,68.776,116.529,161.975,159.09,165.41,166.672,179.899,157.83,162.146
tadasana,good,2,2.mp4,162.749,156.034,160.666,158.525,160.666,158.525,146.607,137.851,165.997,166.338,137.164,140.276,152.306,159.473,38.924,35.192,77.241,112.641,142.272,171.261,139.341,165.997,166.338,179.918,142.272,160.259,67.989,116.85,160.666,158.525,165.997,166.338,179.893,157.303,161.987
tadasana,good,2,2.mp4,163.421,155.117,154.779,151.464,154.779,151.464,146.581,138.544,167.773,162.492,136.519,130.981,151.525,160.283,39.887,34.941,82.412,112.208,136.298,171.896,134.558,167.773,162.492,179.918,136.298,155.982,68.154,117.49,154.779,151.464,167.773,162.492,179.895,151.996,158.978
tadasana,good,2,2.mp4,162.805,157.526,159.564,154.192,159.564,154.192,147.119,140.201,166.472,160.937,135.458,130.381,151.519,160.338,39.619,34.66,82.69,111.576,137.894,168.683,133.668,166.472,160.937,179.921,137.894,158.284,71.322,114.569,159.564,154.192,166.472,160.937,179.895,155.321,160.277
tadasana,good,2,2.mp4,164.037,159.258,171.094,167.215,171.094,167.215,150.718,141.986,164.223,157.624,139.176,137.933,154.458,161.58,35.902,32.408,77.885,113.497,148.662,163.515,139.152,164.223,157.624,179.926,148.662,167.406,64.724,121.98,171.094,167.215,164.223,157.624,179.899,163.296,170.117
tadasana,good,2,2.mp4,163.701,159.637,167.454,163.414,167.454,163.414,151.277,142.806,166.049,160.255,138.987,137.776,153.365,162.035,36.171,31.726,78.218,113.171,145.733,166.224,139.011,166.049,160.255,179.921,145.733,164.585,66.51,120.616,167.454,163.414,166.049,160.255,179.897,161.218,166.851
tadasana,good,2,2.mp4,162.969,160.384,153.255,146.628,153.255,146.628,150.26,143.082,169.431,167.608,136.29,134.523,147.695,159.849,43.113,34.761,81.764,109.47,132.811,175.259,136.076,169.431,167.608,179.916,132.811,154.01,76.438,110.206,153.255,146.628,169.431,167.608,179.897,153.743,153.452
tadasana,good,2,2.mp4,162.111,161.778,144.432,136.232,144.432,136.232,154.254,147.391,169.768,167.321,131.243,126.248,150.608,157.061,40.246,34.986,86.217,107.118,123.294,178.615,129.421,169.768,167.321,179.914,123.294,144.357,82.349,105.864,144.432,136.232,169.768,167.321,179.892,144.806,143.306
tadasana,good,2,2.mp4,157.165,160.489,151.989,142.731,151.989,142.731,154.938,145.065,170.193,167.991,134.736,129.027,153.912,155.308,38.523,36.218,84.719,107.232,124.838,179.089,132.578,170.193,167.991,179.914,124.838,145.811,85.718,105.513,151.989,142.731,170.193,167.991,179.888,146.631,144.372
tadasana,good,2,2.mp4,150.539,146.534,134.592,128.258,134.592,128.258,153.835,149.546,157.223,167.472,136.657,121.018,148.858,153.35,42.128,39.144,87.744,108.053,114.24,172.496,129.942,157.223,167.472,179.923,114.24,135.657,75.554,118.524,134.592,128.258,157.223,167.472,179.895,128.982,142.493
tadasana,good,2,2.mp4,175.008,175.114,145.003,140.753,145.003,140.753,169.305,164.977,159.007,150.581,134.778,125.477,151.242,150.026,37.228,39.676,82.528,109.437,151.066,156.639,130.681,159.007,150.581,179.916,151.066,164.8,82.159,100.603,145.003,140.753,159.007,150.581,179.895,163.411,165.952
tadasana,good,2,2.mp4,174.799,174.334,144.96,137.964,144.96,137.964,171.748,168.988,162.581,146.639,141.622,122.646,148.841,139.879,39.816,52.712,85.472,107.275,154.702,156.889,133.495,162.581,146.639,179.912,154.702,167.379,95.426,87.785,144.96,137.964,162.581,146.639,179.883,166.59,167.997
tadasana,good,2,2.mp4,174.365,170.87,126.585,118.06,126.585,118.06,173.485,174.834,160.012,166.431,128.266,131.536,145.282,141.543,43.181,52.738,81.749,102.472,140.239,166.198,129.946,160.012,166.431,179.916,140.239,155.797,90.01,92.035,126.585,118.06,160.012,166.431,179.88,156.931,153.248
tadasana,good,2,2.mp4,140.89,160.192,62.038,78.311,62.038,78.311,170.339,170.537,166.109,165.235,129.893,130.001,139.393,140.173,49.888,55.462,83.469,102.019,115.16,172.083,129.838,166.109,165.235,179.921,115.16,135.744,89.156,102.866,62.038,78.311,166.109,165.235,179.883,134.307,136.973
tadasana,good,2,2.mp4,151.578,159.582,74.319,97.694,74.319,97.694,169.271,170.083,163.922,159.641,139.083,129.47,140.342,142.227,48.532,51.749,82.302,107.934,128.169,177.544,134.708,163.922,159.641,179.934,128.169,149.068,66.958,122.976,74.319,97.694,163.922,159.641,179.89,137.666,158.468
tadasana,good,2,2.mp4,101.197,137.874,43.366,81.85,43.366,81.85,166.09,168.257,164.14,143.616,138.694,120.447,143.148,147.937,45.665,43.07,86.761,106.561,148.64,156.506,130.558,164.14,143.616,179.926,148.64,167.365,95.168,104.552,43.366,81.85,164.14,143.616,179.89,164.085,167.854
tadasana,good,2,2.mp4,92.6,132.954,41.688,82.559,41.688,82.559,169.223,169.828,160.874,142.629,136.357,120.93,151.767,153.287,36.007,35.671,84.676,106.841,152.09,153.783,129.399,160.874,142.629,179.929,152.09,167.831,96.578,105.716,41.688,82.559,160.874,142.629,179.893,164.813,167.998
tadasana,good,2,2.mp4,105.283,138.063,59.333,92.245,59.333,92.245,168.774,167.075,161.059,141.303,137.312,120.967,157.372,157.12,29.225,30.695,83.241,108.652,154.563,153.123,129.99,161.059,141.303,179.926,154.563,167.788,92.393,108.168,59.333,92.245,161.059,141.303,179.895,164.607,168.557
tadasana,good,2,2.mp4,86.294,135.282,31.269,82.86,31.269,82.86,173.136,176.293,168.829,152.421,136.64,125.89,153.623,153.602,32.648,34.527,80.627,108.143,146.181,163.499,131.667,168.829,152.421,179.926,146.181,159.191,104.028,112.449,31.269,82.86,168.829,152.421,179.895,154.662,162.014
tadasana,good,2,2.mp4,75.775,142.334,23.314,86.787,23.314,86.787,171.079,176.725,170.884,155.764,137.13,126.812,150.765,153.615,36.02,34.616,79.956,108.369,142.867,167.368,132.439,170.884,155.764,179.931,142.867,156.283,114.935,116.617,23.314,86.787,170.884,155.764,179.895,151.68,158.982
tadasana,good,2,2.mp4,71.915,130.614,23.579,70.794,23.579,70.794,168.552,174.396,170.123,157.365,137.693,126.959,147.595,152.705,40.354,35.738,79.71,107.58,142.092,167.377,132.777,170.123,157.365,179.929,142.092,157.125,118.42,110.938,23.579,70.794,170.123,157.365,179.897,155.036,156.991
tadasana,good,2,2.mp4,75.319,141.183,25.804,80.513,25.804,80.513,167.89,175.414,168.4,156.123,136.766,127.22,144.663,147.238,43.892,43.201,81.291,105.503,142.437,165.497,132.327,168.4,156.123,179.929,142.437,159.529,117.422,112.049,25.804,80.513,168.4,156.123,179.893,157.245,159.165
tadasana,good,2,2.mp4,77.271,143.353,26.528,83.6,26.528,83.6,168.099,174.531,168.718,154.811,137.402,127.973,147.461,148.881,39.917,41.691,82.134,104.166,143.858,164.49,133.006,168.718,154.811,179.926,143.858,160.318,115.299,110.677,26.528,83.6,168.718,154.811,179.892,158.137,159.759
tadasana,good,2,2.mp4,66.255,140.751,24.902,80.243,24.902,80.243,165.349,172.787,171.999,159.698,142.511,133.798,150.887,153.421,35.092,34.908,78.458,109.095,143.442,171.412,138.502,171.999,159.698,179.926,143.442,157.21,117.659,114.168,24.902,80.243,171.999,159.698,179.893,154.331,157.269
tadasana,good,2,2.mp4,69.904,140.898,25.693,84.496,25.693,84.496,166.378,173.451,171.226,163.403,144.748,137.69,151.852,156.294,34.842,32.39,74.535,110.423,145.855,172.903,141.459,171.226,163.403,179.926,145.855,158.54,116.827,114.666,25.693,84.496,171.226,163.403,179.892,155.83,158.876
tadasana,good,2,2.mp4,70.109,123.967,23.161,74.188,23.161,74.188,160.474,174.532,168.858,139.506,156.42,127.383,161.529,138.117,22.221,62.421,84.472,121.739,150.549,170.977,145.06,168.858,139.506,179.931,150.549,163.373,117.598,113.203,23.161,74.188,168.858,139.506,179.897,154.099,172.395
tadasana,good,2,20260218_152142.mp4,122.188,163.273,68.276,42.272,68.276,42.272,164.612,150.489,103.345,51.509,129.796,101.148,144.358,167.581,16.571,81.915,15.703,97.82,94.769,58.786,121.024,103.345,51.509,179.886,94.769,53.036,113.724,59.882,68.276,42.272,103.345,51.509,179.859,73.63,37.694
tadasana,good,2,20260218_152142.mp4,131.533,158.596,15.221,16.481,15.221,16.481,172.195,170.289,54.458,108.85,144.647,109.361,151.32,147.594,82.705,57.745,99.556,133.855,123.127,84.438,130.61,54.458,108.85,179.824,123.127,74.599,28.378,149.269,15.221,16.481,54.458,108.85,179.856,59.905,88.633
tadasana,good,2,20260218_152142.mp4,134.719,107.528,87.249,12.667,87.249,12.667,135.363,147.687,19.099,113.409,145.935,98.738,149.212,163.573,54.502,63.919,95.005,166.988,162.326,44.788,153.222,19.099,113.409,179.762,162.326,39.264,127.967,123.847,87.249,12.667,19.099,113.409,179.824,24.656,64.149
tadasana,good,2,20260218_152142.mp4,102.919,146.736,60.861,37.796,60.861,37.796,156.248,147.651,18.638,97.516,151.257,141.541,166.43,73.893,54.133,25.456,97.817,145.798,136.075,39.095,150.53,18.638,97.516,179.772,136.075,41.296,116.388,93.342,60.861,37.796,18.638,97.516,179.848,21.027,83.899
tadasana,good,2,20260218_152142.mp4,126.479,165.065,74.697,23.363,74.697,23.363,144.4,175.542,25.55,39.967,160.73,152.302,171.543,160.966,23.813,86.656,35.183,147.007,150.557,29.796,157.693,25.55,39.967,179.814,150.557,20.691,140.952,81.705,74.697,23.363,25.55,39.967,179.797,17.406,28.693
tadasana,good,2,20260218_153545.mp4,166.818,158.457,143.866,137.13,143.866,137.13,159.553,173.892,166.337,154.041,133.242,120.465,172.238,149.329,64.585,56.046,88.54,92.209,126.672,161.758,126.796,166.337,154.041,179.886,126.672,166.982,100.472,110.182,143.866,137.13,166.337,154.041,179.837,162.183,171.292
tadasana,good,2,20260218_153545.mp4,157.744,148.142,139.839,132.326,139.839,132.326,161.996,172.255,170.357,160.947,132.002,118.651,173.23,146.778,59.508,56.554,88.731,92.081,119.653,168.848,125.315,170.357,160.947,179.888,119.653,158.268,100.729,110.942,139.839,132.326,170.357,160.947,179.836,154.193,162.121
tadasana,good,2,20260218_153545.mp4,151.105,143.448,141.005,134.851,141.005,134.851,151.077,164.117,170.373,165.877,130.059,119.667,170.714,147.876,56.056,55.716,87.845,92.246,118.412,171.539,124.922,170.373,165.877,179.888,118.412,154.043,101.035,108.001,141.005,134.851,170.373,165.877,179.836,151.848,155.948
tadasana,good,2,20260218_153545.mp4,143.125,137.313,138.97,130.528,138.97,130.528,150.351,160.71,170.326,172.033,129.395,122.533,167.506,146.558,56.161,58.121,87.749,92.599,113.823,175.791,126.048,170.326,172.033,179.886,113.823,149.983,101.698,107.728,138.97,130.528,170.326,172.033,179.837,148.569,151.266
tadasana,good,2,20260218_153545.mp4,138.661,138.12,146.719,138.085,146.719,138.085,153.215,161.035,168.02,166.579,129.349,125.556,163.83,143.026,62.377,61.092,87.517,92.528,119.898,169.903,127.49,168.02,166.579,179.885,119.898,157.521,102.358,107.246,146.719,138.085,168.02,166.579,179.833,155.07,159.59
tadasana,good,2,20260218_153545.mp4,128.782,121.057,145.506,137.08,145.506,137.08,165.052,167.637,168.525,168.432,128.935,124.791,162.177,142.082,59.881,61.995,87.794,92.593,116.884,171.828,126.903,168.525,168.432,179.89,116.884,155.089,104.085,107.219,145.506,137.08,168.525,168.432,179.831,152.774,157.083
tadasana,good,2,20260218_153545.mp4,130.02,119.134,146.656,137.411,146.656,137.411,155.015,158.431,168.492,167.057,130.678,124.486,166.654,140.236,57.844,62.833,87.902,92.571,118.372,171.186,127.685,168.492,167.057,179.883,118.372,156.434,105.877,107.149,146.656,137.411,168.492,167.057,179.83,153.975,158.476
tadasana,good,2,20260218_153545.mp4,128.04,115.779,139.934,132.068,139.934,132.068,149.395,160.94,169.299,173.785,131.174,125.048,169.131,138.862,55.197,63.529,88.017,91.843,109.8,177.603,128.241,169.299,173.785,179.89,109.8,148.283,107.001,108.005,139.934,132.068,169.299,173.785,179.833,145.924,150.599
tadasana,good,2,20260218_153545.mp4,116.528,111.579,144.098,137.434,144.098,137.434,153.789,160.103,169.813,169.454,136.84,126.351,168.273,139.469,56.236,62.979,88.129,92.219,114.119,177.267,131.888,169.813,169.454,179.886,114.119,153.317,108.999,110.294,144.098,137.434,169.813,169.454,179.831,149.619,156.857
tadasana,good,2,20260218_153545.mp4,112.761,109.737,150.213,146.041,150.213,146.041,158.82,151.281,170.367,160.072,142.665,124.158,166.832,140.072,56.723,63.408,88.265,93.46,119.981,172.255,133.934,170.367,160.072,179.885,119.981,160.24,109.156,115.112,150.213,146.041,170.367,160.072,179.833,154.613,165.515
tadasana,good,2,20260218_153545.mp4,107.342,113.568,136.715,132.693,136.715,132.693,156.034,144.851,160.378,172.856,141.159,120.975,167.56,141.536,56.586,61.826,88.251,93.183,105.68,173.194,131.414,160.378,172.856,179.886,105.68,144.611,114.607,115.349,136.715,132.693,160.378,172.856,179.83,139.851,149.555
tadasana,good,2,20260218_153545.mp4,107.44,108.168,148.932,149.973,148.932,149.973,140.364,141.461,170.98,154.539,147.009,125.51,165.914,138.448,76.437,70.04,88.37,93.025,126.425,166.005,136.629,170.98,154.539,179.89,126.425,169.495,115.073,117.123,148.932,149.973,170.98,154.539,179.833,164.304,173.929
tadasana,good,2,20260218_153545.mp4,121.564,117.545,143.172,146.398,143.172,146.398,139.238,142.778,170.211,156.99,147.516,123.953,165.163,139.931,76.841,70.383,88.949,92.83,119.701,171.118,136.074,170.211,156.99,179.888,119.701,164.198,111.153,118.751,143.172,146.398,170.211,156.99,179.829,157.124,170.687
tadasana,good,2,20260218_153545.mp4,130.412,136.102,137.973,137.017,137.973,137.017,142.53,144.144,162.799,165.898,148.424,123.062,163.974,141.357,80.39,72.271,89.171,92.805,109.992,178.209,136.051,162.799,165.898,179.886,109.992,154.453,108.997,110.7,137.973,137.017,162.799,165.898,179.831,147.692,161.086
tadasana,good,2,20260218_153545.mp4,150.519,147.287,147.22,145.511,147.22,145.511,138.171,146.319,172.056,157.988,143.124,123.447,166.321,141.972,79.153,73.723,88.973,91.941,121.948,169.43,133.413,172.056,157.988,179.885,121.948,164.481,99.45,105.373,147.22,145.511,172.056,157.988,179.83,158.536,170.107
tadasana,good,2,20260218_153545.mp4,161.524,156.48,145.951,139.616,145.951,139.616,136.401,145.409,171.739,162.884,138.007,124.059,171.978,143.71,66.481,68.564,88.91,91.305,114.433,173.715,130.977,171.739,162.884,179.881,114.433,158.257,95.022,100.003,145.951,139.616,171.739,162.884,179.832,151.286,165.751
tadasana,good,2,20260218_153545.mp4,158.925,150.601,157.166,148.814,157.166,148.814,134.967,147.98,165.664,150.655,137.345,123.268,171.498,143.594,66.887,67.739,88.849,91.22,129.863,158.97,130.296,165.664,150.655,179.881,129.863,172.456,96.757,99.808,157.166,148.814,165.664,150.655,179.834,167.758,177.256
tadasana,good,2,20260218_153545.mp4,158.3,148.372,156.209,147.677,156.209,147.677,135.514,148.158,168.116,153.954,135.854,122.181,171.568,145.017,63.343,65.017,89.072,91.037,125.516,162.1,129.051,168.116,153.954,179.878,125.516,168.238,96.641,101.702,156.209,147.677,168.116,153.954,179.831,163.92,172.682
tadasana,good,2,20260218_153545.mp4,156.106,146.656,157.836,151.264,157.836,151.264,136.852,146.864,164.831,154.991,133.849,126.062,171.774,144.69,59.374,63.944,88.232,90.841,130.194,160.628,129.954,164.831,154.991,179.881,130.194,169.77,95.938,102.099,157.836,151.264,164.831,154.991,179.831,166.172,173.332
tadasana,good,2,20260218_153545.mp4,155.72,147.085,161.462,153.39,161.462,153.39,141.653,151.068,165.013,153.828,135.887,124.983,172.448,146.946,61.896,62.854,89.207,90.973,128.072,160.337,130.653,165.013,153.828,179.883,128.072,170.54,97.293,102.415,161.462,153.39,165.013,153.828,179.833,167.601,173.201
tadasana,good,2,20260218_153545.mp4,156.246,145.833,161.15,152.438,161.15,152.438,143.383,156.22,164.949,155.364,134.936,125.298,165.709,146.179,62.745,65.212,89.21,92.176,128.55,161.443,130.419,164.949,155.364,179.883,128.55,169.271,96.183,102.81,161.15,152.438,164.949,155.364,179.834,166.408,171.795
tadasana,good,2,20260218_153545.mp4,157.761,147.583,155.358,148.373,155.358,148.373,146.097,157.827,166.306,159.456,135.101,126.85,161.0,147.454,68.546,65.889,89.553,93.884,124.126,165.255,131.511,166.306,159.456,179.886,124.126,166.171,93.461,104.537,155.358,148.373,166.306,159.456,179.837,163.399,168.437
tadasana,good,2,20260218_153545.mp4,158.927,143.304,161.412,151.894,161.412,151.894,143.235,161.278,162.482,157.412,137.623,130.586,140.767,144.707,75.055,67.148,90.236,95.189,129.876,162.067,134.919,162.482,157.412,179.888,129.876,171.67,93.302,104.289,161.412,151.894,162.482,157.412,179.84,169.992,172.11
tadasana,good,2,20260218_153545.mp4,160.013,141.29,150.092,146.271,150.092,146.271,145.48,160.349,172.348,164.634,134.654,130.212,144.573,144.557,61.648,65.186,91.407,92.138,122.744,170.944,132.93,172.348,164.634,179.893,122.744,160.632,90.652,107.265,150.092,146.271,172.348,164.634,179.851,158.222,162.815
tadasana,good,2,20260218_153545.mp4,159.282,144.113,148.321,144.419,148.321,144.419,146.87,159.539,173.428,165.965,134.934,131.157,144.279,143.297,61.168,66.261,91.953,92.542,120.646,173.621,133.62,173.428,165.965,179.892,120.646,158.387,90.412,107.322,148.321,144.419,173.428,165.965,179.851,154.922,161.621
tadasana,good,2,20260218_153545.mp4,159.141,146.023,148.76,141.998,148.76,141.998,146.473,158.37,173.679,168.321,133.218,131.253,147.176,142.737,57.588,64.343,91.683,92.614,116.11,176.424,132.683,173.679,168.321,179.892,116.11,154.712,90.333,108.716,148.76,141.998,173.679,168.321,179.852,150.705,158.508
tadasana,good,2,20260218_153545.mp4,159.417,147.988,147.292,138.326,147.292,138.326,146.474,158.75,173.051,171.141,129.645,129.239,146.754,144.139,52.228,59.995,90.887,92.837,111.697,178.67,129.746,173.051,171.141,179.892,111.697,148.227,90.443,109.2,147.292,138.326,173.051,171.141,179.853,145.304,150.995
tadasana,good,2,20260218_153545.mp4,159.192,148.561,149.7,138.862,149.7,138.862,146.046,161.961,174.35,170.129,130.048,128.905,142.514,142.429,57.615,63.37,91.491,92.191,114.357,177.113,129.807,174.35,170.129,179.89,114.357,151.265,91.062,107.917,149.7,138.862,174.35,170.129,179.853,149.627,152.75
tadasana,good,2,3 (1).mp4,87.023,134.129,29.575,57.986,29.575,57.986,162.08,162.582,144.31,151.992,148.864,118.349,121.488,154.226,60.719,42.962,93.445,125.828,118.893,175.141,135.675,144.31,151.992,179.952,118.893,146.615,122.532,118.681,29.575,57.986,144.31,151.992,179.937,131.006,153.117
tadasana,good,2,3 (1).mp4,109.024,128.917,27.114,43.472,27.114,43.472,152.38,152.706,161.79,142.025,154.428,107.445,122.383,66.257,65.346,133.736,107.221,111.783,127.029,169.623,132.269,161.79,142.025,179.937,127.029,159.768,113.784,114.278,27.114,43.472,161.79,142.025,179.918,153.158,153.034
tadasana,good,2,3 (1).mp4,113.908,132.93,35.277,36.964,35.277,36.964,152.613,156.042,155.981,147.904,151.643,98.769,128.762,138.654,58.973,84.804,104.459,97.744,119.534,175.299,125.855,155.981,147.904,179.934,119.534,150.863,110.138,116.922,35.277,36.964,155.981,147.904,179.905,143.452,153.168
tadasana,good,2,3 (1).mp4,118.171,141.078,38.082,47.807,38.082,47.807,147.106,162.342,160.39,157.208,146.435,108.205,127.333,135.157,56.096,56.117,87.748,84.535,124.54,172.301,127.965,160.39,157.208,179.941,124.54,151.947,106.267,115.466,38.082,47.807,160.39,157.208,179.893,145.36,157.981
tadasana,good,2,3 (1).mp4,111.798,136.469,35.516,41.849,35.516,41.849,154.216,159.038,155.978,169.633,147.368,114.038,131.293,147.035,51.183,50.774,85.355,81.908,120.48,172.132,131.508,155.978,169.633,179.944,120.48,142.526,103.977,116.273,35.516,41.849,155.978,169.633,179.899,138.275,146.776
tadasana,good,2,3 (1).mp4,109.843,136.136,33.976,43.538,33.976,43.538,154.027,160.056,154.993,167.831,150.057,115.928,132.012,148.438,52.572,52.874,84.718,83.56,122.76,172.503,134.06,154.993,167.831,179.937,122.76,144.435,106.43,115.42,33.976,43.538,154.993,167.831,179.897,139.052,149.815
tadasana,good,2,3 (1).mp4,109.876,137.269,33.15,44.44,33.15,44.44,151.093,159.797,158.043,166.135,148.442,118.436,135.168,150.963,64.073,56.35,83.521,82.129,124.111,173.359,134.125,158.043,166.135,179.948,124.111,148.446,103.938,115.897,33.15,44.44,158.043,166.135,179.895,141.777,155.69
tadasana,good,2,3 (1).mp4,113.559,136.211,33.7,46.242,33.7,46.242,147.935,159.643,159.059,166.511,151.82,120.185,132.517,148.455,65.56,56.644,84.844,80.224,124.928,174.53,136.935,159.059,166.511,179.948,124.928,150.139,104.875,116.842,33.7,46.242,159.059,166.511,179.897,144.175,156.289
tadasana,good,2,3 (1).mp4,106.574,136.872,34.269,47.676,34.269,47.676,153.679,160.983,165.058,168.044,140.775,118.19,150.799,147.088,46.216,53.092,87.875,80.412,120.416,176.815,129.619,165.058,168.044,179.944,120.416,147.161,104.102,115.41,34.269,47.676,165.058,168.044,179.899,143.724,149.895
tadasana,good,2,3 (1).mp4,104.827,135.324,36.396,42.052,36.396,42.052,153.554,161.842,166.371,169.205,133.013,110.274,153.87,151.162,44.825,48.909,85.609,82.952,116.278,174.773,121.586,166.371,169.205,179.941,116.278,142.386,105.354,114.078,36.396,42.052,166.371,169.205,179.903,141.262,142.788
tadasana,good,2,3 (1).mp4,104.511,136.88,32.069,45.692,32.069,45.692,152.869,161.082,170.525,162.554,134.82,108.987,144.345,151.716,52.532,47.771,87.691,81.85,119.799,173.989,122.033,170.525,162.554,179.948,119.799,146.576,103.899,114.145,32.069,45.692,170.525,162.554,179.903,144.442,147.532
tadasana,good,2,3 (1).mp4,101.575,127.778,30.915,41.677,30.915,41.677,153.59,163.776,171.345,161.235,132.944,106.928,140.579,151.051,59.835,46.338,88.522,83.811,121.469,172.757,120.208,171.345,161.235,179.944,121.469,146.108,105.024,114.214,30.915,41.677,171.345,161.235,179.909,144.883,145.375
tadasana,good,2,3 (1).mp4,92.792,120.732,28.974,39.304,28.974,39.304,158.181,165.929,165.944,153.797,115.576,96.259,153.637,155.284,41.654,35.589,87.711,84.353,119.371,161.15,105.781,165.944,153.797,179.944,119.371,142.502,103.833,112.368,28.974,39.304,165.944,153.797,179.909,141.993,141.524
tadasana,good,2,3 (1).mp4,86.134,120.389,31.631,39.883,31.631,39.883,157.556,165.94,165.416,142.36,110.041,81.015,158.407,161.179,33.995,27.893,86.943,85.156,117.079,154.211,94.58,165.416,142.36,179.937,117.079,136.474,103.483,112.741,31.631,39.883,165.416,142.36,179.907,134.881,137.107
tadasana,good,2,3 (1).mp4,84.719,127.723,33.634,62.394,33.634,62.394,166.357,169.734,161.671,158.819,117.636,114.074,161.709,162.705,27.794,23.188,84.174,87.557,131.874,160.928,115.852,161.671,158.819,179.944,131.874,145.337,114.341,113.881,33.634,62.394,161.671,158.819,179.905,142.621,146.57
tadasana,good,2,3 (1).mp4,142.082,138.292,96.996,78.231,96.996,78.231,175.809,173.444,170.223,165.612,139.071,121.196,162.665,161.492,26.114,23.672,84.954,87.549,136.861,170.213,130.733,170.223,165.612,179.944,136.861,149.08,143.933,122.395,96.996,78.231,170.223,165.612,179.903,149.931,146.708
tadasana,good,2,3 (1).mp4,140.163,148.065,115.365,107.275,115.365,107.275,172.566,177.258,164.696,177.73,149.472,133.187,169.049,163.118,19.204,20.341,89.376,82.82,133.563,171.974,142.323,164.696,177.73,179.952,133.563,142.632,164.437,131.729,115.365,107.275,164.696,177.73,179.907,142.368,141.935
tadasana,good,2,3 (1).mp4,132.893,163.434,124.289,122.862,124.289,122.862,163.895,177.072,166.115,176.756,144.802,123.751,167.316,159.101,23.01,22.53,87.091,84.511,127.652,173.782,135.467,166.115,176.756,179.941,127.652,140.298,158.885,107.767,124.289,122.862,166.115,176.756,179.905,141.272,138.504
tadasana,good,2,3 (1).mp4,166.814,175.077,121.287,101.176,121.287,101.176,161.839,174.115,150.513,161.398,128.836,79.676,166.813,161.499,25.287,20.443,87.652,83.446,96.414,173.756,104.292,150.513,161.398,179.937,96.414,113.755,125.638,103.081,121.287,101.176,150.513,161.398,179.907,111.604,116.637
tadasana,good,2,3 (1).mp4,130.201,150.83,160.974,147.626,160.974,147.626,146.737,152.181,174.704,172.884,139.425,118.133,166.514,161.085,24.454,22.11,89.741,82.15,127.958,176.39,129.68,174.704,172.884,179.941,127.958,143.27,127.975,83.914,160.974,147.626,174.704,172.884,179.909,146.949,138.47
tadasana,good,2,3 (1).mp4,148.288,142.779,160.752,153.909,160.752,153.909,162.367,149.01,167.805,171.257,153.331,140.621,163.623,159.794,29.836,25.647,93.095,80.269,132.06,169.469,147.475,167.805,171.257,179.931,132.06,146.723,114.215,77.261,160.752,153.909,167.805,171.257,179.907,149.871,142.814
tadasana,good,2,3 (1).mp4,144.039,127.697,144.822,145.408,144.822,145.408,166.346,145.718,150.384,167.383,150.87,139.228,164.18,159.546,29.225,30.2,88.855,85.103,119.323,158.583,145.468,150.384,167.383,179.929,119.323,134.154,91.507,103.706,144.822,145.408,150.384,167.383,179.909,130.168,138.025
tadasana,good,2,3 (1).mp4,133.833,120.2,148.788,144.694,148.788,144.694,159.312,141.093,150.725,165.698,151.395,139.998,163.254,160.277,30.912,29.11,86.086,88.681,118.719,157.88,146.097,150.725,165.698,179.929,118.719,133.671,93.547,108.553,148.788,144.694,150.725,165.698,179.905,130.859,136.41
tadasana,good,2,3 (1).mp4,115.318,106.537,149.181,149.135,149.181,149.135,153.557,134.987,148.619,162.813,152.809,142.807,166.545,163.007,25.63,23.804,83.439,91.901,119.426,155.424,148.207,148.619,162.813,179.931,119.426,131.814,98.182,113.018,149.181,149.135,148.619,162.813,179.909,128.85,134.664
tadasana,good,2,3 (1).mp4,93.393,100.709,148.138,159.109,148.138,159.109,145.409,120.641,147.817,165.286,153.915,143.749,167.608,165.726,23.497,20.666,81.73,93.98,121.859,156.381,149.217,147.817,165.286,179.944,121.859,133.204,100.86,117.918,148.138,159.109,147.817,165.286,179.912,128.6,137.46
tadasana,good,2,3 (1).mp4,104.974,124.445,157.551,166.053,157.551,166.053,146.786,138.871,168.176,168.391,151.245,133.539,165.118,161.895,26.926,23.748,80.406,96.733,138.157,178.965,143.224,168.176,168.391,179.941,138.157,151.529,98.516,121.956,157.551,166.053,168.176,168.391,179.912,147.356,155.158
tadasana,good,2,3 (1).mp4,130.502,146.888,159.344,160.193,159.344,160.193,163.426,159.136,175.539,172.744,149.689,136.698,164.01,161.28,28.689,23.387,80.648,95.082,140.632,178.953,143.682,175.539,172.744,179.931,140.632,154.005,102.173,106.996,159.344,160.193,175.539,172.744,179.914,153.621,154.257
tadasana,good,2,3 (1).mp4,145.588,155.202,157.449,157.031,157.449,157.031,165.33,165.088,179.041,168.128,145.885,136.592,162.417,159.222,30.808,25.65,81.063,93.109,142.087,173.744,141.456,179.041,168.128,179.934,142.087,157.826,90.231,109.179,157.449,157.031,179.041,168.128,179.914,156.069,159.534
tadasana,good,2,3 (1).mp4,148.213,154.904,158.597,155.438,158.597,155.438,164.353,161.505,178.151,172.853,145.888,136.701,162.129,159.617,30.859,25.738,80.258,93.276,137.97,177.491,141.504,178.151,172.853,179.926,137.97,154.05,93.749,107.32,158.597,155.438,178.151,172.853,179.918,153.328,154.796
tadasana,good,2,3 (1).mp4,148.135,148.715,166.5,166.532,166.5,166.532,156.629,156.572,177.901,167.31,152.437,142.397,161.608,161.184,31.152,25.218,78.522,95.907,148.847,173.013,147.778,177.901,167.31,179.931,148.847,163.819,89.39,112.924,166.5,166.532,177.901,167.31,179.916,162.668,164.937
tadasana,good,2,3 (1).mp4,148.117,149.279,164.399,167.213,164.399,167.213,146.993,154.346,178.085,165.117,150.234,133.963,160.956,161.825,30.948,23.177,78.984,96.63,142.575,174.135,142.839,178.085,165.117,179.934,142.575,158.414,87.595,113.21,164.399,167.213,178.085,165.117,179.912,157.129,159.659
tadasana,good,2,3 (1).mp4,151.278,156.095,170.418,168.642,170.418,168.642,155.372,158.13,170.637,152.266,143.852,124.937,161.513,161.66,29.944,23.121,81.559,95.776,147.018,162.199,135.102,170.637,152.266,179.934,147.018,163.23,84.235,114.332,170.418,168.642,170.637,152.266,179.914,162.338,164.076
tadasana,good,2,3 (1).mp4,156.16,155.643,173.953,168.917,173.953,168.917,152.26,156.41,168.943,153.144,141.854,125.164,163.867,162.49,28.582,23.256,82.473,95.574,146.703,161.762,134.213,168.943,153.144,179.931,146.703,162.683,84.601,110.643,173.953,168.917,168.943,153.144,179.914,162.18,163.203
tadasana,good,2,3 (1).mp4,158.159,158.763,174.625,167.188,174.625,167.188,152.647,157.574,168.425,155.505,141.085,126.608,164.169,163.521,28.447,23.17,82.479,95.311,145.668,162.489,134.371,168.425,155.505,179.929,145.668,162.091,85.112,108.118,174.625,167.188,168.425,155.505,179.916,161.941,162.26
tadasana,good,2,3 (1).mp4,157.883,159.7,171.499,158.819,171.499,158.819,149.603,158.315,171.834,165.786,136.672,125.776,166.479,164.717,25.378,21.909,84.172,92.52,136.778,169.065,131.551,171.834,165.786,179.929,136.778,152.463,93.479,99.214,171.499,158.819,171.834,165.786,179.914,154.024,150.801
tadasana,good,2,3 (1).mp4,160.096,159.235,176.228,169.103,176.228,169.103,151.371,156.906,168.931,157.813,142.667,128.292,165.004,165.302,27.665,22.359,83.7,94.189,146.827,163.931,136.056,168.931,157.813,179.929,146.827,161.918,89.431,102.292,176.228,169.103,168.931,157.813,179.914,162.597,161.232
tadasana,good,2,3 (1).mp4,160.405,157.642,176.278,172.294,176.278,172.294,150.644,154.353,169.858,154.551,144.227,128.05,164.638,165.401,28.398,23.153,83.941,94.513,148.8,162.939,136.853,169.858,154.551,179.929,148.8,163.651,83.15,109.232,176.278,172.294,169.858,154.551,179.914,163.012,164.317
tadasana,good,2,3 (1).mp4,161.125,156.837,175.976,169.787,175.976,169.787,150.534,154.084,173.31,158.372,147.052,130.417,164.444,165.437,29.646,24.441,83.503,95.48,147.199,166.663,139.486,173.31,158.372,179.926,147.199,162.251,83.629,108.388,175.976,169.787,173.31,158.372,179.912,161.847,162.676
tadasana,good,2,3 (1).mp4,158.341,156.346,176.206,168.495,176.206,168.495,151.576,153.128,175.272,160.794,145.925,131.832,162.237,165.108,30.939,24.562,82.321,96.222,145.099,168.513,139.377,175.272,160.794,179.931,145.099,160.577,80.586,113.863,176.206,168.495,175.272,160.794,179.914,159.406,161.644
tadasana,good,2,3 (1).mp4,160.038,158.919,159.765,145.813,159.765,145.813,150.911,155.249,174.444,176.591,137.97,130.501,161.097,164.817,31.378,24.637,82.716,93.506,124.424,175.491,134.341,174.444,176.591,179.921,124.424,140.448,88.494,104.18,159.765,145.813,174.444,176.591,179.909,142.565,138.274
tadasana,good,2,3 (1).mp4,158.481,159.063,153.424,138.058,153.424,138.058,150.137,153.266,168.713,172.528,131.932,125.297,162.342,164.366,29.689,25.471,83.455,92.368,113.994,170.555,128.683,168.713,172.528,179.926,113.994,130.038,87.06,107.173,153.424,138.058,168.713,172.528,179.914,131.15,128.939
tadasana,good,2,3 (1).mp4,158.444,161.447,156.862,140.123,156.862,140.123,149.635,153.689,178.948,175.178,124.253,124.169,163.893,166.219,28.114,23.846,83.416,89.581,116.692,177.066,124.224,178.948,175.178,179.926,116.692,132.211,88.787,105.734,156.862,140.123,178.948,175.178,179.914,134.2,130.243
tadasana,good,2,3 (1).mp4,158.077,160.714,166.308,145.416,166.308,145.416,147.787,152.938,176.224,176.519,128.072,122.928,163.765,165.935,28.266,24.238,84.174,90.645,124.8,176.369,125.54,176.224,176.519,179.926,124.8,139.952,91.441,102.951,166.308,145.416,176.224,176.519,179.914,142.368,137.477
tadasana,good,2,3 (1).mp4,161.778,162.145,159.054,150.069,159.054,150.069,151.273,154.931,176.818,170.957,130.053,121.235,163.301,166.281,28.417,23.359,84.789,91.297,127.443,173.968,125.734,176.818,170.957,179.921,127.443,142.502,85.667,106.261,159.054,150.069,176.818,170.957,179.914,143.519,141.464
tadasana,good,2,3 (1).mp4,165.082,162.149,152.895,146.713,152.895,146.713,151.633,155.269,177.389,175.36,138.492,128.075,158.632,163.616,33.102,26.033,82.658,94.04,132.433,178.938,133.435,177.389,175.36,179.926,132.433,144.867,83.314,105.965,152.895,146.713,177.389,175.36,179.916,145.793,143.903
tadasana,good,2,3.mp4,98.727,125.429,32.57,53.378,32.57,53.378,163.126,168.596,157.095,140.107,122.703,100.39,148.901,154.228,48.779,40.722,86.69,88.383,135.627,148.372,111.284,157.095,140.107,179.944,135.627,157.044,106.384,107.482,32.57,53.378,157.095,140.107,179.905,155.993,156.317
tadasana,good,2,3.mp4,81.39,121.777,24.436,50.825,24.436,50.825,160.912,166.555,165.294,157.364,133.133,118.799,148.203,149.812,51.064,47.907,85.228,88.126,136.13,162.229,126.122,165.294,157.364,179.941,136.13,156.496,102.467,110.352,24.436,50.825,165.294,157.364,179.907,156.131,154.468
tadasana,good,2,3.mp4,118.605,150.059,59.733,74.016,59.733,74.016,171.556,172.661,172.561,174.342,137.93,122.362,152.964,154.192,43.313,37.775,85.314,84.9,125.255,176.294,130.491,172.561,174.342,179.944,125.255,145.016,123.709,105.11,59.733,74.016,172.561,174.342,179.907,147.562,140.733
tadasana,good,2,3.mp4,155.736,139.312,111.705,88.373,111.705,88.373,176.458,177.437,171.453,169.555,141.564,126.471,158.664,148.567,35.153,40.491,87.314,79.477,133.542,171.28,134.558,171.453,169.555,179.952,133.542,153.903,150.307,118.721,111.705,88.373,171.453,169.555,179.909,155.582,150.395
tadasana,good,2,3.mp4,165.858,149.089,118.624,104.734,118.624,104.734,173.941,161.272,170.952,175.684,141.632,131.462,159.24,135.449,32.377,54.393,91.027,76.026,130.581,174.85,136.752,170.952,175.684,179.956,130.581,149.274,159.549,120.569,118.624,104.734,170.952,175.684,179.909,148.807,148.805
tadasana,good,2,3.mp4,158.873,163.895,118.416,114.358,118.416,114.358,174.725,174.556,151.858,174.299,143.958,121.853,147.888,144.44,45.936,46.582,87.734,76.76,111.789,167.77,133.767,151.858,174.299,179.944,111.789,135.887,135.487,117.266,118.416,114.358,151.858,174.299,179.909,127.655,144.286
tadasana,good,2,3.mp4,154.911,157.702,112.803,111.906,112.803,111.906,164.12,172.029,157.268,161.168,127.808,95.025,147.15,148.941,48.823,41.771,81.365,80.678,97.995,175.797,111.258,157.268,161.168,179.944,97.995,127.523,130.387,119.377,112.803,111.906,157.268,161.168,179.903,120.193,135.365
tadasana,good,2,3.mp4,152.188,143.347,106.834,102.038,106.834,102.038,162.703,163.699,151.588,176.801,122.894,92.626,146.036,146.866,50.949,45.192,80.474,83.121,80.158,165.311,107.163,151.588,176.801,179.934,80.158,113.217,123.474,100.106,106.834,102.038,151.588,176.801,179.907,111.12,116.272
tadasana,good,2,3.mp4,134.301,135.051,118.643,111.332,118.643,111.332,157.855,162.02,153.697,175.191,130.629,99.936,142.786,147.161,55.583,46.662,81.884,82.52,88.663,166.31,115.263,153.697,175.191,179.926,88.663,120.771,114.254,91.005,118.643,111.332,153.697,175.191,179.903,119.557,122.649
tadasana,good,2,3.mp4,109.861,122.737,109.042,104.432,109.042,104.432,143.756,143.537,143.89,168.183,133.522,106.568,138.097,144.491,64.635,54.426,82.282,83.442,77.17,156.284,119.833,143.89,168.183,179.929,77.17,116.898,107.376,91.911,109.042,104.432,143.89,168.183,179.909,113.922,120.491
tadasana,good,2,3.mp4,113.037,113.212,102.133,104.351,102.133,104.351,154.873,144.891,137.148,169.823,138.529,109.051,134.582,142.698,70.954,58.646,82.525,84.074,74.726,153.715,123.551,137.148,169.823,179.923,74.726,118.177,101.593,101.316,102.133,104.351,137.148,169.823,179.907,111.451,125.78
tadasana,good,2,3.mp4,124.867,121.746,103.792,111.523,103.792,111.523,161.931,157.025,147.434,171.88,127.54,106.549,143.655,148.473,56.238,47.783,84.364,86.17,81.102,159.817,116.928,147.434,171.88,179.929,81.102,116.233,96.953,107.849,103.792,111.523,147.434,171.88,179.905,111.52,121.515
tadasana,good,2,3.mp4,91.909,113.457,106.379,108.328,106.379,108.328,167.269,159.827,152.562,165.834,127.991,112.825,145.242,147.337,53.627,48.537,83.88,86.132,85.725,159.132,120.401,152.562,165.834,179.929,85.725,117.368,112.027,102.412,106.379,108.328,152.562,165.834,179.901,116.283,118.842
tadasana,good,2,3.mp4,68.701,120.095,130.877,131.19,130.877,131.19,113.021,148.742,167.587,175.159,134.836,117.625,150.346,152.109,48.568,43.176,83.585,85.24,108.572,173.425,126.478,167.587,175.159,179.926,108.572,136.806,118.559,100.289,130.877,131.19,167.587,175.159,179.905,136.251,137.578
tadasana,good,2,3.mp4,111.853,135.609,139.86,141.885,139.86,141.885,138.781,153.165,175.596,155.287,133.935,107.94,153.355,151.355,47.615,43.422,83.161,85.305,119.969,167.788,121.213,175.596,155.287,179.923,119.969,148.445,112.441,102.239,139.86,141.885,175.596,155.287,179.907,145.83,151.304
tadasana,good,2,3.mp4,133.616,148.371,138.485,142.29,138.485,142.29,118.595,151.887,173.167,147.675,130.503,93.494,158.411,151.7,40.9,40.478,84.153,86.236,113.898,165.848,111.983,173.167,147.675,179.929,113.898,142.148,96.002,100.499,138.485,142.29,173.167,147.675,179.907,138.304,146.611
tadasana,good,2,3.mp4,158.249,153.254,155.319,149.297,155.319,149.297,133.473,154.416,176.462,148.801,131.761,99.4,159.032,158.406,35.33,30.666,84.241,86.243,121.737,163.744,115.867,176.462,148.801,179.921,121.737,146.571,97.212,96.212,155.319,149.297,176.462,148.801,179.905,145.153,148.211
tadasana,good,2,3.mp4,161.019,152.196,163.882,156.639,163.882,156.639,133.933,152.466,173.922,163.543,138.35,118.14,162.239,160.357,30.928,27.988,83.434,87.034,126.24,173.703,128.807,173.922,163.543,179.926,126.24,145.694,95.605,99.906,163.882,156.639,173.922,163.543,179.909,143.609,147.922
tadasana,good,2,3.mp4,160.324,153.822,163.058,155.519,163.058,155.519,134.75,150.884,173.77,171.255,139.026,127.053,163.724,160.62,29.672,27.996,83.232,87.051,127.662,176.323,133.312,173.77,171.255,179.926,127.662,145.197,96.043,99.523,163.058,155.519,173.77,171.255,179.912,143.376,147.123
tadasana,good,2,3.mp4,160.061,152.116,168.839,160.012,168.839,160.012,137.481,151.679,169.64,170.536,144.297,126.768,162.653,163.533,31.001,27.0,84.36,87.786,128.611,177.119,136.097,169.64,170.536,179.926,128.611,145.89,94.352,102.127,168.839,160.012,169.64,170.536,179.909,143.658,148.153
tadasana,good,2,3.mp4,161.382,152.304,161.733,155.228,161.733,155.228,134.323,152.07,167.346,173.206,143.054,122.868,163.941,170.116,29.81,26.761,86.655,88.195,124.03,176.361,133.534,167.346,173.206,179.926,124.03,141.377,95.081,100.524,161.733,155.228,167.346,173.206,179.909,140.149,142.609
tadasana,good,2,3.mp4,158.79,154.972,176.209,171.295,176.209,171.295,143.967,151.74,178.585,161.14,149.198,130.685,163.52,169.447,29.266,25.936,84.991,93.295,142.962,171.816,140.633,178.585,161.14,179.931,142.962,158.794,86.756,109.39,176.209,171.295,178.585,161.14,179.907,156.346,161.002
tadasana,good,2,3.mp4,159.7,153.562,167.672,163.546,167.672,163.546,136.419,151.418,173.716,171.171,148.491,133.605,161.191,166.054,32.195,28.403,84.563,93.774,135.559,178.92,141.41,173.716,171.171,179.929,135.559,152.633,86.781,107.195,167.672,163.546,173.716,171.171,179.914,151.196,153.871
tadasana,good,2,3.mp4,157.864,150.047,169.781,164.461,169.781,164.461,141.879,146.789,169.307,173.85,146.34,136.415,162.8,164.206,30.992,29.186,84.383,92.953,133.362,177.64,141.58,169.307,173.85,179.934,133.362,149.423,83.141,113.727,169.781,164.461,169.307,173.85,179.914,144.723,153.622
tadasana,good,2,3.mp4,160.385,154.933,170.043,161.31,170.043,161.31,143.492,149.28,167.444,175.853,152.344,144.912,161.185,161.932,33.431,29.562,83.22,94.067,134.88,171.797,148.75,167.444,175.853,179.931,134.88,149.544,86.8,106.895,170.043,161.31,167.444,175.853,179.914,147.892,150.941
tadasana,good,2,3.mp4,157.774,155.406,172.939,158.372,172.939,158.372,139.892,148.251,167.196,172.962,151.501,144.696,160.281,160.967,34.633,30.315,83.038,94.04,132.662,170.18,148.194,167.196,172.962,179.926,132.662,147.499,90.305,103.951,172.939,158.372,167.196,172.962,179.912,146.988,147.799
tadasana,good,2,3.mp4,155.213,155.196,170.813,156.925,170.813,156.925,140.541,147.275,160.794,171.44,152.811,145.303,159.019,159.77,36.227,31.677,82.102,95.121,128.937,166.242,149.192,160.794,171.44,179.934,128.937,144.632,87.072,109.425,170.813,156.925,160.794,171.44,179.916,141.844,147.098
tadasana,good,2,3.mp4,155.991,154.883,168.618,156.444,168.618,156.444,141.866,148.363,157.797,170.877,153.797,144.787,159.245,160.654,35.212,30.563,82.039,95.469,128.02,164.415,149.496,157.797,170.877,179.934,128.02,142.845,86.095,110.293,168.618,156.444,157.797,170.877,179.918,139.501,145.837
tadasana,good,2,3.mp4,161.048,156.976,168.745,158.088,168.745,158.088,142.444,150.575,163.281,170.237,156.689,150.161,157.94,159.067,36.89,31.494,81.569,95.051,134.089,166.807,153.568,163.281,170.237,179.931,134.089,148.708,87.802,104.637,168.745,158.088,163.281,170.237,179.916,147.475,149.699
tadasana,good,2,3.mp4,163.443,155.999,168.173,156.841,168.173,156.841,141.593,150.605,162.237,172.524,156.658,148.398,158.046,160.535,37.438,30.315,80.735,95.76,133.961,167.374,152.739,162.237,172.524,179.934,133.961,148.628,84.584,107.897,168.173,156.841,162.237,172.524,179.921,146.506,150.488
tadasana,good,2,3.mp4,165.781,157.694,167.249,156.418,167.249,156.418,140.878,151.36,162.343,170.842,155.166,148.916,158.793,159.684,36.297,31.993,80.622,95.455,133.222,166.612,152.24,162.343,170.842,179.934,133.222,147.469,84.414,105.891,167.249,156.418,162.343,170.842,179.921,145.353,149.342
tadasana,good,2,3.mp4,165.039,157.489,171.371,160.318,171.371,160.318,142.533,149.248,161.836,172.475,159.784,149.715,158.213,159.99,37.459,32.874,80.183,96.822,136.197,166.915,155.188,161.836,172.475,179.929,136.197,150.123,85.659,103.663,171.371,160.318,161.836,172.475,179.916,148.531,151.538
tadasana,good,2,4.mp4,170.019,146.118,122.83,159.111,122.83,159.111,173.342,147.676,171.443,158.124,155.815,161.565,155.372,161.772,28.266,38.742,103.434,73.637,161.871,165.872,158.868,171.443,158.124,179.921,161.871,155.527,99.464,95.113,122.83,159.111,171.443,158.124,179.842,157.358,150.697
tadasana,good,2,4.mp4,151.85,172.297,98.099,97.726,98.099,97.726,168.289,163.013,172.013,151.587,153.649,115.669,170.682,161.897,19.522,41.694,92.239,73.2,154.866,173.174,139.187,172.013,151.587,179.921,154.866,158.827,103.37,65.507,98.099,97.726,172.013,151.587,179.842,156.969,157.975
tadasana,good,2,4.mp4,160.194,150.227,85.236,77.126,85.236,77.126,174.271,172.348,162.53,153.843,125.603,74.96,174.247,170.103,31.974,30.534,82.857,68.013,110.863,168.492,101.191,162.53,153.843,179.918,110.863,124.649,105.844,66.9,85.236,77.126,162.53,153.843,179.857,127.591,123.844
tadasana,good,2,4.mp4,172.71,158.188,131.937,134.003,131.937,134.003,171.632,171.766,170.266,120.129,159.794,89.565,171.475,163.456,43.316,37.759,84.415,85.278,153.309,162.47,132.156,170.266,120.129,179.916,153.309,165.174,78.018,104.812,131.937,134.003,170.266,120.129,179.847,159.533,170.546
tadasana,good,2,4.mp4,134.535,64.208,147.467,161.756,147.467,161.756,153.197,101.738,151.97,135.505,159.402,98.223,176.453,171.744,28.192,29.329,84.188,91.207,139.072,177.33,135.057,151.97,135.505,179.918,139.072,151.013,78.687,109.366,147.467,161.756,151.97,135.505,179.844,139.931,160.473
tadasana,good,2,VID-20260218-WA0020.mp4,79.375,122.346,28.507,72.947,28.507,72.947,157.732,169.029,156.216,70.311,142.638,64.289,141.658,110.032,57.793,97.077,112.265,93.279,157.66,106.997,97.735,156.216,70.311,179.937,157.66,168.493,124.49,106.928,28.507,72.947,156.216,70.311,179.895,175.399,146.845
tadasana,good,2,VID-20260218-WA0020.mp4,94.301,137.326,57.474,93.87,57.474,93.87,173.085,172.085,89.776,63.706,71.688,53.175,160.716,167.705,37.83,26.236,110.279,74.142,156.256,73.591,58.91,89.776,63.706,179.929,156.256,169.014,113.877,107.193,57.474,93.87,89.776,63.706,179.881,173.786,148.06
tadasana,good,2,VID-20260218-WA0020.mp4,134.718,160.424,62.518,83.562,62.518,83.562,172.916,169.27,90.383,102.394,49.591,81.238,135.05,139.113,89.859,99.679,88.875,94.449,111.164,95.241,61.893,90.383,102.394,179.926,111.164,124.599,111.348,91.481,62.518,83.562,90.383,102.394,179.873,115.11,130.456
tadasana,good,2,VID-20260218-WA0020.mp4,109.993,148.297,76.564,105.961,76.564,105.961,173.22,175.928,55.1,70.703,39.164,62.994,150.137,146.513,60.619,68.63,92.549,93.13,151.577,61.184,48.814,55.1,70.703,179.931,151.577,108.628,114.082,92.726,76.564,105.961,55.1,70.703,179.878,96.297,120.909
tadasana,good,2,VID-20260218-WA0020.mp4,97.85,140.067,57.93,92.429,57.93,92.429,173.638,153.197,74.817,92.664,45.571,79.481,136.22,145.812,70.086,86.709,97.473,82.509,140.604,81.835,58.571,74.817,92.664,179.929,140.604,133.511,114.643,106.283,57.93,92.429,74.817,92.664,179.885,129.746,134.138
tadasana,good,2,VID-20260218-WA0020.mp4,91.824,123.682,67.357,89.045,67.357,89.045,166.285,152.271,104.994,106.445,93.886,87.748,139.75,156.372,83.076,53.501,95.956,85.508,149.911,106.155,90.646,104.994,106.445,179.929,149.911,163.128,121.924,112.042,67.357,89.045,104.994,106.445,179.881,156.494,162.581
tadasana,good,2,VID-20260218-WA0020.mp4,90.01,101.142,68.019,79.918,68.019,79.918,160.756,152.832,136.721,111.289,132.446,105.724,128.365,146.264,82.385,59.96,96.747,92.539,158.004,125.228,118.677,136.721,111.289,179.926,158.004,164.382,122.403,124.117,68.019,79.918,136.721,111.289,179.88,162.704,157.172
tadasana,good,2,VID-20260218-WA0020.mp4,82.571,119.164,61.103,97.249,61.103,97.249,164.486,163.774,84.437,101.131,81.789,97.213,146.196,164.505,52.372,38.837,97.352,83.593,166.008,92.947,89.422,84.437,101.131,179.926,166.008,163.182,116.832,117.795,61.103,97.249,84.437,101.131,179.88,159.497,163.962
tadasana,good,2,VID-20260218-WA0020.mp4,102.329,120.105,52.131,72.213,52.131,72.213,156.763,153.541,57.788,102.789,65.969,103.871,130.89,152.141,90.735,76.75,93.889,84.71,163.523,71.161,76.117,57.788,102.789,179.929,163.523,121.774,104.916,108.21,52.131,72.213,57.788,102.789,179.872,96.125,147.771
tadasana,good,2,VID-20260218-WA0020.mp4,108.736,117.362,46.666,61.255,46.666,61.255,154.394,154.84,81.79,108.923,88.188,111.326,142.401,150.381,93.234,80.913,93.146,86.332,159.003,93.522,97.938,81.79,108.923,179.929,159.003,138.202,100.101,105.67,46.666,61.255,81.79,108.923,179.872,125.258,147.287
tadasana,good,2,VID-20260218-WA0020.mp4,107.725,129.571,48.399,74.794,48.399,74.794,156.094,154.65,92.97,105.649,89.373,97.83,137.245,162.802,84.571,60.285,94.182,85.097,158.056,99.362,93.505,92.97,105.649,179.929,158.056,154.156,99.888,103.294,48.399,74.794,92.97,105.649,179.869,146.629,156.609
tadasana,good,2,VID-20260218-WA0020.mp4,111.584,126.055,43.219,68.055,43.219,68.055,150.778,155.315,120.252,109.37,119.515,101.035,135.39,158.362,94.277,65.635,95.263,82.3,157.957,114.585,109.866,120.252,109.37,179.929,157.957,157.664,99.814,104.397,43.219,68.055,120.252,109.37,179.869,153.124,155.998
tadasana,good,2,VID-20260218-WA0020.mp4,110.762,130.65,36.355,66.783,36.355,66.783,150.832,157.356,135.41,124.124,123.296,113.802,138.363,159.972,91.67,71.317,96.846,83.541,151.781,130.429,118.375,135.41,124.124,179.923,151.781,167.755,97.643,103.619,36.355,66.783,135.41,124.124,179.869,162.248,160.638
tadasana,good,2,VID-20260218-WA0020.mp4,114.363,129.568,35.983,59.317,35.983,59.317,149.168,152.774,130.757,125.332,120.066,114.887,138.199,158.674,92.879,78.46,94.229,86.567,152.145,128.85,117.328,130.757,125.332,179.926,152.145,166.221,96.186,102.629,35.983,59.317,130.757,125.332,179.869,161.104,160.544
tadasana,good,2,VID-20260218-WA0020.mp4,113.322,132.551,40.785,66.552,40.785,66.552,152.453,159.169,121.016,120.967,108.682,109.64,136.964,154.703,87.935,77.025,95.414,85.703,150.829,121.765,109.064,121.016,120.967,179.926,150.829,165.034,95.682,98.814,40.785,66.552,121.016,120.967,179.864,161.043,159.207
tadasana,good,2,VID-20260218-WA0020.mp4,111.583,134.544,44.432,69.437,44.432,69.437,153.709,158.874,109.542,110.63,103.84,106.502,135.896,153.896,90.743,78.491,94.703,85.943,150.961,110.519,105.046,109.542,110.63,179.929,150.961,152.996,98.419,96.826,44.432,69.437,109.542,110.63,179.87,152.187,149.092
tadasana,good,2,VID-20260218-WA0020.mp4,126.549,147.07,58.52,77.626,58.52,77.626,161.063,160.407,94.819,109.646,78.463,96.058,135.275,158.593,86.115,76.693,94.656,82.977,142.762,101.72,86.519,94.819,109.646,179.926,142.762,150.947,97.184,93.641,58.52,77.626,94.819,109.646,179.873,145.619,152.098
tadasana,good,2,VID-20260218-WA0020.mp4,123.062,151.393,48.638,73.554,48.638,73.554,162.666,161.186,148.211,129.236,121.663,101.001,129.891,161.99,94.301,69.394,94.348,84.198,130.779,139.72,110.676,148.211,129.236,179.926,130.779,178.322,96.503,94.007,48.638,73.554,148.211,129.236,179.881,163.379,163.756
tadasana,good,2,VID-20260218-WA0020.mp4,144.305,161.181,52.338,68.906,52.338,68.906,163.473,157.735,164.362,155.767,139.063,112.262,129.575,163.729,96.939,67.972,93.721,85.308,108.621,175.215,125.496,164.362,155.767,179.929,108.621,153.424,90.0,96.52,52.338,68.906,164.362,155.767,179.881,142.907,155.668
tadasana,avg,1,2 (1).mp4,156.823,150.843,166.884,169.281,166.884,169.281,154.768,130.507,162.332,172.009,152.775,160.747,153.325,144.661,43.072,44.653,106.348,89.967,147.462,175.334,157.703,162.332,172.009,179.907,147.462,165.265,101.736,87.778,166.884,169.281,162.332,172.009,179.878,160.068,166.563
tadasana,avg,1,2 (1).mp4,158.219,155.544,165.137,166.711,165.137,166.711,155.503,132.383,156.895,171.671,148.38,159.353,151.577,147.019,43.12,45.642,106.231,95.536,148.282,172.855,155.033,156.895,171.671,179.909,148.282,164.536,99.747,90.556,165.137,166.711,156.895,171.671,179.875,157.796,166.097
tadasana,avg,1,2 (1).mp4,157.922,143.489,177.561,179.175,177.561,179.175,156.4,128.572,161.354,172.077,153.477,159.499,157.871,153.934,34.167,36.57,103.384,93.125,157.615,172.826,157.251,161.354,172.077,179.923,157.615,168.805,87.628,99.595,177.561,179.175,161.354,172.077,179.888,162.438,170.942
tadasana,avg,1,2 (1).mp4,158.361,150.111,177.258,179.317,177.258,179.317,155.505,136.967,163.078,171.65,158.181,162.619,156.338,150.811,36.786,39.863,103.12,92.225,160.342,173.309,161.082,163.078,171.65,179.921,160.342,171.885,87.167,98.026,177.258,179.317,163.078,171.65,179.893,165.193,173.318
tadasana,avg,1,2 (1).mp4,160.101,158.079,173.446,174.554,173.446,174.554,156.272,145.106,162.399,167.708,156.945,159.333,158.146,155.328,35.905,36.935,98.182,97.102,164.09,169.046,158.815,162.399,167.708,179.918,164.09,174.944,89.561,96.894,173.446,174.554,162.399,167.708,179.89,168.91,175.667
tadasana,avg,1,2 (1).mp4,160.91,162.755,168.73,171.087,168.73,171.087,160.628,150.2,163.354,165.768,157.636,157.509,160.436,159.437,31.979,32.238,89.728,105.014,165.37,167.957,158.3,163.354,165.768,179.916,165.37,175.7,83.65,103.452,168.73,171.087,163.354,165.768,179.892,170.64,176.037
tadasana,avg,1,2 (1).mp4,150.65,156.286,151.839,170.875,151.839,170.875,160.2,140.764,163.69,170.485,157.479,159.852,158.701,156.533,36.136,35.851,90.185,104.867,163.269,171.121,159.322,163.69,170.485,179.914,163.269,173.719,95.353,91.456,151.839,170.875,163.69,170.485,179.885,169.663,173.025
tadasana,avg,1,2 (1).mp4,158.68,155.667,170.095,176.354,170.095,176.354,159.255,143.834,164.748,170.897,157.927,161.155,158.781,155.807,37.079,37.021,87.734,107.208,161.326,172.457,160.176,164.748,170.897,179.916,161.326,173.187,83.368,104.719,170.095,176.354,164.748,170.897,179.885,168.522,173.344
tadasana,avg,1,2 (1).mp4,159.938,158.936,172.96,176.72,172.96,176.72,159.135,148.336,164.598,170.388,156.823,160.568,160.124,156.494,35.673,36.628,86.354,108.888,160.578,172.22,159.344,164.598,170.388,179.916,160.578,172.893,80.823,106.887,172.96,176.72,164.598,170.388,179.888,168.232,173.267
tadasana,avg,1,2 (1).mp4,160.829,149.053,177.325,178.43,177.325,178.43,161.96,142.253,164.513,169.921,156.068,160.452,157.289,154.714,40.311,39.606,85.79,110.264,158.578,172.743,158.956,164.513,169.921,179.921,158.578,172.095,72.207,115.884,177.325,178.43,164.513,169.921,179.885,166.285,173.479
tadasana,avg,1,2 (1).mp4,161.622,146.514,178.312,177.948,178.312,177.948,162.024,142.648,163.836,170.557,155.165,159.878,159.076,156.278,38.695,38.398,86.215,110.176,157.857,172.831,158.285,163.836,170.557,179.918,157.857,171.364,75.883,111.526,178.312,177.948,163.836,170.557,179.886,166.205,172.25
tadasana,avg,1,2 (1).mp4,161.14,155.673,172.818,177.263,172.818,177.263,160.546,147.677,164.186,171.885,156.718,161.526,161.521,157.576,34.979,36.503,85.824,109.534,160.112,173.009,159.869,164.186,171.885,179.918,160.112,172.121,82.817,104.446,172.818,177.263,164.186,171.885,179.886,167.881,172.343
tadasana,avg,1,2 (1).mp4,162.353,162.639,170.929,173.507,170.929,173.507,162.616,153.161,166.569,172.341,161.61,163.658,161.512,158.383,33.364,34.707,85.586,107.937,162.599,173.837,163.311,166.569,172.341,179.909,162.599,173.893,87.344,99.435,170.929,173.507,166.569,172.341,179.883,169.973,173.746
tadasana,avg,1,2 (1).mp4,161.545,162.869,168.475,171.314,168.475,171.314,162.223,152.762,168.783,173.371,165.755,166.403,160.849,157.432,33.932,35.087,85.856,106.119,163.37,175.694,166.699,168.783,173.371,179.916,163.37,174.408,85.752,101.633,168.475,171.314,168.783,173.371,179.888,170.382,174.469
tadasana,avg,1,2 (1).mp4,161.339,162.494,171.03,174.038,171.03,174.038,162.075,152.454,168.066,173.157,163.499,165.7,159.641,154.596,33.547,36.8,87.001,105.719,161.89,175.603,165.15,168.066,173.157,179.912,161.89,173.482,86.256,101.266,171.03,174.038,168.066,173.157,179.881,169.496,173.491
tadasana,avg,1,2 (1).mp4,157.59,162.821,171.494,176.873,171.494,176.873,160.591,151.186,166.683,169.445,163.431,167.008,159.372,155.872,33.45,34.997,92.9,99.533,153.195,172.689,165.776,166.683,169.445,179.907,153.195,164.191,97.783,91.113,171.494,176.873,166.683,169.445,179.881,162.614,163.101
tadasana,avg,1,2 (1).mp4,153.643,158.618,174.981,177.28,174.981,177.28,160.932,152.068,164.419,170.769,163.804,162.037,158.377,148.581,33.909,41.354,91.6,101.066,150.703,171.909,163.544,164.419,170.769,179.914,150.703,161.655,93.303,99.379,174.981,177.28,164.419,170.769,179.881,159.169,161.618
tadasana,avg,1,2 (1).mp4,159.33,166.459,143.06,129.975,143.06,129.975,172.933,161.263,158.77,159.931,152.236,153.296,161.398,153.867,30.677,35.254,94.562,102.42,135.327,164.765,153.463,158.77,159.931,179.921,135.327,146.124,108.562,79.155,143.06,129.975,158.77,159.931,179.881,146.684,143.048
tadasana,avg,1,2 (1).mp4,172.644,174.84,128.844,118.481,128.844,118.481,173.906,174.736,136.265,145.573,107.866,104.762,157.991,154.543,31.723,34.207,97.323,110.851,138.975,145.065,106.477,136.265,145.573,179.921,138.975,152.958,115.34,68.512,128.844,118.481,136.265,145.573,179.885,153.479,148.598
tadasana,avg,1,2 (1).mp4,135.429,156.803,80.497,99.071,80.497,99.071,173.958,175.051,154.658,165.53,136.305,137.601,158.642,160.911,30.624,27.618,97.63,106.041,141.953,170.625,137.739,154.658,165.53,179.921,141.953,154.072,104.668,88.336,80.497,99.071,154.658,165.53,179.888,150.967,153.371
tadasana,avg,1,2 (1).mp4,115.553,148.389,60.353,87.164,60.353,87.164,173.294,176.054,153.017,152.408,136.926,122.328,158.239,156.866,32.347,31.663,97.726,108.976,143.417,166.392,131.74,153.017,152.408,179.923,143.417,154.516,108.473,88.521,60.353,87.164,153.017,152.408,179.878,151.198,151.699
tadasana,avg,1,2 (1).mp4,77.422,119.221,27.181,47.489,27.181,47.489,161.118,173.119,145.055,162.237,126.628,128.365,157.295,155.634,33.08,31.595,93.185,116.077,135.708,167.752,128.628,145.055,162.237,179.929,135.708,148.007,100.737,93.601,27.181,47.489,145.055,162.237,179.878,146.64,142.265
tadasana,avg,1,2 (1).mp4,77.298,100.09,28.04,31.966,28.04,31.966,162.076,169.978,142.78,165.215,120.44,128.071,155.218,160.73,26.787,26.121,87.795,112.192,141.355,161.011,124.529,142.78,165.215,179.931,141.355,152.46,100.6,96.892,28.04,31.966,142.78,165.215,179.881,151.443,146.463
tadasana,avg,1,2 (1).mp4,111.794,104.087,48.18,38.837,48.18,38.837,161.006,166.41,118.333,152.935,101.309,118.449,135.967,153.684,80.167,33.281,89.636,106.266,143.467,135.305,106.415,118.333,152.935,179.931,143.467,170.165,113.885,101.865,48.18,38.837,118.333,152.935,179.895,161.983,157.449
tadasana,avg,1,2 (1).mp4,118.483,124.673,46.594,50.728,46.594,50.728,153.271,158.932,105.945,173.676,146.206,144.467,131.24,145.645,129.438,41.257,98.388,108.94,147.379,137.118,126.148,105.945,173.676,179.941,147.379,170.532,116.734,100.779,46.594,50.728,105.945,173.676,179.903,121.677,161.14
tadasana,avg,1,2 (1).mp4,107.77,114.126,42.491,42.226,42.491,42.226,153.903,158.972,112.824,169.728,128.637,156.04,135.049,156.692,121.046,37.051,113.316,104.433,151.46,159.046,138.517,112.824,169.728,179.948,151.46,171.313,106.298,105.345,42.491,42.226,112.824,169.728,179.914,139.813,153.706
tadasana,avg,1,2.mp4,156.03,146.919,70.172,64.051,70.172,64.051,171.079,168.79,160.626,167.096,96.846,96.452,141.891,150.191,61.077,56.861,78.79,96.603,97.573,166.132,96.319,160.626,167.096,179.926,97.573,138.389,112.914,96.735,70.172,64.051,160.626,167.096,179.883,142.49,134.963
tadasana,avg,1,2.mp4,156.393,158.193,94.281,92.588,94.281,92.588,163.412,153.865,155.635,163.74,103.992,107.063,159.164,139.907,35.961,62.322,85.594,95.871,110.321,160.906,105.669,155.635,163.74,179.912,110.321,149.988,103.927,99.745,94.281,92.588,155.635,163.74,179.867,152.505,147.613
tadasana,avg,1,2.mp4,150.859,161.588,111.112,106.241,111.112,106.241,175.014,145.505,146.715,158.1,101.936,114.245,137.203,130.274,59.916,65.783,86.301,96.538,126.796,153.55,107.769,146.715,158.1,179.909,126.796,159.19,108.105,93.443,111.112,106.241,146.715,158.1,179.863,157.152,161.084
tadasana,avg,1,2.mp4,153.0,163.202,108.269,102.361,108.269,102.361,158.694,148.469,151.376,157.238,104.329,114.236,130.794,129.269,72.727,80.784,87.667,95.084,121.625,155.661,108.704,151.376,157.238,179.903,121.625,160.319,107.409,90.815,108.269,102.361,151.376,157.238,179.863,156.615,164.308
tadasana,avg,1,2.mp4,144.476,154.859,107.788,100.234,107.788,100.234,145.848,146.06,157.061,154.697,108.204,110.06,134.178,134.948,70.96,76.39,89.092,94.112,120.644,157.566,108.451,157.061,154.697,179.909,120.644,159.218,108.211,90.129,107.788,100.234,157.061,154.697,179.866,153.884,165.657
tadasana,avg,1,2.mp4,156.519,160.905,110.549,99.963,110.549,99.963,158.494,153.648,152.896,154.083,104.751,106.78,138.498,132.194,67.411,74.164,90.259,93.106,121.588,154.94,105.253,152.896,154.083,179.914,121.588,158.97,109.591,86.042,110.549,99.963,152.896,154.083,179.866,156.118,162.357
tadasana,avg,1,2.mp4,164.224,161.107,173.913,177.171,173.913,177.171,153.202,150.521,162.7,160.201,151.93,150.236,153.35,156.071,41.983,45.346,74.498,109.753,157.799,162.167,151.459,162.7,160.201,179.912,157.799,177.768,83.139,105.965,173.913,177.171,162.7,160.201,179.881,176.013,179.434
tadasana,avg,1,2.mp4,162.349,163.01,168.907,174.201,168.907,174.201,152.62,151.76,164.851,161.573,155.527,152.106,150.959,158.848,42.884,38.862,72.078,112.074,159.974,163.984,154.339,164.851,161.573,179.914,159.974,177.903,76.762,113.147,168.907,174.201,164.851,161.573,179.885,176.389,179.306
tadasana,avg,1,2.mp4,159.763,163.786,168.212,173.944,168.212,173.944,155.814,154.646,164.202,159.97,155.056,149.489,150.197,159.803,45.294,38.595,73.019,111.755,158.265,162.927,152.869,164.202,159.97,179.912,158.265,177.691,82.782,107.594,168.212,173.944,164.202,159.97,179.883,176.286,179.082
tadasana,avg,1,2.mp4,159.954,161.998,166.416,170.925,166.416,170.925,156.99,150.024,165.966,157.7,156.237,148.514,154.293,161.659,38.408,34.577,72.142,113.224,160.937,162.918,153.145,165.966,157.7,179.914,160.937,177.772,79.663,110.854,166.416,170.925,165.966,157.7,179.888,175.822,179.236
tadasana,avg,1,2.mp4,146.642,162.671,149.298,173.308,149.298,173.308,156.638,151.514,164.467,159.19,153.877,147.781,155.822,164.063,36.021,31.256,71.715,113.665,160.206,162.674,151.439,164.467,159.19,179.912,160.206,176.948,89.253,103.075,149.298,173.308,164.467,159.19,179.888,175.773,178.112
tadasana,avg,1,2.mp4,153.682,161.858,159.193,169.137,159.193,169.137,157.093,154.468,165.044,159.392,153.815,147.391,155.008,164.485,36.998,31.687,72.732,112.556,159.321,163.141,151.252,165.044,159.392,179.912,159.321,176.384,84.096,107.869,159.193,169.137,165.044,159.392,179.886,175.245,177.431
tadasana,avg,1,2.mp4,158.013,163.215,176.914,166.975,176.914,166.975,153.712,153.279,168.269,169.873,144.969,141.067,155.212,168.25,37.161,26.423,75.47,109.557,143.395,170.894,143.436,168.269,169.873,179.912,143.395,162.208,85.685,105.029,176.914,166.975,168.269,169.873,179.886,162.882,161.173
tadasana,avg,1,2.mp4,158.771,163.348,174.206,172.902,174.206,172.902,154.347,155.256,163.454,165.447,142.729,140.011,154.46,167.827,37.949,27.824,77.506,106.961,147.797,165.486,141.72,163.454,165.447,179.912,147.797,166.031,88.408,102.006,174.206,172.902,163.454,165.447,179.885,167.108,164.544
tadasana,avg,1,2.mp4,157.595,162.768,171.175,174.905,171.175,174.905,154.688,155.129,164.053,163.141,144.356,140.647,155.055,165.707,37.69,30.314,78.947,105.849,149.541,164.712,142.904,164.053,163.141,179.907,149.541,167.939,86.818,104.412,171.175,174.905,164.053,163.141,179.881,167.815,167.753
tadasana,avg,1,2.mp4,154.765,162.11,165.788,175.54,165.788,175.54,152.695,155.159,165.681,168.781,144.874,143.994,157.038,167.176,34.078,29.386,78.901,105.212,148.181,168.532,144.772,165.681,168.781,179.916,148.181,165.289,88.599,102.917,165.788,175.54,165.681,168.781,179.881,165.803,164.406
tadasana,avg,1,2.mp4,156.155,161.909,167.016,176.449,167.016,176.449,152.454,150.887,166.733,172.82,146.355,149.626,155.418,165.671,34.93,32.391,78.631,105.025,148.865,171.358,148.381,166.733,172.82,179.916,148.865,165.471,86.922,103.921,167.016,176.449,166.733,172.82,179.878,165.474,165.125
tadasana,avg,1,2.mp4,154.623,161.693,170.196,174.217,170.196,174.217,152.805,150.453,169.145,175.743,145.441,148.021,157.307,165.681,33.601,33.609,80.26,103.707,143.41,175.206,147.124,169.145,175.743,179.907,143.41,159.916,87.532,103.544,170.196,174.217,169.145,175.743,179.881,159.897,159.621
tadasana,avg,1,2.mp4,158.557,162.624,175.967,173.735,175.967,173.735,154.038,151.154,169.085,173.603,148.837,149.041,149.543,161.093,43.585,39.788,81.153,103.253,145.484,173.899,149.457,169.085,173.603,179.912,145.484,163.904,84.765,105.206,175.967,173.735,169.085,173.603,179.878,163.695,163.773
tadasana,avg,1,2.mp4,157.769,163.831,173.855,175.506,173.855,175.506,154.949,152.378,168.085,171.081,148.659,148.704,150.437,160.556,42.038,40.677,82.356,102.277,147.953,171.661,149.232,168.085,171.081,179.912,147.953,166.238,84.956,105.139,173.855,175.506,168.085,171.081,179.875,165.665,166.507
tadasana,avg,1,2.mp4,159.24,164.706,175.039,175.019,175.039,175.019,154.715,152.182,164.794,161.351,146.436,140.465,146.457,161.368,46.576,42.26,84.838,101.17,148.867,164.714,144.173,164.794,161.351,179.916,148.867,169.738,83.351,106.47,175.039,175.019,164.794,161.351,179.878,168.731,170.471
tadasana,avg,1,2.mp4,155.355,165.395,162.907,176.876,162.907,176.876,156.393,155.791,162.302,155.764,148.266,140.825,147.051,161.814,44.6,41.014,83.236,102.883,154.31,160.161,145.289,162.302,155.764,179.914,154.31,174.901,81.462,110.164,162.907,176.876,162.302,155.764,179.88,173.451,176.194
tadasana,avg,1,2.mp4,165.07,171.369,170.011,170.633,170.011,170.633,167.95,164.138,156.83,151.788,145.653,138.788,147.146,162.971,43.35,39.392,83.12,102.438,158.004,155.047,142.831,156.83,151.788,179.912,158.004,177.657,94.782,110.416,170.011,170.633,156.83,151.788,179.88,176.829,178.258
tadasana,avg,1,2.mp4,148.394,158.261,128.39,120.672,128.39,120.672,166.912,161.8,168.336,160.192,142.112,151.537,148.753,161.289,41.384,40.553,88.004,94.991,128.454,168.863,147.47,168.336,160.192,179.918,128.454,145.517,145.494,124.376,128.39,120.672,168.336,160.192,179.876,148.55,141.651
tadasana,avg,1,2.mp4,133.254,157.452,90.559,104.049,90.559,104.049,174.717,172.448,157.9,165.652,142.981,149.562,154.812,164.721,34.862,35.019,81.139,100.801,125.383,164.648,146.498,157.9,165.652,179.926,125.383,139.645,131.803,145.844,90.559,104.049,157.9,165.652,179.88,132.561,145.794
tadasana,avg,1,2.mp4,106.635,123.122,64.247,79.047,64.247,79.047,173.049,174.484,169.688,163.92,131.757,146.2,160.694,170.213,29.377,24.609,81.194,97.69,131.396,173.5,139.588,169.688,163.92,179.921,131.396,141.65,139.634,141.195,64.247,79.047,169.688,163.92,179.885,142.829,139.664
tadasana,avg,1,2.mp4,81.124,146.232,38.197,86.918,38.197,86.918,171.305,176.002,169.143,169.211,131.518,143.182,162.45,167.876,27.598,24.458,70.31,106.403,132.526,174.805,137.555,169.143,169.211,179.923,132.526,140.989,126.541,125.372,38.197,86.918,169.143,169.211,179.888,138.237,142.967
tadasana,avg,1,2.mp4,98.26,153.977,43.12,89.551,43.12,89.551,172.883,175.295,169.111,171.051,130.887,136.848,161.558,162.782,28.642,28.592,72.218,106.49,134.753,179.183,133.923,169.111,171.051,179.931,134.753,143.032,113.707,115.927,43.12,89.551,169.111,171.051,179.89,141.017,143.931
tadasana,avg,1,2.mp4,112.05,153.722,56.268,93.285,56.268,93.285,173.115,177.935,168.05,169.674,133.3,136.005,161.518,164.525,29.6,26.858,72.721,107.229,138.921,175.209,134.693,168.05,169.674,179.929,138.921,148.426,109.334,110.915,56.268,93.285,168.05,169.674,179.895,147.794,147.576
tadasana,avg,1,2.mp4,80.981,148.631,32.3,87.99,32.3,87.99,169.381,175.333,158.689,166.545,124.738,130.883,162.417,164.024,29.367,25.686,74.515,104.576,140.741,166.783,127.912,158.689,166.545,179.929,140.741,151.032,117.036,106.439,32.3,87.99,158.689,166.545,179.89,151.18,148.661
tadasana,avg,1,2.mp4,74.693,146.285,27.469,83.992,27.469,83.992,164.467,176.317,155.958,166.079,122.979,132.866,159.95,158.458,33.72,32.048,75.085,103.186,141.425,165.041,128.117,155.958,166.079,179.929,141.425,153.951,117.186,101.685,27.469,83.992,155.958,166.079,179.883,153.646,151.749
tadasana,avg,1,20260218_152204.mp4,131.682,109.518,37.484,57.536,37.484,57.536,107.925,148.405,145.23,141.735,149.816,141.251,171.812,174.905,103.487,100.799,59.485,127.815,134.189,144.204,145.252,145.23,141.735,179.87,134.189,161.755,106.91,67.431,37.484,57.536,145.23,141.735,179.769,160.646,161.291
tadasana,avg,1,20260218_152204.mp4,165.708,152.885,67.449,37.372,67.449,37.372,133.017,152.179,54.167,60.773,165.057,157.575,150.004,161.912,46.234,80.613,13.583,168.342,106.293,55.692,162.056,54.167,60.773,179.801,106.293,59.531,123.767,66.868,67.449,37.372,54.167,60.773,179.616,60.06,60.96
tadasana,avg,1,20260218_152204.mp4,133.328,162.435,13.336,85.787,13.336,85.787,105.913,142.342,61.153,156.708,166.753,159.454,172.098,176.284,87.483,122.348,33.223,141.425,80.432,121.274,163.371,61.153,156.708,179.869,80.432,119.55,30.883,114.264,13.336,85.787,61.153,156.708,179.583,58.963,160.504
tadasana,avg,1,20260218_152204.mp4,145.787,141.668,120.744,37.727,120.744,37.727,123.56,146.404,24.204,38.886,110.239,157.135,135.325,169.003,82.888,57.464,28.207,138.692,143.432,31.849,167.695,24.204,38.886,179.817,143.432,35.52,151.336,65.069,120.744,37.727,24.204,38.886,179.776,44.916,28.613
tadasana,avg,1,20260218_152204.mp4,152.967,131.118,109.666,88.62,109.666,88.62,111.914,117.445,30.22,79.091,133.284,146.719,145.968,155.71,63.356,52.955,30.289,146.946,152.873,47.729,162.475,30.22,79.091,179.885,152.873,55.05,155.818,112.288,109.666,88.62,30.22,79.091,179.774,48.684,65.388
tadasana,avg,1,20260218_152204.mp4,168.148,145.36,146.402,123.803,146.402,123.803,161.894,160.363,92.626,108.376,132.027,130.954,150.311,147.969,81.088,87.728,79.738,99.766,70.068,100.795,163.164,92.626,108.376,179.593,70.068,92.561,132.893,63.846,146.402,123.803,92.626,108.376,179.655,82.658,101.32
tadasana,avg,1,20260218_152204.mp4,169.389,149.932,143.199,122.049,143.199,122.049,156.975,160.555,85.322,115.591,151.488,128.875,164.721,144.863,106.063,85.774,65.971,91.81,94.439,99.831,158.3,85.322,115.591,179.667,94.439,90.442,134.689,63.548,143.199,122.049,85.322,115.591,179.565,75.589,106.87
tadasana,avg,1,20260218_152204.mp4,170.089,158.912,137.611,128.043,137.611,128.043,142.756,155.248,92.514,119.982,146.588,115.521,165.024,134.534,101.153,78.272,51.723,97.514,49.289,108.343,141.908,92.514,119.982,179.738,49.289,92.187,127.652,59.47,137.611,128.043,92.514,119.982,179.634,76.774,110.426
tadasana,avg,1,20260218_152204.mp4,173.653,162.473,143.707,128.159,143.707,128.159,158.847,148.475,103.651,118.408,69.878,153.351,121.594,147.216,96.021,92.573,73.628,76.772,56.994,132.93,114.291,103.651,118.408,179.618,56.994,98.902,138.332,48.715,143.707,128.159,103.651,118.408,178.795,56.334,106.427
tadasana,avg,1,20260218_153636.mp4,141.858,142.668,73.984,105.479,73.984,105.479,106.127,147.591,95.363,86.759,157.587,154.18,136.372,140.015,60.748,57.69,70.47,101.76,144.299,90.857,158.914,95.363,86.759,179.893,144.299,79.859,110.012,71.164,73.984,105.479,95.363,86.759,179.786,86.149,74.52
tadasana,avg,1,20260218_153636.mp4,164.931,126.598,53.594,45.718,53.594,45.718,116.288,158.364,106.612,86.581,165.983,156.034,143.883,152.346,73.412,72.871,74.495,86.896,155.118,96.248,162.222,106.612,86.581,179.878,155.118,87.675,98.925,119.463,53.594,45.718,106.612,86.581,179.803,99.583,75.698
tadasana,avg,1,20260218_153636.mp4,143.92,162.779,107.701,118.825,107.701,118.825,165.692,169.121,149.986,147.029,131.334,131.208,168.503,151.784,60.028,65.48,87.396,90.959,139.46,150.186,131.216,149.986,147.029,179.901,139.46,177.936,170.127,164.107,107.701,118.825,149.986,147.029,179.817,169.118,172.255
tadasana,avg,1,20260218_153636.mp4,148.103,159.483,115.792,124.316,115.792,124.316,166.734,169.446,148.697,145.237,130.958,132.104,161.49,149.104,62.54,68.778,87.792,89.791,140.012,148.345,131.442,148.697,145.237,179.903,140.012,176.69,162.458,159.796,115.792,124.316,148.697,145.237,179.817,170.452,170.876
tadasana,avg,1,20260218_153636.mp4,154.282,166.751,123.947,133.041,123.947,133.041,167.068,176.903,152.465,147.834,139.092,138.498,158.307,146.85,68.158,72.557,87.111,90.364,142.984,151.491,138.781,152.465,147.834,179.903,142.984,174.971,155.067,147.345,123.947,133.041,152.465,147.834,179.815,171.244,170.125
tadasana,avg,1,20260218_153636.mp4,160.911,174.762,133.488,140.135,133.488,140.135,169.086,174.134,151.189,132.814,139.881,126.053,151.429,150.451,74.053,70.784,90.596,89.778,145.597,143.049,133.033,151.189,132.814,179.901,145.597,169.451,143.375,140.366,133.488,140.135,151.189,132.814,179.814,170.975,162.358
tadasana,avg,1,20260218_153636.mp4,165.625,174.162,139.93,147.617,139.93,147.617,167.249,178.816,144.882,122.608,139.011,122.877,154.937,153.292,71.563,71.024,91.393,89.725,153.7,134.201,130.949,144.882,122.608,179.895,153.7,162.059,134.071,133.823,139.93,147.617,144.882,122.608,179.815,167.567,154.427
tadasana,avg,1,20260218_153636.mp4,166.24,169.877,143.282,153.039,143.282,153.039,165.744,177.864,143.616,114.715,138.828,115.544,148.68,154.855,77.764,69.165,92.793,90.342,155.394,129.295,127.081,143.616,114.715,179.897,155.394,159.522,126.942,131.467,143.282,153.039,143.616,114.715,179.817,166.771,150.756
tadasana,avg,1,20260218_153636.mp4,168.796,171.189,150.024,155.273,150.024,155.273,167.633,175.389,144.336,118.353,138.176,115.198,147.715,156.042,81.882,73.499,92.808,89.905,155.25,131.307,126.398,144.336,118.353,179.89,155.25,161.113,123.12,120.378,150.024,155.273,144.336,118.353,179.82,167.343,153.462
tadasana,avg,1,20260218_153636.mp4,165.953,160.373,144.161,142.595,144.161,142.595,173.567,170.132,163.78,143.74,134.51,119.147,156.686,149.457,75.881,77.19,90.896,89.883,131.642,154.689,126.57,163.78,143.74,179.885,131.642,174.955,111.433,120.276,144.161,142.595,163.78,143.74,179.824,166.618,175.768
tadasana,avg,1,20260218_153636.mp4,157.04,155.973,135.031,126.075,135.031,126.075,149.941,163.497,172.179,167.644,135.885,128.858,158.812,149.164,76.938,78.23,89.412,89.227,119.254,173.304,132.138,172.179,167.644,179.883,119.254,159.828,115.832,110.321,135.031,126.075,172.179,167.644,179.822,155.618,163.846
tadasana,avg,1,20260218_153636.mp4,139.862,141.048,136.774,129.927,136.774,129.927,159.468,166.143,171.909,169.646,135.513,126.77,161.125,152.908,76.145,68.343,89.211,89.492,116.631,174.907,131.07,171.909,169.646,179.88,116.631,156.817,117.57,109.276,136.774,129.927,171.909,169.646,179.822,153.804,159.732
tadasana,avg,1,20260218_153636.mp4,129.845,129.373,145.596,143.434,145.596,143.434,155.393,155.548,166.246,156.022,136.934,128.203,167.557,154.728,73.036,66.754,88.244,90.382,126.031,162.432,132.555,166.246,156.022,179.88,126.031,170.28,113.425,113.497,145.596,143.434,166.246,156.022,179.822,165.323,174.748
tadasana,avg,1,20260218_153636.mp4,123.82,121.467,135.945,129.528,135.945,129.528,154.782,159.488,170.204,173.149,136.385,126.707,177.984,152.576,61.774,65.65,87.637,90.475,111.187,176.176,131.565,170.204,173.149,179.876,111.187,153.581,114.202,110.718,135.945,129.528,170.204,173.149,179.821,151.178,156.014
tadasana,avg,1,20260218_153636.mp4,118.899,120.378,138.793,130.906,138.793,130.906,160.361,162.336,171.034,170.928,133.138,125.742,177.479,151.941,61.779,65.756,87.317,89.703,113.173,173.997,129.389,171.034,170.928,179.876,113.173,155.274,114.06,107.909,138.793,130.906,171.034,170.928,179.819,152.965,157.555
tadasana,avg,1,20260218_153636.mp4,117.395,118.502,133.167,124.327,133.167,124.327,160.995,164.436,167.391,177.674,133.96,127.997,178.94,150.342,62.883,66.485,86.947,89.634,104.483,173.661,130.928,167.391,177.674,179.875,104.483,146.11,114.984,108.455,133.167,124.327,167.391,177.674,179.822,143.967,148.417
tadasana,avg,1,20260218_153636.mp4,114.076,117.327,133.7,125.904,133.7,125.904,161.749,165.252,167.132,177.609,134.013,128.199,178.741,151.424,63.426,66.729,87.465,89.761,105.351,174.225,131.082,167.132,177.609,179.881,105.351,146.708,113.667,109.654,133.7,125.904,167.132,177.609,179.819,144.013,149.475
tadasana,avg,1,20260218_153636.mp4,107.54,114.286,134.774,126.203,134.774,126.203,166.279,164.269,164.466,176.105,137.393,129.591,170.165,155.345,66.025,66.955,87.401,90.106,104.25,171.545,133.549,164.466,176.105,179.876,104.25,145.16,114.998,110.481,134.774,126.203,164.466,176.105,179.821,142.822,147.547
tadasana,avg,1,20260218_153636.mp4,95.213,95.864,150.748,143.369,150.748,143.369,168.844,124.679,167.275,162.049,140.339,129.53,167.688,154.613,73.684,70.212,87.807,90.21,121.289,166.415,135.067,167.275,162.049,179.881,121.289,167.195,116.778,108.996,150.748,143.369,167.275,162.049,179.817,164.97,168.553
tadasana,avg,1,20260218_153636.mp4,94.086,104.755,143.082,133.465,143.082,133.465,158.848,155.942,169.182,174.607,140.34,129.211,168.527,155.001,71.521,70.634,87.558,90.549,109.008,176.539,134.883,169.182,174.607,179.875,109.008,153.704,120.679,110.366,143.082,133.465,169.182,174.607,179.819,151.991,155.199
tadasana,avg,1,20260218_153636.mp4,91.457,105.931,140.81,132.412,140.81,132.412,148.963,142.251,164.282,173.886,147.369,126.219,170.738,154.587,69.574,70.071,88.108,91.579,107.249,175.018,137.055,164.282,173.886,179.88,107.249,151.574,123.916,114.376,140.81,132.412,164.282,173.886,179.818,149.278,153.7
tadasana,avg,1,20260218_153636.mp4,91.22,104.025,137.709,134.106,137.709,134.106,147.854,140.293,160.605,173.282,150.521,128.744,162.872,152.796,80.789,76.29,88.383,92.211,104.87,173.176,140.002,160.605,173.282,179.878,104.87,150.959,124.616,121.26,137.709,134.106,160.605,173.282,179.821,146.543,155.196
tadasana,avg,1,20260218_153636.mp4,99.885,106.663,148.365,155.455,148.365,155.455,147.863,141.907,165.849,145.449,155.506,133.94,150.557,151.632,97.831,84.911,88.943,92.06,135.272,156.9,145.231,165.849,145.449,179.881,135.272,175.586,119.391,121.819,148.365,155.455,165.849,145.449,179.819,175.739,170.462
tadasana,avg,1,20260218_153636.mp4,118.304,115.331,152.065,152.434,152.065,152.434,150.584,152.078,167.108,147.012,154.05,129.632,153.233,152.906,96.977,83.832,90.657,91.164,128.417,158.497,142.227,167.108,147.012,179.875,128.417,178.444,112.487,118.394,152.065,152.434,167.108,147.012,179.818,175.05,173.402
tadasana,avg,1,20260218_153636.mp4,136.136,139.798,158.503,152.86,158.503,152.86,148.67,146.315,162.502,154.205,141.79,127.127,157.216,152.846,86.385,79.334,89.957,90.142,129.4,159.442,134.593,162.502,154.205,179.873,129.4,175.691,109.829,102.946,158.503,152.86,162.502,154.205,179.814,173.273,175.297
tadasana,avg,1,20260218_153636.mp4,155.319,150.703,156.544,149.808,156.544,149.808,142.758,142.309,165.463,154.479,140.003,126.566,165.807,155.281,74.722,74.467,89.993,90.376,127.074,161.21,133.411,165.463,154.479,179.875,127.074,172.917,96.656,99.159,156.544,149.808,165.463,154.479,179.814,169.597,174.672
tadasana,avg,1,20260218_153636.mp4,160.322,157.586,153.245,150.629,153.245,150.629,142.249,137.703,170.318,155.284,141.459,127.251,164.363,155.614,76.054,71.505,89.956,91.444,124.33,164.735,134.536,170.318,155.284,179.875,124.33,169.844,90.843,98.933,153.245,150.629,170.318,155.284,179.818,164.556,174.343
tadasana,avg,1,20260218_153636.mp4,162.929,161.643,152.897,147.965,152.897,147.965,145.407,138.634,170.734,155.881,140.469,126.283,163.49,155.17,75.863,70.577,90.066,91.56,123.411,165.148,133.57,170.734,155.881,179.87,123.411,168.677,91.046,98.549,152.897,147.965,170.734,155.881,179.821,163.721,173.293
tadasana,avg,1,20260218_153636.mp4,160.112,159.544,158.297,149.47,158.297,149.47,147.966,139.247,164.802,150.423,139.607,126.38,161.366,158.816,75.24,68.921,89.822,91.931,129.45,158.549,133.203,164.802,150.423,179.87,129.45,174.876,92.966,98.165,158.297,149.47,164.802,150.423,179.819,170.5,178.185
tadasana,avg,1,20260218_153636.mp4,157.757,157.859,165.049,156.497,165.049,156.497,147.56,139.317,156.509,142.703,139.279,123.908,161.935,155.602,75.372,66.066,90.058,91.829,136.721,150.09,131.87,156.509,142.703,179.867,136.721,177.625,95.733,97.035,165.049,156.497,156.509,142.703,179.822,177.511,175.133
tadasana,avg,1,20260218_153636.mp4,156.065,157.375,160.666,154.262,160.666,154.262,147.427,138.271,162.471,148.491,138.791,124.414,162.671,155.645,72.024,66.617,90.15,92.074,130.299,156.2,131.92,162.471,148.491,179.867,130.299,175.9,96.302,98.617,160.666,154.262,162.471,148.491,179.821,172.714,178.8
tadasana,avg,1,20260218_153636.mp4,155.002,157.579,159.041,147.533,159.041,147.533,146.429,139.827,164.185,153.001,138.69,124.458,163.574,154.921,70.473,67.068,90.036,91.596,127.996,159.273,131.852,164.185,153.001,179.863,127.996,172.847,99.517,95.643,159.041,147.533,164.185,153.001,179.823,171.15,174.576
tadasana,avg,1,20260218_153636.mp4,154.786,155.829,157.908,148.151,157.908,148.151,146.675,142.251,164.815,154.003,137.921,125.432,164.024,153.701,67.809,66.561,89.598,91.12,127.813,160.007,131.889,164.815,154.003,179.866,127.813,172.075,98.875,96.411,157.908,148.151,164.815,154.003,179.821,170.079,174.243
tadasana,avg,1,20260218_153636.mp4,156.052,155.637,156.507,147.26,156.507,147.26,147.4,142.47,164.881,154.937,138.125,128.263,161.384,154.632,69.615,63.869,89.39,91.925,128.249,160.626,133.435,164.881,154.937,179.866,128.249,172.462,95.313,99.847,156.507,147.26,164.881,154.937,179.822,169.94,175.073
tadasana,avg,1,20260218_153636.mp4,155.544,154.661,158.332,149.204,158.332,149.204,145.323,142.888,162.732,156.649,138.244,131.191,161.083,153.309,68.168,65.373,88.919,91.694,130.865,160.357,134.952,162.732,156.649,179.867,130.865,173.689,96.884,97.521,158.332,149.204,162.732,156.649,179.822,172.147,175.092
tadasana,avg,1,20260218_153636.mp4,155.828,152.257,150.922,143.771,150.922,143.771,144.437,145.444,169.755,162.733,138.967,131.317,159.737,153.322,68.394,65.436,88.937,91.916,123.88,167.587,135.409,169.755,162.733,179.869,123.88,166.741,94.762,99.795,150.922,143.771,169.755,162.733,179.82,164.557,168.993
tadasana,avg,1,20260218_153636.mp4,154.973,151.806,157.101,147.192,157.101,147.192,144.128,148.468,167.381,159.85,139.959,130.522,159.081,151.143,68.098,65.96,88.995,91.832,128.242,164.597,135.534,167.381,159.85,179.867,128.242,169.806,97.361,97.661,157.101,147.192,167.381,159.85,179.822,168.183,171.517
tadasana,avg,1,20260218_153636.mp4,155.688,154.971,160.333,149.381,160.333,149.381,145.722,150.274,163.543,155.692,140.525,130.452,157.662,150.817,68.575,65.805,88.75,91.832,132.639,160.299,135.782,163.543,155.692,179.867,132.639,174.196,97.683,96.805,160.333,149.381,163.543,155.692,179.823,172.646,175.752
tadasana,avg,1,20260218_153636.mp4,156.001,157.144,159.756,147.624,159.756,147.624,146.241,149.221,163.119,151.819,140.415,128.967,156.749,150.409,71.891,67.52,89.314,91.912,132.466,158.168,135.007,163.119,151.819,179.869,132.466,175.884,96.515,98.057,159.756,147.624,163.119,151.819,179.822,173.033,178.932
tadasana,avg,1,20260218_153636.mp4,156.047,152.981,159.269,145.47,159.269,145.47,145.771,146.884,163.021,153.443,139.079,129.364,157.224,150.072,70.888,67.482,89.155,92.087,131.041,159.011,134.527,163.021,153.443,179.866,131.041,174.564,97.002,97.675,159.269,145.47,163.021,153.443,179.821,171.839,177.442
tadasana,avg,1,20260218_153636.mp4,156.683,154.76,156.167,144.729,156.167,144.729,145.877,146.826,164.617,156.237,137.538,129.427,158.984,150.161,69.556,67.186,89.308,92.035,128.777,161.388,133.766,164.617,156.237,179.864,128.777,171.697,96.437,98.526,156.167,144.729,164.617,156.237,179.82,168.878,174.645
tadasana,avg,1,20260218_153636.mp4,157.458,156.207,147.693,138.47,147.693,138.47,146.011,147.223,171.072,162.554,137.441,128.458,159.051,150.051,70.598,67.895,89.665,92.393,120.299,169.489,133.258,171.072,162.554,179.867,120.299,163.121,93.968,101.65,147.693,138.47,171.072,162.554,179.82,158.875,167.641
tadasana,avg,1,20260218_153636.mp4,157.003,155.449,148.742,140.046,148.742,140.046,145.598,146.022,170.158,160.799,137.03,128.633,158.561,152.3,71.206,68.763,89.946,92.587,120.458,167.743,133.129,170.158,160.799,179.869,120.458,164.892,93.431,102.159,148.742,140.046,170.158,160.799,179.82,160.414,169.64
tadasana,avg,1,20260218_153636.mp4,157.162,155.419,146.103,136.366,146.103,136.366,146.991,146.282,171.229,163.958,136.098,126.359,162.498,154.076,67.44,64.302,90.135,92.331,117.749,170.61,131.538,171.229,163.958,179.867,117.749,160.702,94.341,101.292,146.103,136.366,171.229,163.958,179.82,157.062,164.596
tadasana,avg,1,20260218_153636.mp4,157.127,155.156,148.626,137.829,148.626,137.829,146.947,146.066,170.189,161.828,135.053,124.521,163.242,154.885,66.151,61.98,90.48,92.052,119.399,168.278,130.111,170.189,161.828,179.869,119.399,162.08,95.056,100.697,148.626,137.829,170.189,161.828,179.822,159.048,165.285
tadasana,avg,1,20260218_153636.mp4,157.411,153.499,148.921,138.761,148.921,138.761,146.953,149.289,169.282,160.841,134.256,124.508,163.242,155.9,65.262,62.803,90.46,91.736,120.677,166.858,129.675,169.282,160.841,179.867,120.677,163.288,95.158,100.395,148.921,138.761,169.282,160.841,179.821,160.472,166.254
tadasana,avg,1,20260218_153636.mp4,158.061,154.547,157.965,147.197,157.965,147.197,149.213,150.178,160.204,148.093,134.214,125.948,162.808,155.183,64.981,65.858,90.343,91.844,133.597,154.909,130.35,160.204,148.093,179.869,133.597,175.638,91.92,103.225,157.965,147.197,160.204,148.093,179.821,171.256,179.734
tadasana,avg,1,20260218_153636.mp4,158.666,153.848,160.673,149.894,160.673,149.894,149.385,148.64,160.167,146.641,137.283,125.98,161.771,156.212,65.608,66.894,90.057,92.502,136.065,154.173,131.97,160.167,146.641,179.869,136.065,177.356,92.622,102.68,160.673,149.894,160.167,146.641,179.82,173.283,178.064
tadasana,avg,1,20260222_163900.mp4,105.564,133.376,14.385,72.749,14.385,72.749,142.262,113.452,160.464,151.244,171.74,160.276,130.146,125.079,40.031,36.635,68.462,137.453,116.451,172.367,170.686,160.464,151.244,179.944,116.451,171.358,133.069,112.159,14.385,72.749,160.464,151.244,179.914,158.732,161.46
tadasana,avg,1,20260222_163900.mp4,110.249,139.327,12.105,73.924,12.105,73.924,147.105,126.049,164.161,146.594,172.385,160.871,130.715,127.03,43.094,34.423,70.561,132.302,114.046,166.219,169.386,164.161,146.594,179.952,114.046,167.362,128.049,111.288,12.105,73.924,164.161,146.594,179.914,160.968,155.89
tadasana,avg,1,20260222_163900.mp4,120.499,138.376,8.397,69.937,8.397,69.937,145.225,121.49,159.653,158.023,171.094,175.05,133.334,139.109,45.43,29.83,60.316,137.588,115.341,172.275,172.824,159.653,158.023,179.948,115.341,168.78,124.818,109.0,8.397,69.937,159.653,158.023,179.914,158.941,157.113
tadasana,avg,1,3.mp4,73.107,96.25,135.232,152.744,135.232,152.744,97.904,136.329,165.229,157.062,140.821,119.387,152.878,155.063,41.31,37.876,79.692,88.044,128.662,171.04,130.629,165.229,157.062,179.944,128.662,149.476,91.536,125.56,135.232,152.744,165.229,157.062,179.909,140.166,157.518
tadasana,avg,1,3.mp4,88.677,85.382,148.868,158.559,148.868,158.559,143.593,109.836,171.861,161.619,145.16,128.878,155.152,156.28,38.441,35.75,77.1,91.473,136.731,170.647,137.54,171.861,161.619,179.948,136.731,155.779,97.417,120.96,148.868,158.559,171.861,161.619,179.912,151.04,159.761
tadasana,avg,1,3.mp4,103.484,109.005,156.6,160.171,156.6,160.171,157.393,147.801,173.049,163.681,149.127,136.917,156.268,155.814,36.78,34.996,76.268,92.793,145.451,169.189,143.459,173.049,163.681,179.948,145.451,162.644,101.008,115.046,156.6,160.171,173.049,163.681,179.912,160.636,164.125
tadasana,avg,1,3.mp4,103.567,115.811,156.934,159.195,156.934,159.195,147.612,149.818,172.824,169.598,153.495,141.019,155.026,153.981,38.818,37.105,75.83,93.021,141.649,173.524,147.794,172.824,169.598,179.941,141.649,159.38,108.435,118.199,156.934,159.195,172.824,169.598,179.912,157.463,160.929
tadasana,avg,1,3.mp4,124.135,125.953,162.026,162.87,162.026,162.87,146.701,151.527,171.669,162.171,149.31,137.329,152.642,151.178,42.378,40.482,76.026,91.739,145.527,167.158,143.773,171.669,162.171,179.931,145.527,165.492,106.628,112.22,162.026,162.87,171.669,162.171,179.912,164.486,166.307
tadasana,avg,1,3.mp4,152.665,143.944,164.132,160.342,164.132,160.342,154.519,156.812,171.19,163.179,146.355,136.932,153.32,149.101,42.358,41.462,76.039,91.153,142.687,167.227,142.011,171.19,163.179,179.944,142.687,164.238,99.246,103.869,164.132,160.342,171.19,163.179,179.912,163.426,165.028
tadasana,avg,1,3.mp4,168.594,158.394,169.453,161.697,169.453,161.697,157.023,160.924,170.321,165.107,145.958,138.787,160.288,154.215,32.837,34.811,76.138,91.081,146.21,167.807,142.713,170.321,165.107,179.934,146.21,163.542,100.393,91.026,169.453,161.697,170.321,165.107,179.914,164.227,162.799
tadasana,avg,1,3.mp4,163.578,154.591,146.558,131.959,146.558,131.959,141.52,157.602,173.952,168.317,138.207,126.081,155.807,158.658,35.098,26.046,75.9,90.224,121.04,171.244,132.464,173.952,168.317,179.934,121.04,139.707,102.42,86.778,146.558,131.959,173.952,168.317,179.914,144.293,134.778
tadasana,avg,1,3.mp4,167.531,156.238,153.139,143.979,153.139,143.979,143.517,155.207,172.058,165.583,135.04,125.251,142.309,144.005,54.368,47.125,75.638,89.269,126.345,168.954,130.367,172.058,165.583,179.934,126.345,153.123,98.421,91.578,153.139,143.979,172.058,165.583,179.914,155.397,150.789
tadasana,avg,1,3.mp4,166.892,155.078,148.514,136.789,148.514,136.789,141.724,153.975,177.977,167.419,133.772,124.668,143.061,140.709,53.508,51.579,75.479,88.649,117.255,172.729,129.526,177.977,167.419,179.929,117.255,146.813,93.441,96.424,148.514,136.789,177.977,167.419,179.916,146.856,146.972
tadasana,avg,1,3.mp4,165.566,155.21,149.159,138.135,149.159,138.135,145.274,154.663,175.801,162.022,132.836,119.942,140.721,137.871,56.696,53.968,76.466,88.167,118.544,168.91,126.636,175.801,162.022,179.929,118.544,151.608,93.881,95.966,149.159,138.135,175.801,162.022,179.916,150.624,152.915
tadasana,avg,1,3.mp4,164.774,154.698,151.568,137.477,151.568,137.477,147.184,155.613,171.389,163.674,128.799,119.982,143.85,140.33,51.665,49.608,76.411,87.694,119.93,167.846,124.59,171.389,163.674,179.926,119.93,150.848,97.985,91.921,151.568,137.477,171.389,163.674,179.916,151.601,150.248
tadasana,avg,1,3.mp4,165.578,157.457,149.896,137.77,149.896,137.77,149.829,158.641,171.526,168.7,130.68,129.607,138.353,130.031,58.573,61.645,76.078,87.869,122.083,170.99,130.396,171.526,168.7,179.926,122.083,152.257,97.438,92.263,149.896,137.77,171.526,168.7,179.916,152.923,151.715
tadasana,avg,1,3.mp4,162.924,157.041,150.059,133.962,150.059,133.962,147.371,158.041,174.501,170.488,129.328,128.975,143.038,136.827,54.073,54.241,76.49,87.239,117.257,174.121,129.411,174.501,170.488,179.926,117.257,146.682,100.749,90.414,150.059,133.962,174.501,170.488,179.916,148.736,144.665
tadasana,avg,1,3.mp4,163.682,156.504,151.812,133.813,151.812,133.813,147.65,157.393,172.948,171.12,129.035,128.498,147.078,141.405,48.906,48.303,76.623,87.151,118.98,173.955,129.041,172.948,171.12,179.926,118.98,147.289,99.744,90.985,151.812,133.813,172.948,171.12,179.912,149.824,144.747
tadasana,avg,1,3.mp4,163.48,157.417,159.999,146.388,159.999,146.388,149.597,158.909,173.097,172.354,134.869,137.998,151.147,146.094,43.101,42.519,76.775,88.1,129.352,174.662,136.843,173.097,172.354,179.929,129.352,152.488,95.315,96.243,159.999,146.388,173.097,172.354,179.916,153.549,151.477
tadasana,avg,1,3.mp4,162.993,156.04,162.43,151.342,162.43,151.342,148.216,159.053,179.722,172.451,143.82,139.408,151.328,147.391,42.722,41.158,77.033,89.535,132.707,176.271,141.932,179.722,172.451,179.931,132.707,154.241,93.184,99.076,162.43,151.342,179.722,172.451,179.916,154.091,154.496
tadasana,avg,1,3.mp4,162.354,154.578,162.29,151.859,162.29,151.859,148.38,159.507,179.236,172.53,142.558,138.993,152.886,146.898,41.08,41.958,77.416,89.286,132.677,176.158,141.05,179.236,172.53,179.929,132.677,154.066,93.325,99.423,162.29,151.859,179.236,172.53,179.916,153.527,154.762
tadasana,avg,1,3.mp4,154.331,152.983,158.174,148.296,158.174,148.296,148.082,161.012,177.646,172.617,143.064,138.079,151.518,144.078,43.129,45.191,77.004,89.77,130.151,176.359,140.842,177.646,172.617,179.929,130.151,152.356,95.401,103.009,158.174,148.296,177.646,172.617,179.916,151.089,153.82
tadasana,avg,1,3.mp4,127.571,133.635,145.452,137.266,145.452,137.266,158.333,163.317,172.95,170.454,146.17,142.858,150.021,142.809,44.483,47.336,78.195,88.776,127.434,171.846,144.751,172.95,170.454,179.931,127.434,148.245,113.124,102.032,145.452,137.266,172.95,170.454,179.916,148.841,147.747
tadasana,avg,1,3.mp4,84.249,81.436,124.295,117.785,124.295,117.785,163.678,159.883,159.038,161.054,147.341,140.111,155.873,144.911,38.299,44.012,81.075,85.33,115.631,159.879,143.999,159.038,161.054,179.941,115.631,134.85,141.499,123.842,124.295,117.785,159.038,161.054,179.912,135.711,134.242
tadasana,avg,1,3.mp4,144.009,123.553,101.692,98.404,101.692,98.404,170.571,169.755,158.235,171.421,143.772,135.156,163.581,158.233,27.169,27.128,80.736,85.699,120.278,164.839,139.822,158.235,171.421,179.941,120.278,134.285,114.865,142.964,101.692,98.404,158.235,171.421,179.914,130.289,138.298
tadasana,avg,1,3.mp4,154.765,149.578,89.233,84.633,89.233,84.633,175.32,175.621,159.655,157.835,141.13,99.522,165.85,154.959,24.98,29.853,77.705,86.609,120.621,171.686,122.641,159.655,157.835,179.948,120.621,132.602,102.276,111.125,89.233,84.633,159.655,157.835,179.914,130.804,134.792
tadasana,avg,1,avg.mp4,150.019,153.831,58.72,62.347,58.72,62.347,128.24,127.833,121.477,137.684,176.057,164.096,149.642,168.533,45.949,53.543,115.649,50.426,55.598,129.871,174.056,121.477,137.684,179.929,55.598,128.694,120.133,69.258,58.72,62.347,121.477,137.684,179.916,123.144,134.476
tadasana,avg,1,avg.mp4,146.381,165.306,97.897,105.236,97.897,105.236,126.088,139.755,169.176,162.479,175.547,173.583,146.22,61.596,19.682,106.526,120.667,61.617,80.516,171.515,176.98,169.176,162.479,179.883,80.516,171.849,118.713,34.58,97.897,105.236,169.176,162.479,179.832,167.75,162.04
tadasana,avg,1,avg.mp4,117.232,163.646,61.475,97.159,61.475,97.159,87.982,129.832,107.974,103.471,165.866,169.87,169.068,156.653,90.605,73.233,98.002,78.681,111.667,105.663,172.225,107.974,103.471,179.771,111.667,103.902,74.592,146.058,61.475,97.159,107.974,103.471,179.581,100.882,107.255
tadasana,avg,1,avg.mp4,132.854,122.607,52.674,59.7,52.674,59.7,85.297,118.989,82.021,91.934,164.216,161.592,166.29,146.217,113.761,98.171,83.407,98.419,54.777,85.986,170.395,82.021,91.934,179.815,54.777,87.508,84.745,111.762,52.674,59.7,82.021,91.934,179.236,74.958,102.854
tadasana,avg,1,avg.mp4,103.399,104.286,89.759,67.603,89.759,67.603,102.847,158.91,97.068,143.955,151.131,60.066,168.974,160.418,88.294,25.166,32.541,153.156,49.923,115.831,116.199,97.068,143.955,179.88,49.923,102.117,115.355,71.658,89.759,67.603,97.068,143.955,179.713,86.575,122.271
tadasana,avg,1,poor.mp4,111.537,114.063,81.041,71.067,81.041,71.067,171.79,168.438,159.049,166.301,109.834,109.972,140.17,155.514,52.873,48.466,91.67,82.112,114.227,166.026,109.964,159.049,166.301,179.918,114.227,146.794,125.778,119.286,81.041,71.067,159.049,166.301,179.864,148.808,140.458
tadasana,avg,1,poor.mp4,112.457,122.902,91.299,87.214,91.299,87.214,151.152,140.936,161.631,170.386,112.826,112.071,134.054,151.645,64.237,57.057,91.583,81.403,115.24,167.902,112.531,161.631,170.386,179.916,115.24,149.703,121.502,110.025,91.299,87.214,161.631,170.386,179.87,151.781,144.532
tadasana,avg,1,poor.mp4,111.459,111.354,88.282,80.796,88.282,80.796,150.35,152.86,159.923,160.41,115.254,109.375,142.146,156.129,57.692,47.126,92.422,79.731,84.425,160.783,112.407,159.923,160.41,179.918,84.425,117.935,117.122,114.667,88.282,80.796,159.923,160.41,179.869,119.054,116.584
tadasana,avg,1,poor.mp4,108.883,118.221,125.887,115.592,125.887,115.592,151.829,145.622,173.577,173.492,115.346,105.944,142.814,152.88,55.449,46.166,93.555,78.699,102.878,179.546,110.729,173.577,173.492,179.916,102.878,136.368,117.044,114.074,125.887,115.592,173.577,173.492,179.867,135.324,136.208
tadasana,avg,1,poor.mp4,118.928,145.312,139.936,130.884,139.936,130.884,149.143,140.189,170.821,167.307,113.427,105.175,149.025,154.766,47.045,43.317,94.325,77.262,113.474,169.807,109.466,170.821,167.307,179.909,113.474,144.71,116.622,95.868,139.936,130.884,170.821,167.307,179.867,145.027,142.899
tadasana,avg,1,poor.mp4,129.379,155.042,147.225,137.871,147.225,137.871,146.883,138.288,168.018,162.369,113.521,106.386,151.89,156.241,47.978,45.058,95.343,76.977,118.472,165.467,110.062,168.018,162.369,179.909,118.472,149.391,110.863,92.596,147.225,137.871,168.018,162.369,179.866,148.42,149.069
tadasana,avg,1,poor.mp4,130.013,147.882,147.279,138.978,147.279,138.978,141.683,134.715,178.893,162.248,131.469,116.461,139.292,144.488,74.443,72.491,94.357,77.61,125.462,170.481,124.227,178.893,162.248,179.907,125.462,157.762,110.746,93.549,147.279,138.978,178.893,162.248,179.869,153.52,160.816
tadasana,avg,1,poor.mp4,144.033,152.04,170.266,165.242,170.266,165.242,136.755,138.102,164.416,140.057,138.215,116.939,146.756,146.483,61.363,64.453,93.299,81.124,144.162,152.509,128.352,164.416,140.057,179.903,144.162,175.272,100.936,99.476,170.266,165.242,164.416,140.057,179.873,170.361,172.823
tadasana,avg,1,poor.mp4,158.172,157.802,167.518,168.559,167.518,168.559,144.139,145.437,154.963,131.846,146.501,122.829,148.757,152.647,52.48,50.168,90.443,85.801,159.978,144.373,136.155,154.963,131.846,179.899,159.978,172.564,97.821,98.596,167.518,168.559,154.963,131.846,179.875,175.689,168.549
tadasana,avg,1,poor.mp4,157.019,155.279,162.332,166.0,162.332,166.0,140.438,145.714,160.494,140.577,153.073,132.076,148.622,152.744,53.084,50.379,88.56,88.036,160.819,151.627,144.198,160.494,140.577,179.901,160.819,173.887,99.277,98.823,162.332,166.0,160.494,140.577,179.873,176.661,170.349
tadasana,avg,1,poor.mp4,157.521,157.34,169.443,171.958,169.443,171.958,141.248,145.676,162.754,148.416,149.122,133.631,149.532,154.012,51.055,49.154,88.018,87.775,155.087,156.161,142.451,162.754,148.416,179.901,155.087,177.538,98.508,98.178,169.443,171.958,162.754,148.416,179.876,178.043,174.446
tadasana,avg,1,poor.mp4,159.176,156.843,165.411,167.663,165.411,167.663,143.588,144.556,162.447,142.9,151.698,130.992,148.936,156.191,50.409,45.699,88.403,89.205,157.491,153.718,142.856,162.447,142.9,179.905,157.491,176.848,96.343,99.582,165.411,167.663,162.447,142.9,179.88,179.716,173.257
tadasana,avg,1,taad_avg_01.mp4,116.527,152.834,80.469,142.944,80.469,142.944,170.933,175.226,97.018,116.235,119.228,78.821,112.866,166.379,38.789,17.687,143.754,134.731,115.421,130.818,165.136,97.018,116.235,179.966,115.421,138.147,42.213,91.689,80.469,142.944,97.018,116.235,179.952,119.364,163.915
tadasana,avg,1,taad_avg_01.mp4,146.066,167.089,30.453,7.748,30.453,7.748,161.034,168.477,92.834,124.575,122.399,140.299,157.023,147.976,91.372,95.52,54.752,90.528,154.355,111.064,133.592,92.834,124.575,179.952,154.355,136.066,159.374,40.245,30.453,7.748,92.834,124.575,179.931,128.226,143.184
tadasana,poor,0,20260222_165429.mp4,154.515,153.753,87.016,81.364,87.016,81.364,157.372,167.841,147.27,144.211,149.664,141.815,144.225,137.279,101.477,78.388,89.509,89.281,145.389,146.743,146.086,147.27,144.211,179.916,145.389,164.316,159.724,145.536,87.016,81.364,147.27,144.211,179.867,162.35,164.452
tadasana,poor,0,20260222_165429.mp4,156.771,157.056,97.305,95.565,97.305,95.565,166.352,169.087,148.457,142.442,149.523,142.49,142.992,133.937,98.426,80.145,89.86,89.487,144.817,146.705,146.379,148.457,142.442,179.918,144.817,164.09,167.739,154.227,97.305,95.565,148.457,142.442,179.866,163.319,162.295
tadasana,poor,0,20260222_165429.mp4,153.235,152.398,109.446,105.407,109.446,105.407,174.256,175.133,146.194,143.871,147.658,146.24,142.495,132.116,102.909,77.58,89.724,89.483,147.811,146.555,147.336,146.194,143.871,179.921,147.811,163.135,163.146,157.469,109.446,105.407,146.194,143.871,179.867,161.267,161.73
tadasana,poor,0,20260222_165429.mp4,143.222,145.992,109.871,111.32,109.871,111.32,178.701,174.421,148.803,149.272,152.405,144.101,140.445,131.158,110.144,84.798,90.237,89.0,143.894,150.84,148.628,148.803,149.272,179.921,143.894,166.311,176.418,143.182,109.871,111.32,148.803,149.272,179.867,161.287,167.876
tadasana,poor,0,20260222_165429.mp4,144.243,137.548,122.304,118.672,122.304,118.672,175.874,152.027,149.546,143.602,146.649,140.827,145.679,136.856,103.986,77.635,90.657,88.078,141.961,148.304,144.057,149.546,143.602,179.921,141.961,166.214,155.691,148.857,122.304,118.672,149.546,143.602,179.867,164.26,163.788
tadasana,poor,0,20260222_165429.mp4,145.844,125.512,123.418,116.143,123.418,116.143,152.609,144.436,162.873,156.882,147.106,140.812,149.997,141.379,100.831,76.778,90.532,88.445,123.514,164.414,144.336,162.873,156.882,179.916,123.514,176.496,149.538,142.07,123.418,116.143,162.873,156.882,179.866,167.246,173.16
tadasana,poor,0,VID-20260222-WA0035.mp4,134.87,151.096,94.211,106.854,94.211,106.854,172.702,169.154,126.182,104.537,121.26,98.939,139.246,153.228,69.163,50.059,96.101,86.036,159.408,114.926,109.649,126.182,104.537,179.921,159.408,163.157,147.36,138.653,94.211,106.854,126.182,104.537,179.87,166.321,159.03
tadasana,poor,0,VID-20260222-WA0035.mp4,134.275,153.818,103.103,117.594,103.103,117.594,172.293,170.752,130.108,120.286,125.712,114.213,150.628,157.128,53.625,43.031,90.179,87.547,162.033,125.158,119.911,130.108,120.286,179.923,162.033,167.871,159.641,148.889,103.103,117.594,130.108,120.286,179.875,168.261,166.647
tadasana,poor,0,VID-20260222-WA0035.mp4,152.026,158.121,112.858,109.178,112.858,109.178,170.476,173.861,157.01,150.55,121.445,116.081,136.958,144.348,75.731,63.124,93.158,83.083,121.443,155.551,118.421,157.01,150.55,179.923,121.443,166.226,129.212,137.417,112.858,109.178,157.01,150.55,179.88,163.136,164.797
