asana,label,label_int,filename,left_elbow,right_elbow,left_shoulder,right_shoulder,left_arm_raise,right_arm_raise,left_wrist_bend,right_wrist_bend,left_hip,right_hip,left_knee,right_knee,left_ankle,right_ankle,left_foot,right_foot,left_hip_abduction,right_hip_abduction,neck_tilt,spine_upper,spine_lower,left_trunk,right_trunk,left_lateral_bend,forward_bend,pelvic_tilt,left_arm_torso,right_arm_torso,left_shoulder_plane,right_shoulder_plane,left_hip_flexion,right_hip_flexion,hip_alignment,left_full_chain,right_full_chain
trikonasana,good,2,1.mp4,62.241,140.219,16.005,102.281,16.005,102.281,162.439,167.211,167.518,137.318,162.327,130.824,133.897,169.679,50.116,33.32,69.949,133.68,160.432,157.06,150.342,167.518,137.318,179.941,160.432,178.287,126.893,127.904,16.005,102.281,167.518,137.318,179.921,175.718,174.286
trikonasana,good,2,1.mp4,97.217,136.288,20.415,91.045,20.415,91.045,137.568,168.189,163.531,77.814,153.511,78.813,137.739,160.311,46.977,33.727,132.623,127.27,155.369,123.756,115.838,163.531,77.814,179.941,155.369,169.539,125.152,122.522,20.415,91.045,163.531,77.814,179.918,171.996,144.885
trikonasana,good,2,1.mp4,70.225,133.822,10.871,87.913,10.871,87.913,154.139,164.715,163.966,75.764,155.049,73.103,151.27,163.089,34.347,27.727,137.203,135.254,152.249,131.288,117.476,163.966,75.764,179.941,152.249,171.987,126.612,123.885,10.871,87.913,163.966,75.764,179.914,164.827,149.113
trikonasana,good,2,1.mp4,91.481,157.823,26.783,63.189,26.783,63.189,151.492,154.333,116.675,103.418,69.793,76.018,159.005,158.102,30.622,31.533,135.819,86.091,114.526,118.856,68.966,116.675,103.418,179.931,114.526,147.859,112.92,121.26,26.783,63.189,116.675,103.418,179.907,144.284,133.055
trikonasana,good,2,1.mp4,66.768,140.898,19.497,75.652,19.497,75.652,174.452,162.468,141.714,120.344,121.54,108.444,148.559,160.538,26.232,26.219,111.964,130.099,124.767,160.383,115.175,141.714,120.344,179.944,124.767,145.225,118.024,124.326,19.497,75.652,141.714,120.344,179.903,131.525,140.502
trikonasana,good,2,1.mp4,85.286,120.477,14.515,75.127,14.515,75.127,170.384,166.667,150.228,90.709,152.799,83.462,157.893,162.845,29.519,31.436,135.49,141.15,130.221,160.987,127.135,150.228,90.709,179.937,130.221,149.042,120.404,124.313,14.515,75.127,150.228,90.709,179.901,139.566,135.347
trikonasana,good,2,1.mp4,77.287,118.896,23.696,70.161,23.696,70.161,163.521,167.022,156.855,69.416,162.194,69.161,150.56,167.754,25.699,31.549,144.925,143.475,148.899,146.837,127.067,156.855,69.416,179.934,148.899,166.918,131.578,112.203,23.696,70.161,156.855,69.416,179.899,155.673,136.525
trikonasana,good,2,1.mp4,86.072,140.814,24.525,75.522,24.525,75.522,167.382,165.954,143.372,83.98,168.967,74.763,145.477,175.672,28.229,37.154,145.527,145.741,137.546,168.082,137.222,143.372,83.98,179.929,137.546,156.07,120.338,122.81,24.525,75.522,143.372,83.98,179.907,140.482,135.343
trikonasana,good,2,1.mp4,99.5,148.587,38.79,88.026,38.79,88.026,173.882,166.899,145.158,77.616,175.478,74.561,139.792,168.951,30.779,47.415,147.128,149.303,144.54,171.476,145.7,145.158,77.616,179.944,144.54,162.184,104.274,128.797,38.79,88.026,145.158,77.616,179.909,143.702,128.022
trikonasana,good,2,1.mp4,94.542,142.016,34.68,88.493,34.68,88.493,173.323,166.193,147.987,64.335,173.753,65.608,144.624,168.61,26.707,48.143,151.611,151.722,148.194,157.985,134.32,147.987,64.335,179.944,148.194,166.569,109.541,126.926,34.68,88.493,147.987,64.335,179.923,145.556,116.157
trikonasana,good,2,1.mp4,95.589,146.535,38.499,88.892,38.499,88.892,170.836,164.125,153.385,66.958,169.869,65.649,141.421,170.407,27.314,45.197,150.591,151.064,151.102,143.553,121.712,153.385,66.958,179.931,151.102,170.063,108.451,124.658,38.499,88.892,153.385,66.958,179.921,151.011,121.113
trikonasana,good,2,1.mp4,95.915,139.668,32.998,89.675,32.998,89.675,159.266,166.893,156.046,84.396,165.708,93.643,146.821,144.195,27.5,48.261,133.366,112.56,155.154,155.721,138.715,156.046,84.396,179.916,155.154,171.786,100.299,109.479,32.998,89.675,156.046,84.396,179.863,154.344,132.075
trikonasana,good,2,1.mp4,109.863,137.639,30.824,73.472,30.824,73.472,155.164,168.985,149.763,83.223,161.504,91.354,136.248,125.88,37.191,62.504,114.749,98.438,144.937,142.134,120.348,149.763,83.223,179.921,144.937,172.071,92.372,100.758,30.824,73.472,149.763,83.223,179.87,147.768,123.145
trikonasana,good,2,1.mp4,126.022,126.312,55.202,65.322,55.202,65.322,156.666,167.788,148.66,93.031,157.606,106.771,138.402,120.211,35.669,60.287,112.584,89.438,148.03,147.12,129.217,148.66,93.031,179.926,148.03,174.848,99.392,102.337,55.202,65.322,148.66,93.031,179.886,149.863,129.47
trikonasana,good,2,1.mp4,120.057,115.185,70.384,61.475,70.384,61.475,165.744,173.496,154.197,116.877,161.972,126.606,158.048,127.87,26.831,44.458,129.9,80.168,152.131,168.315,150.26,154.197,116.877,179.934,152.131,168.901,108.128,99.195,70.384,61.475,154.197,116.877,179.89,155.117,143.347
trikonasana,good,2,1.mp4,116.434,131.379,66.911,74.933,66.911,74.933,166.334,169.635,154.149,119.693,160.227,130.057,154.237,128.184,24.082,46.117,132.531,87.378,151.854,169.185,150.332,154.149,119.693,179.934,151.854,167.51,107.986,84.374,66.911,74.933,154.149,119.693,179.885,155.788,142.055
trikonasana,good,2,1.mp4,106.568,138.809,53.877,88.258,53.877,88.258,165.91,172.476,155.641,109.772,167.021,121.77,152.715,127.391,25.686,51.31,129.73,92.541,152.897,172.064,154.099,155.641,109.772,179.918,152.897,167.441,106.119,88.999,53.877,88.258,155.641,109.772,179.869,153.852,139.347
trikonasana,good,2,1.mp4,97.916,151.008,39.322,100.887,39.322,100.887,161.477,171.554,155.545,98.709,169.574,110.354,152.883,110.497,28.515,70.493,126.477,95.262,155.524,170.222,153.074,155.545,98.709,179.912,155.524,168.59,107.475,94.262,39.322,100.887,155.545,98.709,179.87,153.049,136.795
trikonasana,good,2,1.mp4,90.648,155.192,23.018,100.194,23.018,100.194,159.562,170.227,147.847,88.122,169.128,102.453,148.511,120.156,28.952,62.413,126.223,103.336,149.441,168.875,147.49,147.847,88.122,179.916,149.441,163.855,115.917,108.239,23.018,100.194,147.847,88.122,179.863,143.654,126.53
trikonasana,good,2,1.mp4,91.018,155.478,26.597,105.255,26.597,105.255,162.688,172.302,151.303,88.452,170.557,101.748,150.839,124.744,28.556,57.07,131.927,113.6,152.208,170.139,151.106,151.303,88.452,179.921,152.208,164.608,116.587,112.264,26.597,105.255,151.303,88.452,179.863,147.483,129.02
trikonasana,good,2,1.mp4,92.983,157.821,30.274,109.378,30.274,109.378,163.735,171.026,153.622,93.199,170.931,105.91,148.446,129.895,27.352,52.538,133.694,120.881,154.724,170.154,153.375,153.622,93.199,179.923,154.724,165.679,116.127,116.301,30.274,109.378,153.622,93.199,179.864,149.943,133.487
trikonasana,good,2,1.mp4,81.241,152.302,16.195,104.05,16.195,104.05,156.835,169.537,154.074,86.314,170.95,99.716,145.344,128.514,28.125,54.91,135.541,125.098,154.988,168.475,151.294,154.074,86.314,179.926,154.988,166.698,123.443,120.652,16.195,104.05,154.074,86.314,179.873,150.338,129.639
trikonasana,good,2,1.mp4,146.644,152.011,34.53,114.464,34.53,114.464,82.441,170.102,150.785,105.477,168.915,115.416,144.496,136.958,30.336,47.577,127.242,127.996,151.059,171.592,153.889,150.785,105.477,179.926,151.059,161.981,142.54,150.509,34.53,114.464,150.785,105.477,179.875,145.918,138.765
trikonasana,good,2,1.mp4,92.826,157.187,45.826,121.755,45.826,121.755,141.438,173.902,154.573,141.978,166.3,157.696,148.41,143.287,35.515,43.667,91.248,134.819,151.408,169.7,163.0,154.573,141.978,179.931,151.408,160.947,159.362,169.42,45.826,121.755,154.573,141.978,179.885,149.702,146.554
trikonasana,good,2,1.mp4,114.349,172.184,97.462,125.322,97.462,125.322,178.123,165.525,146.495,134.677,159.641,169.773,147.736,136.914,38.764,49.131,85.608,135.167,132.254,153.144,164.376,146.495,134.677,179.923,132.254,144.551,148.244,171.013,97.462,125.322,146.495,134.677,179.881,137.931,132.058
trikonasana,good,2,1.mp4,177.943,177.648,54.852,136.535,54.852,136.535,63.092,172.966,148.545,145.06,169.157,174.112,153.806,143.217,33.097,42.725,78.387,132.763,144.002,156.227,171.1,148.545,145.06,179.934,144.002,151.682,151.031,166.967,54.852,136.535,148.545,145.06,179.881,143.282,143.296
trikonasana,good,2,1.mp4,178.244,176.275,54.9,134.745,54.9,134.745,65.44,165.925,151.121,144.514,170.119,174.436,152.573,139.508,37.079,43.19,80.254,132.983,143.327,158.282,171.696,151.121,144.514,179.929,143.327,154.377,152.72,166.758,54.9,134.745,151.121,144.514,179.88,146.563,142.919
trikonasana,good,2,1.mp4,166.253,173.531,57.582,135.933,57.582,135.933,77.83,170.959,151.104,143.473,169.849,173.292,154.621,139.797,37.941,41.673,81.471,133.032,142.97,158.421,170.953,151.104,143.473,179.929,142.97,154.26,157.283,166.699,57.582,135.933,151.104,143.473,179.873,146.311,142.375
trikonasana,good,2,1.mp4,176.532,167.539,56.338,133.794,56.338,133.794,67.454,172.474,152.277,141.772,170.32,176.377,161.066,142.771,40.984,39.934,78.649,131.851,143.613,155.557,172.742,152.277,141.772,179.931,143.613,152.981,156.712,174.748,56.338,133.794,152.277,141.772,179.875,147.095,140.879
trikonasana,good,2,1.mp4,120.56,148.273,73.907,122.964,73.907,122.964,152.511,160.511,166.835,138.738,164.297,175.52,161.578,140.404,42.233,43.325,114.77,103.414,149.267,158.93,170.134,166.835,138.738,179.914,149.267,157.05,162.921,163.833,73.907,122.964,166.835,138.738,179.857,160.624,138.788
trikonasana,good,2,1.mp4,169.124,151.86,127.942,117.123,127.942,117.123,175.866,175.695,165.742,120.863,142.447,173.971,158.001,132.783,34.457,48.132,150.9,86.811,141.305,150.268,160.743,165.742,120.863,179.929,141.305,147.793,161.968,73.837,127.942,117.123,165.742,120.863,179.899,162.488,121.333
trikonasana,good,2,1.mp4,170.787,63.192,138.649,55.658,138.649,55.658,178.557,167.607,157.304,126.142,145.096,166.059,154.521,123.144,32.593,46.785,152.774,84.909,160.375,152.561,158.453,157.304,126.142,179.929,160.375,157.328,164.848,163.204,138.649,55.658,157.304,126.142,179.895,177.105,132.203
trikonasana,good,2,1.mp4,161.392,74.854,126.66,66.185,126.66,66.185,176.809,168.516,118.132,122.978,100.328,172.86,154.843,119.547,29.686,50.314,154.027,120.213,159.042,137.445,140.215,118.132,122.978,179.909,159.042,151.486,172.35,165.102,126.66,66.185,118.132,122.978,179.899,176.681,124.833
trikonasana,good,2,1.mp4,156.349,74.71,119.443,68.115,119.443,68.115,175.246,169.745,148.12,96.15,122.858,173.123,155.706,101.304,26.493,73.694,143.481,99.602,149.218,136.889,138.615,148.12,96.15,179.929,149.218,143.14,164.334,154.121,119.443,68.115,148.12,96.15,179.903,167.633,95.429
trikonasana,good,2,1.mp4,154.254,108.123,124.272,86.311,124.272,86.311,174.034,170.992,158.796,76.39,135.221,149.224,161.578,121.56,31.71,68.975,129.337,91.998,152.382,134.39,136.373,158.796,76.39,179.923,152.382,141.886,164.255,123.952,124.272,86.311,158.796,76.39,179.892,166.791,90.576
trikonasana,good,2,1.mp4,157.263,82.11,129.088,61.541,129.088,61.541,170.521,167.202,160.536,85.608,136.24,161.256,161.516,116.727,31.177,67.867,141.576,87.001,155.983,137.599,142.323,160.536,85.608,179.912,155.983,144.273,168.595,160.04,129.088,61.541,160.536,85.608,179.89,162.262,95.136
trikonasana,good,2,1.mp4,150.217,98.895,121.62,81.993,121.62,81.993,171.263,173.727,165.981,24.403,146.917,108.636,159.248,112.621,25.57,83.056,71.989,75.287,152.159,89.498,92.641,165.981,24.403,179.944,152.159,130.97,151.717,125.383,121.62,81.993,165.981,24.403,179.885,158.968,36.02
trikonasana,good,2,1.mp4,164.064,99.152,129.962,80.173,129.962,80.173,169.284,172.486,161.509,27.03,141.843,100.897,154.078,117.331,23.786,58.936,90.006,74.836,150.464,109.164,120.7,161.509,27.03,179.926,150.464,131.877,173.684,129.217,129.962,80.173,161.509,27.03,179.893,157.695,71.551
trikonasana,good,2,1.mp4,160.977,111.149,125.902,88.169,125.902,88.169,167.537,169.192,133.437,44.761,113.216,126.118,149.238,123.647,23.921,55.672,112.038,99.384,149.427,91.488,108.159,133.437,44.761,179.921,149.427,125.692,169.327,121.278,125.902,88.169,133.437,44.761,179.897,159.121,77.357
trikonasana,good,2,1.mp4,156.138,142.916,121.175,115.432,121.175,115.432,166.71,171.527,127.565,54.873,111.929,136.892,155.386,124.734,26.637,60.308,122.181,101.606,150.311,91.931,114.353,127.565,54.873,179.912,150.311,124.0,172.142,89.932,121.175,115.432,127.565,54.873,179.892,157.478,81.525
trikonasana,good,2,1.mp4,148.876,146.036,112.242,118.591,112.242,118.591,165.973,169.772,142.862,33.769,125.184,121.092,158.732,123.329,24.924,64.362,100.187,88.023,147.587,85.101,108.656,142.862,33.769,179.883,147.587,120.776,174.292,99.017,112.242,118.591,142.862,33.769,179.892,152.861,66.483
trikonasana,good,2,1.mp4,145.823,145.765,110.459,121.113,110.459,121.113,163.84,168.328,156.835,46.258,158.344,117.637,158.086,136.66,25.139,65.803,119.981,68.654,153.518,107.143,146.568,156.835,46.258,179.848,153.518,128.469,149.255,134.422,110.459,121.113,156.835,46.258,179.863,153.723,74.64
trikonasana,good,2,1.mp4,144.813,132.819,112.376,107.082,112.376,107.082,164.173,163.22,153.728,105.978,151.571,156.982,162.0,140.024,26.027,58.268,171.118,69.619,162.172,130.242,165.332,153.728,105.978,179.866,162.172,138.706,166.583,133.693,112.376,107.082,153.728,105.978,179.88,159.456,111.782
trikonasana,good,2,1.mp4,146.374,126.314,111.62,105.952,111.62,105.952,165.795,167.772,156.777,111.955,159.227,162.049,173.699,136.472,33.839,53.827,174.932,60.851,160.226,132.823,169.178,156.777,111.955,179.873,160.226,138.725,164.903,130.878,111.62,105.952,156.777,111.955,179.881,157.226,115.554
trikonasana,good,2,1.mp4,143.883,129.442,109.506,105.564,109.506,105.564,166.449,164.544,157.512,113.895,157.485,166.682,171.742,135.768,31.655,52.031,172.303,60.997,161.088,134.088,170.392,157.512,113.895,179.878,161.088,138.935,159.286,129.824,109.506,105.564,157.512,113.895,179.881,157.612,116.637
trikonasana,good,2,1.mp4,147.735,133.361,115.947,110.78,115.947,110.78,162.461,166.479,156.601,110.024,160.716,167.128,164.844,137.46,26.951,52.882,169.94,56.274,160.246,133.015,169.903,156.601,110.024,179.878,160.246,137.683,162.623,120.988,115.947,110.78,156.601,110.024,179.883,154.326,114.054
trikonasana,good,2,1.mp4,146.745,130.439,114.474,107.23,114.474,107.23,163.711,166.288,157.047,110.469,157.958,167.819,164.457,138.498,26.345,54.403,168.629,60.196,159.861,132.9,168.728,157.047,110.469,179.873,159.861,137.986,159.425,127.434,114.474,107.23,157.047,110.469,179.886,155.565,114.506
trikonasana,good,2,1.mp4,149.895,120.696,118.709,92.316,118.709,92.316,162.568,160.381,156.202,115.008,156.858,169.064,165.657,145.232,26.476,54.499,171.509,58.221,159.147,134.068,168.989,156.202,115.008,179.876,159.147,138.677,164.042,138.511,118.709,92.316,156.202,115.008,179.89,154.083,118.833
trikonasana,good,2,1.mp4,148.529,128.051,115.966,99.107,115.966,99.107,163.113,161.012,157.227,113.117,156.641,168.998,161.469,146.072,24.402,59.517,169.424,58.576,158.995,133.814,169.121,157.227,113.117,179.888,158.995,138.531,160.602,128.823,115.966,99.107,157.227,113.117,179.89,155.538,116.557
trikonasana,good,2,1.mp4,146.56,127.662,114.84,98.489,114.84,98.489,162.88,159.587,158.454,112.84,157.835,169.124,162.004,146.029,24.878,61.293,167.899,57.091,158.993,134.768,169.607,158.454,112.84,179.888,158.993,139.181,160.462,130.683,114.84,98.489,158.454,112.84,179.888,155.781,116.141
trikonasana,good,2,1.mp4,149.24,131.259,116.336,109.905,116.336,109.905,164.604,168.802,156.355,117.014,149.925,170.686,162.065,148.349,22.929,61.527,170.261,62.43,159.715,133.964,168.94,156.355,117.014,179.892,159.715,138.648,163.137,115.593,116.336,109.905,156.355,117.014,179.899,156.454,118.976
trikonasana,good,2,1.mp4,149.327,138.182,116.379,116.173,116.379,116.173,165.959,169.326,157.96,106.626,154.346,167.111,162.821,146.36,25.365,66.186,161.472,57.609,158.875,131.938,166.608,157.96,106.626,179.888,158.875,137.856,162.628,109.76,116.379,116.173,157.96,106.626,179.893,155.497,110.722
trikonasana,good,2,1.mp4,148.748,140.49,116.007,117.429,116.007,117.429,166.459,168.272,158.405,107.103,157.866,167.079,161.838,146.81,24.955,66.636,162.255,54.998,158.841,132.954,168.542,158.405,107.103,179.885,158.841,137.995,162.386,109.812,116.007,117.429,158.405,107.103,179.892,155.313,111.141
trikonasana,good,2,1.mp4,147.087,145.452,115.226,123.403,115.226,123.403,168.774,169.986,158.69,105.309,158.362,166.593,163.352,146.234,27.118,67.697,161.248,54.444,159.662,133.263,167.981,158.69,105.309,179.88,159.662,138.431,162.657,103.244,115.226,123.403,158.69,105.309,179.893,155.126,109.779
trikonasana,good,2,1.mp4,146.802,142.22,115.706,120.466,115.706,120.466,166.981,169.255,159.459,109.82,156.291,168.278,162.261,147.419,26.851,67.803,164.334,57.465,160.39,134.812,168.401,159.459,109.82,179.886,160.39,139.903,163.573,105.189,115.706,120.466,159.459,109.82,179.89,157.563,113.386
trikonasana,good,2,1.mp4,151.16,121.388,118.356,92.283,118.356,92.283,166.035,158.852,159.09,111.524,160.487,168.72,161.717,149.779,25.972,65.319,167.284,54.829,158.957,135.429,170.862,159.09,111.524,179.872,158.957,139.248,167.97,143.985,118.356,92.283,159.09,111.524,179.888,155.524,115.228
trikonasana,good,2,1.mp4,152.131,130.31,119.201,109.113,119.201,109.113,166.908,167.921,156.18,110.74,149.272,168.59,159.432,150.096,22.878,64.543,166.654,66.011,158.924,131.936,166.882,156.18,110.74,179.878,158.924,137.768,169.339,123.958,119.201,109.113,156.18,110.74,179.89,157.742,114.475
trikonasana,good,2,1.mp4,154.349,129.997,122.449,107.863,122.449,107.863,167.036,166.704,154.77,118.82,146.891,171.271,165.164,150.348,25.151,63.205,171.047,67.119,161.041,135.509,169.026,154.77,118.82,179.893,161.041,140.261,170.029,119.348,122.449,107.863,154.77,118.82,179.892,159.493,120.567
trikonasana,good,2,1.mp4,154.959,136.855,123.28,115.319,123.28,115.319,167.577,167.878,147.93,121.707,137.762,171.998,165.927,149.636,24.254,62.225,170.856,74.104,161.02,135.933,167.937,147.93,121.707,179.903,161.02,141.053,166.904,104.432,123.28,115.319,147.93,121.707,179.901,160.55,122.921
trikonasana,good,2,1.mp4,151.586,144.179,119.799,122.906,119.799,122.906,167.23,169.137,144.647,119.981,133.002,171.729,166.989,148.481,26.155,61.488,169.368,79.351,161.152,134.147,167.214,144.647,119.981,179.903,161.152,139.592,163.465,93.696,119.799,122.906,144.647,119.981,179.903,160.468,120.946
trikonasana,good,2,1.mp4,150.87,146.317,121.722,124.85,121.722,124.85,165.764,169.33,152.198,119.464,142.524,171.216,166.011,146.239,25.746,60.328,169.404,69.882,160.768,135.566,168.935,152.198,119.464,179.901,160.768,140.371,166.03,92.717,121.722,124.85,152.198,119.464,179.901,160.334,120.687
trikonasana,good,2,1.mp4,147.93,110.362,117.521,91.073,117.521,91.073,165.613,163.309,160.508,102.057,156.79,168.5,168.598,138.204,32.616,59.817,152.042,59.505,160.928,136.758,163.683,160.508,102.057,179.899,160.928,142.071,167.5,141.496,117.521,91.073,160.508,102.057,179.903,162.872,108.124
trikonasana,good,2,1.mp4,152.844,128.58,114.361,49.685,114.361,49.685,165.663,103.751,149.843,97.036,143.278,162.091,163.906,131.328,28.472,59.872,139.525,68.534,162.33,130.883,149.612,149.843,97.036,179.921,162.33,144.085,161.324,176.674,114.361,49.685,149.843,97.036,179.916,167.963,106.539
trikonasana,good,2,1.mp4,136.221,122.714,92.413,65.009,92.413,65.009,161.039,135.127,146.18,85.975,143.726,139.61,155.027,130.968,20.474,53.775,122.017,70.637,166.093,124.041,138.142,146.18,85.975,179.905,166.093,147.738,158.756,172.325,92.413,65.009,146.18,85.975,179.909,169.543,108.465
trikonasana,good,2,1.mp4,125.034,163.228,78.066,139.643,78.066,139.643,156.031,160.807,144.781,73.493,141.941,125.653,157.878,134.541,22.98,56.823,122.322,87.29,162.45,116.634,128.391,144.781,73.493,179.905,162.45,147.406,171.73,144.483,78.066,139.643,144.781,73.493,179.859,170.532,102.698
trikonasana,good,2,1.mp4,111.516,156.165,55.546,136.786,55.546,136.786,151.468,152.785,115.748,59.929,115.545,111.29,146.601,128.346,20.966,57.135,119.72,112.947,156.215,89.427,99.142,115.748,59.929,179.929,156.215,141.559,163.267,154.871,55.546,136.786,115.748,59.929,179.849,160.495,97.122
trikonasana,good,2,1.mp4,120.371,158.474,56.824,130.826,56.824,130.826,142.375,170.452,126.508,69.669,123.487,117.911,141.738,123.873,19.469,59.359,134.149,112.671,151.508,101.937,108.354,126.508,69.669,179.923,151.508,148.749,168.476,156.91,56.824,130.826,126.508,69.669,179.844,165.735,102.581
trikonasana,good,2,1.mp4,125.875,175.315,56.74,146.531,56.74,146.531,129.186,171.635,161.944,97.445,156.184,119.832,148.466,153.831,25.21,41.975,137.909,114.27,136.918,151.634,141.182,161.944,97.445,179.941,136.918,154.837,169.997,175.851,56.74,146.531,161.944,97.445,179.855,147.894,126.314
trikonasana,good,2,1.mp4,109.284,169.319,76.951,139.416,76.951,139.416,162.426,174.362,144.559,112.444,152.17,129.798,152.742,151.398,25.836,41.056,126.041,121.956,129.284,158.317,144.604,144.559,112.444,179.944,129.284,143.605,162.048,173.738,76.951,139.416,144.559,112.444,179.859,129.59,129.21
trikonasana,good,2,1.mp4,135.271,166.725,92.517,131.562,92.517,131.562,167.822,178.529,140.913,119.966,160.311,135.752,152.549,147.155,28.68,40.655,124.961,115.071,127.95,155.767,153.208,140.913,119.966,179.926,127.95,140.692,143.307,156.5,92.517,131.562,140.913,119.966,179.859,131.279,128.141
trikonasana,good,2,1.mp4,155.16,174.672,108.133,127.312,108.133,127.312,176.7,174.632,143.839,127.955,158.99,152.116,150.318,153.982,28.919,38.946,90.478,138.877,126.306,153.683,156.788,143.839,127.955,179.931,126.306,139.66,104.742,160.937,108.133,127.312,143.839,127.955,179.893,134.903,125.993
trikonasana,good,2,1.mp4,119.942,174.407,69.919,125.554,69.919,125.554,130.29,169.519,137.055,134.033,164.861,157.153,147.804,168.666,30.485,33.931,68.861,151.243,125.478,148.817,161.995,137.055,134.033,179.944,125.478,137.848,175.681,175.509,69.919,125.554,137.055,134.033,179.923,130.313,130.016
trikonasana,good,2,1.mp4,137.684,175.657,57.72,129.492,57.72,129.492,103.943,168.32,143.218,134.857,171.689,161.279,150.121,170.224,28.875,33.581,62.701,153.681,131.564,148.9,167.675,143.218,134.857,179.934,131.564,141.782,159.898,170.48,57.72,129.492,143.218,134.857,179.929,139.538,130.838
trikonasana,good,2,1.mp4,147.814,176.614,49.36,134.363,49.36,134.363,93.084,165.505,147.098,149.79,172.743,163.521,154.795,172.987,22.646,25.976,57.866,153.239,145.696,158.362,169.884,147.098,149.79,179.956,145.696,152.25,168.357,174.0,49.36,134.363,147.098,149.79,179.926,144.97,147.783
trikonasana,good,2,1.mp4,132.667,168.258,53.268,127.509,53.268,127.509,100.337,165.559,138.943,150.223,169.553,163.978,155.34,172.495,22.444,24.858,56.854,155.061,142.468,154.655,168.665,138.943,150.223,179.956,142.468,147.642,168.221,162.64,53.268,127.509,138.943,150.223,179.929,136.067,147.226
trikonasana,good,2,1.mp4,93.061,156.329,42.283,99.395,42.283,99.395,157.44,159.472,144.628,133.48,167.246,118.511,127.254,173.131,38.693,32.506,93.31,145.575,138.976,170.766,155.142,144.628,133.48,179.952,138.976,154.736,152.565,146.608,42.283,99.395,144.628,133.48,179.926,142.069,154.438
trikonasana,good,2,1.mp4,71.343,154.002,19.221,96.276,19.221,96.276,164.379,166.194,159.415,130.14,151.983,102.559,159.218,172.188,22.204,28.337,91.977,128.783,140.513,170.294,135.356,159.415,130.14,179.96,140.513,152.288,131.151,135.254,19.221,96.276,159.415,130.14,179.931,140.047,162.309
trikonasana,good,2,2.mp4,66.896,82.642,82.627,70.601,82.627,70.601,150.5,140.865,167.529,148.92,155.0,148.874,126.652,123.257,98.021,90.023,96.408,81.243,97.237,167.343,149.932,167.529,148.92,179.941,97.237,175.159,139.204,153.062,82.627,70.601,167.529,148.92,179.901,160.946,156.688
trikonasana,good,2,2.mp4,68.583,84.427,78.725,68.285,78.725,68.285,148.825,142.504,169.643,152.896,156.561,156.09,123.787,123.191,101.363,90.321,96.348,80.188,99.971,168.169,155.196,169.643,152.896,179.941,99.971,176.011,138.094,151.561,78.725,68.285,169.643,152.896,179.903,164.066,157.976
trikonasana,good,2,2.mp4,65.669,83.44,76.529,67.988,76.529,67.988,148.07,140.208,168.576,157.559,162.323,163.073,123.097,124.488,106.518,90.458,94.242,80.364,100.098,170.002,162.927,168.576,157.559,179.944,100.098,177.478,133.819,150.872,76.529,67.988,168.576,157.559,179.903,164.826,159.509
trikonasana,good,2,2.mp4,67.404,82.036,76.966,67.555,76.966,67.555,142.177,140.432,167.342,155.915,161.858,161.433,123.907,124.651,104.474,88.968,95.518,80.947,99.485,169.216,161.225,167.342,155.915,179.941,99.485,178.158,127.514,150.973,76.966,67.555,167.342,155.915,179.905,163.518,160.27
trikonasana,good,2,2.mp4,65.898,84.112,76.363,66.889,76.363,66.889,145.098,136.208,165.465,152.211,163.521,160.81,124.161,120.717,103.464,84.389,98.788,82.884,99.906,168.686,161.573,165.465,152.211,179.948,99.906,177.294,128.16,150.832,76.363,66.889,165.465,152.211,179.905,161.672,156.64
trikonasana,good,2,2.mp4,69.732,79.803,73.571,71.07,73.571,71.07,141.527,135.843,160.42,154.109,165.735,157.251,120.981,114.687,104.562,76.49,92.388,89.418,99.032,169.825,161.608,160.42,154.109,179.934,99.032,178.728,125.004,151.466,73.571,71.07,160.42,154.109,179.899,157.533,156.329
trikonasana,good,2,2.mp4,68.825,77.493,71.022,74.92,71.022,74.92,142.876,126.85,156.641,155.665,166.336,144.734,117.315,116.419,107.138,67.578,86.533,96.101,99.812,167.845,155.657,156.641,155.665,179.941,99.812,177.666,126.186,152.035,71.022,74.92,156.641,155.665,179.901,155.129,159.595
trikonasana,good,2,2.mp4,75.864,76.864,69.061,76.767,69.061,76.767,135.268,128.052,153.211,155.365,165.234,142.026,117.129,119.681,103.662,67.836,85.937,101.119,99.339,166.427,153.41,153.211,155.365,179.934,99.339,176.75,125.502,151.651,69.061,76.767,153.211,155.365,179.899,153.993,160.55
trikonasana,good,2,2.mp4,75.097,76.624,70.991,75.102,70.991,75.102,133.74,133.395,153.826,158.835,164.698,134.35,111.889,121.214,107.183,66.148,88.452,100.574,99.34,169.796,149.767,153.826,158.835,179.941,99.34,171.928,124.962,149.83,70.991,75.102,153.826,158.835,179.903,150.814,160.025
trikonasana,good,2,2.mp4,69.527,81.352,73.25,73.078,73.25,73.078,138.154,137.248,156.369,161.125,160.146,138.427,106.655,119.099,105.651,68.897,91.706,94.768,97.658,174.529,150.6,156.369,161.125,179.941,97.658,168.627,121.315,149.139,73.25,73.078,156.369,161.125,179.903,149.0,157.556
trikonasana,good,2,2.mp4,68.422,85.953,75.278,71.309,75.278,71.309,148.134,135.864,153.038,153.417,158.636,139.246,110.406,117.887,101.569,71.216,97.031,96.67,99.07,175.355,147.958,153.038,153.417,179.941,99.07,168.315,133.689,147.092,75.278,71.309,153.038,153.417,179.893,148.491,153.541
trikonasana,good,2,2.mp4,70.343,79.566,74.729,73.462,74.729,73.462,146.107,138.707,160.423,140.748,159.876,130.552,113.52,118.315,100.344,68.59,106.746,88.704,100.662,168.132,143.322,160.423,140.748,179.948,100.662,168.083,134.718,149.979,74.729,73.462,160.423,140.748,179.897,154.571,146.659
trikonasana,good,2,2.mp4,73.399,85.868,75.86,74.062,75.86,74.062,147.114,139.57,159.921,140.173,151.788,130.18,115.087,114.301,98.847,67.779,103.716,92.117,101.447,165.777,139.193,159.921,140.173,179.944,101.447,167.182,139.23,149.426,75.86,74.062,159.921,140.173,179.897,157.477,143.082
trikonasana,good,2,2.mp4,83.569,95.859,76.92,69.308,76.92,69.308,144.299,145.817,157.473,130.268,142.971,121.206,118.724,115.262,86.039,61.279,102.754,90.19,117.109,152.517,130.264,157.473,130.268,179.944,117.109,169.883,145.597,143.654,76.92,69.308,157.473,130.268,179.899,162.63,142.057
trikonasana,good,2,2.mp4,84.535,99.767,76.531,69.586,76.531,69.586,141.353,150.512,155.618,122.888,140.627,125.289,116.18,112.374,88.976,63.423,101.534,90.074,124.529,144.207,131.109,155.618,122.888,179.944,124.529,163.519,148.045,141.486,76.531,69.586,155.618,122.888,179.903,169.437,135.781
trikonasana,good,2,2.mp4,114.207,112.92,70.919,65.012,70.919,65.012,132.661,152.466,163.684,123.848,143.447,124.743,116.687,114.688,87.778,57.402,103.023,88.181,125.864,147.054,132.621,163.684,123.848,179.944,125.864,159.602,143.02,130.564,70.919,65.012,163.684,123.848,179.905,173.665,133.512
trikonasana,good,2,2.mp4,138.791,128.324,69.703,60.377,69.703,60.377,143.073,151.049,156.904,111.149,144.608,121.275,121.85,118.047,87.187,55.151,109.651,86.863,142.489,136.57,131.807,156.904,111.149,179.934,142.489,156.186,143.679,123.312,69.703,60.377,156.904,111.149,179.903,177.517,132.543
trikonasana,good,2,2.mp4,127.156,137.467,63.779,66.452,63.779,66.452,168.729,157.253,158.484,114.834,140.297,133.755,131.778,112.286,74.4,55.944,113.996,85.376,145.451,137.805,135.97,158.484,114.834,179.931,145.451,152.162,144.243,117.064,63.779,66.452,158.484,114.834,179.897,171.717,129.583
trikonasana,good,2,2.mp4,157.707,154.001,69.522,93.182,69.522,93.182,78.192,161.621,153.433,107.541,142.183,137.468,124.985,108.168,76.613,56.247,114.76,85.119,149.85,130.523,138.757,153.433,107.541,179.926,149.85,145.432,153.797,112.674,69.522,93.182,153.433,107.541,179.899,167.022,122.981
trikonasana,good,2,2.mp4,158.653,150.245,102.762,99.509,102.762,99.509,151.528,165.628,133.878,98.314,134.216,135.652,127.906,111.768,76.823,55.65,114.462,89.095,155.613,116.591,133.685,133.878,98.314,179.921,155.613,136.61,170.41,117.454,102.762,99.509,133.878,98.314,179.897,156.818,116.43
trikonasana,good,2,2.mp4,155.416,147.019,104.145,108.74,104.145,108.74,139.807,168.501,116.16,96.749,146.627,146.148,120.563,110.7,97.597,60.27,118.481,89.247,168.596,106.63,145.171,116.16,96.749,179.921,168.596,123.654,161.775,125.424,104.145,108.74,116.16,96.749,179.893,133.143,113.374
trikonasana,good,2,2.mp4,153.829,127.131,101.797,86.433,101.797,86.433,131.171,163.984,112.772,119.211,141.688,167.478,131.301,114.85,80.881,59.41,129.539,89.094,170.672,117.131,155.122,112.772,119.211,179.907,170.672,129.462,144.9,142.243,101.797,86.433,112.772,119.211,179.893,132.497,125.307
trikonasana,good,2,2.mp4,167.51,124.926,147.54,78.192,147.54,78.192,162.598,159.534,122.485,121.583,143.951,176.635,131.919,112.503,76.405,66.895,132.246,86.451,170.723,122.663,164.427,122.485,121.583,179.901,170.723,128.863,140.154,144.525,147.54,78.192,122.485,121.583,179.892,138.756,119.937
trikonasana,good,2,2.mp4,171.985,119.439,156.821,74.091,156.821,74.091,168.704,159.084,118.157,118.245,138.571,175.267,136.632,119.962,71.75,62.979,137.659,85.758,172.159,118.702,159.237,118.157,118.245,179.901,172.159,128.46,131.076,144.873,156.821,74.091,118.157,118.245,179.89,137.664,120.61
trikonasana,good,2,2.mp4,163.22,102.695,147.93,65.347,147.93,65.347,165.328,163.885,95.405,124.723,113.478,168.761,140.737,129.672,64.036,51.592,143.721,97.188,171.91,113.73,146.712,95.405,124.723,179.903,171.91,131.911,147.35,144.244,147.93,65.347,95.405,124.723,179.899,131.436,130.876
trikonasana,good,2,2.mp4,164.062,114.743,148.881,82.701,148.881,82.701,167.621,168.959,95.99,124.125,105.571,162.704,149.581,139.479,46.618,45.346,148.113,98.82,167.116,113.732,141.812,95.99,124.125,179.903,167.116,135.883,147.306,140.218,148.881,82.701,95.99,124.125,179.903,137.456,134.262
trikonasana,good,2,2.mp4,165.951,109.617,145.46,72.313,145.46,72.313,166.954,165.104,74.401,129.979,75.191,167.879,156.084,140.434,40.24,42.493,154.592,119.398,161.657,107.789,132.943,74.401,129.979,179.909,161.657,135.625,160.811,137.587,145.46,72.313,74.401,129.979,179.918,132.944,136.716
trikonasana,good,2,2.mp4,162.62,106.512,142.291,72.899,142.291,72.899,167.101,168.943,70.459,129.921,69.734,168.903,153.169,140.433,41.493,42.098,156.27,124.237,160.241,104.373,128.867,70.459,129.921,179.921,160.241,134.516,165.979,133.267,142.291,72.899,70.459,129.921,179.929,130.268,136.134
trikonasana,good,2,2.mp4,162.204,113.5,138.924,77.745,138.924,77.745,165.055,166.971,83.316,130.277,83.943,170.431,152.855,137.036,36.216,43.76,155.239,110.417,164.168,113.339,139.559,83.316,130.277,179.909,164.168,136.837,160.712,137.639,138.924,77.745,83.316,130.277,179.921,139.908,135.221
trikonasana,good,2,2.mp4,171.296,128.305,145.627,90.867,145.627,90.867,165.396,165.589,84.515,130.164,89.402,170.615,145.028,131.583,42.446,45.752,154.579,106.435,169.205,113.511,142.16,84.515,130.164,179.905,169.205,135.796,148.272,132.546,145.627,90.867,84.515,130.164,179.918,138.376,134.233
trikonasana,good,2,2.mp4,166.504,124.092,143.683,89.066,143.683,89.066,167.179,166.572,89.217,130.212,95.688,166.736,144.41,136.318,42.198,41.323,155.793,100.197,167.604,115.732,143.05,89.217,130.212,179.901,167.604,138.037,151.766,134.493,143.683,89.066,89.217,130.212,179.918,139.802,136.913
trikonasana,good,2,2.mp4,168.366,126.24,144.233,90.332,144.233,90.332,163.886,165.288,95.81,134.22,104.065,169.425,146.973,137.203,42.197,41.106,156.847,93.788,168.272,122.997,151.46,95.81,134.22,179.912,168.272,139.574,150.583,134.554,144.233,90.332,95.81,134.22,179.918,140.678,138.802
trikonasana,good,2,2.mp4,170.945,128.067,144.596,91.606,144.596,91.606,163.429,165.643,101.299,131.498,110.159,166.881,149.782,137.451,41.574,40.495,157.545,88.527,166.792,122.284,151.434,101.299,131.498,179.905,166.792,138.863,149.844,133.59,144.596,91.606,101.299,131.498,179.921,140.996,137.592
trikonasana,good,2,2.mp4,170.733,130.094,144.592,94.548,144.592,94.548,163.656,166.434,110.188,130.221,119.1,165.803,151.416,135.055,40.03,38.075,157.565,80.784,165.926,124.07,153.311,110.188,130.221,179.907,165.926,139.417,148.558,133.522,144.592,94.548,110.188,130.221,179.914,143.293,136.988
trikonasana,good,2,2.mp4,170.476,129.175,144.333,94.877,144.333,94.877,162.894,167.768,108.678,128.71,116.992,165.648,150.458,131.883,40.028,38.363,156.963,82.07,164.265,122.273,151.603,108.678,128.71,179.909,164.265,138.517,151.297,131.584,144.333,94.877,108.678,128.71,179.918,142.845,135.73
trikonasana,good,2,2.mp4,167.722,126.493,143.527,93.116,143.527,93.116,164.297,168.05,110.312,128.565,117.416,165.621,150.542,129.39,38.729,37.513,156.973,80.884,164.061,122.703,151.543,110.312,128.565,179.907,164.061,138.879,152.815,134.133,143.527,93.116,110.312,128.565,179.918,143.711,135.729
trikonasana,good,2,2.mp4,167.756,127.119,143.09,93.216,143.09,93.216,163.398,167.817,111.069,131.505,118.301,167.488,150.305,129.746,39.468,35.656,157.711,80.1,163.553,125.382,154.347,111.069,131.505,179.912,163.553,139.576,153.097,134.615,143.09,93.216,111.069,131.505,179.921,143.313,137.495
trikonasana,good,2,2.mp4,166.111,126.302,142.148,92.489,142.148,92.489,163.82,167.697,109.963,131.363,117.51,166.613,150.424,130.562,39.608,35.346,157.883,80.903,163.501,124.929,153.677,109.963,131.363,179.909,163.501,139.656,153.27,135.548,142.148,92.489,109.963,131.363,179.918,142.898,137.969
trikonasana,good,2,20260217_163742.mp4,119.165,124.947,16.703,25.852,16.703,25.852,161.158,163.342,129.817,121.424,134.378,154.944,146.982,147.698,97.611,99.619,106.077,104.009,138.293,128.604,142.11,129.817,121.424,179.782,138.293,148.474,82.278,107.26,16.703,25.852,129.817,121.424,179.688,151.142,132.851
trikonasana,good,2,20260217_163742.mp4,117.201,128.903,14.003,23.625,14.003,23.625,164.993,160.475,134.501,127.371,137.766,152.043,146.307,149.648,98.634,95.656,104.436,111.019,134.508,135.025,142.295,134.501,127.371,179.775,134.508,155.231,91.654,97.801,14.003,23.625,134.501,127.371,179.67,152.279,139.93
trikonasana,good,2,20260217_163742.mp4,118.423,132.457,10.283,23.318,10.283,23.318,163.163,158.83,142.424,131.059,145.418,137.258,142.152,147.521,97.464,86.756,108.703,111.108,134.934,142.277,138.751,142.424,131.059,179.784,134.934,164.764,101.674,91.203,10.283,23.318,142.424,131.059,179.671,154.5,149.574
trikonasana,good,2,20260217_163742.mp4,123.518,136.487,12.244,22.58,12.244,22.58,162.288,162.125,138.827,134.042,139.671,139.058,142.746,144.957,101.094,90.172,110.223,109.063,131.288,142.182,136.446,138.827,134.042,179.776,131.288,165.205,97.609,92.034,12.244,22.58,138.827,134.042,179.671,153.11,149.462
trikonasana,good,2,20260217_163742.mp4,125.213,136.586,14.226,22.033,14.226,22.033,163.349,161.11,146.757,131.668,141.195,139.286,141.74,147.913,97.294,97.144,112.337,106.882,132.252,145.874,137.118,146.757,131.668,179.777,132.252,168.394,97.19,93.61,14.226,22.033,146.757,131.668,179.672,156.751,146.712
trikonasana,good,2,20260217_163742.mp4,121.409,130.04,15.094,20.89,15.094,20.89,164.194,164.135,144.052,129.867,143.66,135.261,140.775,145.999,97.359,91.704,110.008,106.305,135.676,142.143,136.411,144.052,129.867,179.781,135.676,164.743,92.432,97.766,15.094,20.89,144.052,129.867,179.686,155.863,146.065
trikonasana,good,2,20260217_163742.mp4,122.482,121.944,21.069,22.924,21.069,22.924,152.814,169.46,139.818,129.185,138.946,141.909,121.395,142.341,115.025,95.875,112.827,103.168,138.781,138.961,137.33,139.818,129.185,179.785,138.781,160.725,85.886,111.541,21.069,22.924,139.818,129.185,179.688,155.942,142.231
trikonasana,good,2,20260217_163742.mp4,134.476,134.895,52.408,41.583,52.408,41.583,163.47,168.346,136.262,122.715,140.821,145.946,121.136,140.28,117.491,102.436,112.527,101.606,138.603,133.269,140.098,136.262,122.715,179.812,138.603,153.452,86.882,128.125,52.408,41.583,136.262,122.715,179.686,153.584,134.939
trikonasana,good,2,20260217_163742.mp4,122.555,137.116,60.49,48.668,60.49,48.668,161.806,166.675,128.758,105.662,137.469,127.544,137.044,139.94,105.348,101.428,104.704,101.384,137.839,119.542,128.597,128.758,105.662,179.857,137.839,144.984,95.219,134.91,60.49,48.668,128.758,105.662,179.715,149.514,126.285
trikonasana,good,2,20260217_163742.mp4,147.974,138.318,58.255,62.273,58.255,62.273,94.134,166.498,125.913,107.39,148.626,138.424,142.527,148.369,105.459,89.065,113.027,94.449,131.954,119.199,140.69,125.913,107.39,179.863,131.954,139.514,94.263,145.901,58.255,62.273,125.913,107.39,179.759,141.934,126.975
trikonasana,good,2,20260217_163742.mp4,170.713,137.237,53.386,72.041,53.386,72.041,86.764,163.016,115.463,88.558,152.956,133.8,147.195,152.164,109.16,87.624,112.875,90.036,136.912,102.995,140.774,115.463,88.558,179.857,136.912,122.529,109.356,163.003,53.386,72.041,115.463,88.558,179.754,129.017,111.134
trikonasana,good,2,20260217_163742.mp4,175.097,138.209,50.054,84.109,50.054,84.109,99.243,168.434,111.601,76.085,155.89,124.712,140.751,135.729,117.045,105.502,110.129,85.948,139.312,94.485,137.449,111.601,76.085,179.875,139.312,115.246,99.517,154.474,50.054,84.109,111.601,76.085,179.759,123.438,102.793
trikonasana,good,2,20260217_163742.mp4,157.519,126.446,66.275,79.801,66.275,79.801,111.629,171.188,112.69,62.681,152.084,120.801,141.942,153.076,111.31,87.54,116.148,79.712,162.86,87.335,132.855,112.69,62.681,179.875,162.86,109.49,132.125,174.305,66.275,79.801,112.69,62.681,179.721,126.545,89.262
trikonasana,good,2,20260217_163742.mp4,174.271,142.312,55.895,88.497,55.895,88.497,82.032,169.92,112.246,89.337,149.945,144.486,145.834,154.845,107.024,87.852,138.891,78.459,171.159,101.214,144.79,112.246,89.337,179.893,171.159,118.156,138.722,167.306,55.895,88.497,112.246,89.337,179.712,127.261,106.073
trikonasana,good,2,20260217_163742.mp4,166.494,143.438,55.442,90.476,55.442,90.476,87.595,164.246,113.07,85.0,143.586,136.729,149.568,153.656,95.398,88.402,132.821,83.152,170.643,99.67,137.411,113.07,85.0,179.886,170.643,121.399,130.992,173.388,55.442,90.476,113.07,85.0,179.709,132.248,106.59
trikonasana,good,2,20260217_163742.mp4,171.465,148.489,54.847,98.403,54.847,98.403,85.928,167.431,112.616,85.922,147.591,145.357,149.158,155.249,100.101,91.901,132.209,84.9,175.623,99.584,144.158,112.616,85.922,179.893,175.623,117.04,131.34,176.101,54.847,98.403,112.616,85.922,179.703,129.256,102.14
trikonasana,good,2,20260217_163742.mp4,166.822,149.692,63.877,97.722,63.877,97.722,97.899,168.747,111.841,90.404,141.98,151.877,148.928,159.847,93.068,98.248,133.711,84.454,175.857,101.346,144.589,111.841,90.404,179.892,175.857,119.119,142.158,178.021,63.877,97.722,111.841,90.404,179.701,132.116,103.298
trikonasana,good,2,20260217_163742.mp4,161.775,149.772,65.938,100.185,65.938,100.185,104.49,168.526,105.55,101.985,134.726,158.457,146.927,160.64,89.813,95.703,135.366,84.708,173.793,103.937,144.294,105.55,101.985,179.89,173.793,122.201,141.343,172.447,65.938,100.185,105.55,101.985,179.704,129.935,111.137
trikonasana,good,2,20260217_163742.mp4,149.204,147.384,79.479,94.47,79.479,94.47,118.406,166.489,106.954,92.712,134.716,145.657,147.162,168.27,89.034,73.081,134.651,83.862,172.544,100.07,137.44,106.954,92.712,179.888,172.544,122.1,149.275,172.418,79.479,94.47,106.954,92.712,179.713,131.355,109.369
trikonasana,good,2,20260217_163742.mp4,152.977,148.593,76.709,96.099,76.709,96.099,112.429,167.045,113.852,87.556,139.098,151.586,149.049,161.334,88.039,97.352,133.551,81.997,172.701,101.174,142.575,113.852,87.556,179.89,172.701,119.911,146.905,172.783,76.709,96.099,113.852,87.556,179.711,136.156,100.155
trikonasana,good,2,20260217_163742.mp4,155.156,144.307,75.858,90.224,75.858,90.224,108.362,168.743,116.784,84.279,139.73,148.911,150.658,160.407,84.903,99.481,134.181,80.856,173.367,100.968,141.234,116.784,84.279,179.892,173.367,120.543,149.345,177.271,75.858,90.224,116.784,84.279,179.707,139.136,98.195
trikonasana,good,2,20260217_163742.mp4,163.678,142.588,75.22,89.785,75.22,89.785,100.893,171.545,117.329,79.884,139.318,143.998,149.638,159.385,83.116,99.625,132.351,80.685,172.309,99.029,138.336,117.329,79.884,179.892,172.309,120.184,147.68,177.62,75.22,89.785,117.329,79.884,179.707,140.029,96.332
trikonasana,good,2,20260217_163742.mp4,156.673,143.125,72.2,88.89,72.2,88.89,104.994,166.798,112.453,80.085,136.3,145.108,147.797,158.3,86.059,102.262,131.422,81.589,171.955,96.583,137.394,112.453,80.085,179.89,171.955,118.122,143.71,177.561,72.2,88.89,112.453,80.085,179.708,136.63,96.012
trikonasana,good,2,20260217_163742.mp4,140.584,145.506,85.072,92.785,85.072,92.785,133.381,164.829,110.197,81.927,133.747,145.575,150.559,159.918,81.547,99.894,131.336,81.977,172.98,96.34,136.293,110.197,81.927,179.89,172.98,118.795,156.818,175.35,85.072,92.785,110.197,81.927,179.709,136.067,97.92
trikonasana,good,2,20260217_163742.mp4,142.031,140.496,84.295,88.709,84.295,88.709,132.901,167.591,106.713,87.44,128.637,148.737,155.489,159.664,74.485,97.852,131.971,83.409,172.424,97.277,135.225,106.713,87.44,179.886,172.424,120.531,154.265,176.749,84.295,88.709,106.713,87.44,179.713,135.571,102.014
trikonasana,good,2,20260217_163742.mp4,137.471,141.098,95.666,89.201,95.666,89.201,145.346,165.041,104.466,90.327,128.737,151.27,152.334,159.25,81.642,97.992,131.218,85.489,172.761,97.375,136.804,104.466,90.327,179.886,172.761,119.609,165.432,175.674,95.666,89.201,104.466,90.327,179.722,132.594,103.7
trikonasana,good,2,20260217_163742.mp4,139.039,142.202,96.567,92.218,96.567,92.218,144.847,165.973,103.806,89.964,128.8,152.061,151.351,158.595,83.844,98.829,130.262,86.144,172.63,96.799,137.22,103.806,89.964,179.886,172.63,118.714,165.533,172.462,96.567,92.218,103.806,89.964,179.724,131.69,102.968
trikonasana,good,2,20260217_163742.mp4,166.806,146.971,92.13,94.189,92.13,94.189,116.77,165.107,110.599,90.214,133.453,155.451,151.282,158.238,82.718,100.809,131.907,82.531,173.01,100.563,141.231,110.599,90.214,179.885,173.01,120.348,165.264,174.331,92.13,94.189,110.599,90.214,179.718,136.498,101.09
trikonasana,good,2,20260217_163851.mp4,144.047,156.528,19.589,21.498,19.589,21.498,106.306,82.974,86.85,68.361,138.131,115.084,156.308,167.699,94.235,78.348,108.344,68.832,167.485,77.498,126.618,86.85,68.361,179.818,167.485,105.604,79.428,102.138,19.589,21.498,86.85,68.361,179.641,108.414,102.821
trikonasana,good,2,20260217_163851.mp4,143.908,137.475,31.941,21.07,31.941,21.07,106.533,102.664,81.138,73.788,134.578,131.779,159.813,159.513,93.311,85.771,69.706,108.803,176.072,77.605,133.354,81.138,73.788,179.831,176.072,100.517,60.891,129.903,31.941,21.07,81.138,73.788,179.697,102.726,98.177
trikonasana,good,2,20260217_163851.mp4,134.168,151.466,35.991,20.039,35.991,20.039,125.161,90.051,85.629,66.189,143.344,132.825,157.758,170.644,101.041,99.708,75.148,111.014,174.813,75.88,138.053,85.629,66.189,179.791,174.813,95.582,87.634,97.903,35.991,20.039,85.629,66.189,179.549,102.736,88.145
trikonasana,good,2,20260217_163851.mp4,155.744,171.258,39.664,14.785,39.664,14.785,112.985,84.028,98.388,77.55,157.014,143.371,157.568,169.193,102.444,105.747,111.304,79.084,178.462,87.791,150.118,98.388,77.55,179.759,178.462,102.287,99.722,92.356,39.664,14.785,98.388,77.55,179.65,109.382,94.66
trikonasana,good,2,20260217_163851.mp4,156.24,165.908,25.433,11.487,25.433,11.487,103.646,86.064,97.717,83.208,149.233,141.654,156.407,167.633,99.588,98.921,103.792,86.368,178.818,90.217,144.967,97.717,83.208,179.79,178.818,107.037,87.58,100.425,25.433,11.487,97.717,83.208,179.614,112.561,100.807
trikonasana,good,2,20260217_163851.mp4,140.31,130.314,31.146,9.971,31.146,9.971,144.021,137.447,115.821,109.369,146.254,145.321,158.832,161.315,99.213,97.929,72.739,110.303,154.433,112.761,145.317,115.821,109.369,179.849,154.433,130.822,88.278,106.514,31.146,9.971,115.821,109.369,179.694,133.342,126.587
trikonasana,good,2,20260217_163851.mp4,128.032,123.154,15.463,21.341,15.463,21.341,150.414,162.4,136.666,122.648,153.833,147.51,157.488,154.512,102.184,97.884,90.197,95.674,139.433,130.321,150.28,136.666,122.648,179.807,139.433,145.707,84.516,100.668,15.463,21.341,136.666,122.648,179.707,150.868,138.053
trikonasana,good,2,20260217_163851.mp4,122.346,129.254,16.473,28.88,16.473,28.88,151.237,149.917,131.524,126.231,151.946,147.218,150.562,150.487,110.151,89.28,105.044,90.972,145.57,129.955,149.235,131.524,126.231,179.804,145.57,146.1,80.382,111.476,16.473,28.88,131.524,126.231,179.717,145.548,142.211
trikonasana,good,2,20260217_163851.mp4,116.313,131.921,11.4,33.051,11.4,33.051,157.556,156.283,130.92,127.273,142.046,138.423,147.783,146.515,109.759,80.657,118.002,93.121,138.886,132.107,138.51,130.92,127.273,179.806,138.886,154.713,84.996,113.308,11.4,33.051,130.92,127.273,179.73,148.96,148.07
trikonasana,good,2,20260217_163851.mp4,123.438,129.975,12.985,24.332,12.985,24.332,156.729,158.632,135.827,127.208,142.798,136.005,149.091,140.267,109.086,80.127,116.68,94.813,135.597,135.533,137.164,135.827,127.208,179.814,135.597,157.598,84.942,108.198,12.985,24.332,135.827,127.208,179.732,151.434,146.076
trikonasana,good,2,20260217_163851.mp4,121.544,125.544,12.162,27.347,12.162,27.347,158.647,160.146,137.507,123.412,140.907,136.683,141.684,143.0,101.212,85.586,112.304,101.119,138.193,134.268,136.768,137.507,123.412,179.813,138.193,157.117,87.888,104.008,12.162,27.347,137.507,123.412,179.701,154.024,143.527
trikonasana,good,2,20260217_163851.mp4,118.441,127.257,12.054,28.594,12.054,28.594,159.466,165.804,136.694,120.141,141.214,134.502,140.962,141.529,100.632,93.202,106.01,112.229,135.037,132.362,135.197,136.694,120.141,179.8,135.037,156.089,102.876,93.196,12.054,28.594,136.694,120.141,179.682,151.784,141.634
trikonasana,good,2,20260217_163851.mp4,117.964,130.886,15.71,28.663,15.71,28.663,165.836,163.413,138.236,124.407,144.763,136.378,138.268,148.468,97.942,96.933,105.398,114.107,132.926,135.653,138.037,138.236,124.407,179.813,132.926,157.502,106.099,86.574,15.71,28.663,138.236,124.407,179.69,150.554,144.593
trikonasana,good,2,20260217_163851.mp4,115.213,138.685,11.317,30.334,11.317,30.334,167.159,160.186,136.899,124.749,141.721,138.304,139.19,147.698,95.084,98.121,109.622,109.173,131.489,135.181,137.139,136.899,124.749,179.844,131.489,157.768,108.969,84.66,11.317,30.334,136.899,124.749,179.715,150.664,143.627
trikonasana,good,2,20260217_163851.mp4,117.833,138.635,12.287,29.736,12.287,29.736,165.302,162.268,135.625,127.14,141.892,137.785,141.555,148.832,96.161,98.296,105.57,113.94,131.876,135.847,136.952,135.625,127.14,179.813,131.876,158.572,108.111,86.457,12.287,29.736,135.625,127.14,179.705,150.542,145.595
trikonasana,good,2,20260217_163851.mp4,109.1,131.294,12.762,25.234,12.762,25.234,166.765,163.575,131.386,131.144,137.324,137.399,140.172,147.614,98.083,92.893,103.868,113.403,133.724,135.412,134.652,131.386,131.144,179.791,133.724,159.664,105.145,85.386,12.762,25.234,131.386,131.144,179.683,148.994,149.422
trikonasana,good,2,20260217_163851.mp4,113.686,126.067,13.721,21.53,13.721,21.53,161.946,166.985,137.187,138.201,144.239,142.707,140.581,147.726,96.822,91.184,102.275,111.613,132.295,142.538,141.302,137.187,138.201,179.794,132.295,163.246,96.974,89.125,13.721,21.53,137.187,138.201,179.684,150.846,152.908
trikonasana,good,2,20260217_163851.mp4,117.75,127.25,14.783,22.216,14.783,22.216,161.489,166.77,139.065,137.09,144.474,140.064,142.306,147.667,96.755,89.48,100.84,110.137,131.655,143.145,139.967,139.065,137.09,179.802,131.655,164.844,93.899,91.056,14.783,22.216,139.065,137.09,179.697,152.375,153.172
trikonasana,good,2,20260217_163851.mp4,124.203,127.932,14.519,21.819,14.519,21.819,159.483,168.823,142.13,140.004,144.819,140.189,143.064,147.648,97.879,88.286,101.857,109.065,129.85,146.934,140.231,142.13,140.004,179.799,129.85,168.471,94.258,90.975,14.519,21.819,142.13,140.004,179.701,153.941,155.01
trikonasana,good,2,20260217_163851.mp4,125.439,129.233,14.372,19.216,14.372,19.216,161.976,167.103,146.298,140.521,146.493,140.076,143.066,146.472,97.211,89.37,102.6,107.52,127.571,150.122,140.952,146.298,140.521,179.793,127.571,171.204,96.983,90.101,14.372,19.216,146.298,140.521,179.696,155.409,155.0
trikonasana,good,2,20260217_163851.mp4,130.26,129.748,17.465,16.822,17.465,16.822,160.673,166.949,146.756,140.34,150.649,138.889,142.932,142.325,103.207,92.896,101.57,107.073,127.356,150.398,142.486,146.756,140.34,179.799,127.356,170.397,97.78,89.836,17.465,16.822,146.756,140.34,179.699,154.288,155.023
trikonasana,good,2,20260217_163851.mp4,129.421,131.401,14.546,17.418,14.546,17.418,162.223,167.374,148.081,141.4,150.369,141.259,143.508,141.618,103.0,93.464,102.003,107.305,126.15,152.065,143.532,148.081,141.4,179.793,126.15,171.339,97.367,89.489,14.546,17.418,148.081,141.4,179.695,154.82,154.455
trikonasana,good,2,20260217_163851.mp4,141.835,124.285,24.899,10.169,24.899,10.169,161.959,167.875,148.505,145.554,155.809,144.177,143.695,141.474,107.074,79.464,97.119,102.644,125.093,154.589,148.071,148.505,145.554,179.821,125.093,171.131,99.049,94.742,24.899,10.169,148.505,145.554,179.75,153.781,156.154
trikonasana,good,2,20260217_163851.mp4,146.292,126.457,27.823,7.317,27.823,7.317,161.787,171.627,144.876,149.884,149.913,142.987,143.331,148.486,107.105,61.52,91.308,104.029,127.602,154.272,144.421,144.876,149.884,179.872,127.602,172.709,97.934,94.839,27.823,7.317,144.876,149.884,179.791,152.951,157.974
trikonasana,good,2,20260217_163851.mp4,146.532,123.228,32.316,7.695,32.316,7.695,163.071,171.994,145.288,149.08,147.081,137.457,142.783,142.033,104.141,71.847,92.316,102.561,126.631,154.123,139.972,145.288,149.08,179.873,126.631,175.159,100.185,97.486,32.316,7.695,145.288,149.08,179.793,153.738,158.53
trikonasana,good,2,20260217_163851.mp4,145.491,125.44,33.291,7.938,33.291,7.938,165.293,174.893,146.379,151.337,145.352,147.905,142.462,139.553,102.795,79.894,92.935,103.298,125.859,156.569,144.345,146.379,151.337,179.878,125.859,174.983,101.628,94.105,33.291,7.938,146.379,151.337,179.79,154.947,156.688
trikonasana,good,2,20260217_163851.mp4,149.525,123.842,33.419,6.955,33.419,6.955,162.924,173.627,147.513,148.5,147.265,143.568,142.434,138.186,104.364,79.83,92.714,103.197,125.857,155.901,143.081,147.513,148.5,179.866,125.857,175.157,102.307,95.481,33.419,6.955,147.513,148.5,179.786,155.159,155.879
trikonasana,good,2,20260217_163851.mp4,138.451,125.822,23.354,11.661,23.354,11.661,165.067,169.491,152.715,143.581,152.893,140.586,142.693,138.153,103.326,78.679,92.684,98.752,127.803,157.675,144.461,152.715,143.581,179.834,127.803,176.483,95.507,97.601,23.354,11.661,152.715,143.581,179.783,155.568,154.555
trikonasana,good,2,20260217_163851.mp4,132.747,133.215,14.407,14.694,14.407,14.694,165.211,166.534,154.382,146.582,151.301,141.9,143.367,139.049,100.887,82.034,100.831,102.9,126.925,162.079,144.33,154.382,146.582,179.799,126.925,178.767,92.875,95.047,14.407,14.694,154.382,146.582,179.724,154.673,155.098
trikonasana,good,2,20260217_163851.mp4,133.373,129.68,16.173,14.542,16.173,14.542,166.38,168.57,153.833,147.286,147.596,140.518,143.612,141.558,98.03,82.301,101.091,104.523,128.317,161.377,141.664,153.833,147.286,179.795,128.317,177.975,95.057,94.466,16.173,14.542,153.833,147.286,179.72,154.575,155.859
trikonasana,good,2,20260217_163851.mp4,122.273,128.706,20.506,30.484,20.506,30.484,162.093,166.878,149.896,134.012,146.112,133.039,141.563,140.831,98.518,80.849,104.205,108.192,137.648,148.73,136.964,149.896,134.012,179.781,137.648,171.682,106.722,101.203,20.506,30.484,149.896,134.012,179.688,156.359,152.057
trikonasana,good,2,20260217_163851.mp4,118.573,129.476,43.741,55.048,43.741,55.048,166.096,175.772,148.736,135.572,146.008,133.528,142.082,142.281,99.665,84.225,107.086,108.755,135.139,149.27,136.924,148.736,135.572,179.79,135.139,172.018,131.2,127.014,43.741,55.048,148.736,135.572,179.687,155.713,152.03
trikonasana,good,2,20260217_163851.mp4,121.712,140.162,86.685,97.695,86.685,97.695,173.075,172.477,141.416,129.235,148.274,136.141,141.316,141.706,102.79,86.681,107.393,107.229,145.839,140.499,139.57,141.416,129.235,179.799,145.839,161.597,171.116,157.589,86.685,97.695,141.416,129.235,179.695,152.794,146.576
trikonasana,good,2,20260217_163851.mp4,129.796,143.975,116.013,123.366,116.013,123.366,170.847,171.968,141.972,131.215,148.682,136.883,141.058,141.523,103.156,86.049,108.24,105.759,143.483,142.007,140.204,141.972,131.215,179.805,143.483,162.789,150.741,152.53,116.013,123.366,141.972,131.215,179.699,153.071,147.632
trikonasana,good,2,20260217_163851.mp4,131.987,140.783,118.553,124.399,118.553,124.399,172.224,174.679,141.477,134.56,147.959,140.145,140.419,141.658,103.061,84.966,110.568,103.681,142.768,143.781,141.687,141.477,134.56,179.811,142.768,163.827,150.103,148.84,118.553,124.399,141.477,134.56,179.705,152.944,149.232
trikonasana,good,2,20260217_163851.mp4,133.09,140.47,118.85,122.311,118.85,122.311,170.765,176.142,140.473,136.775,148.763,143.517,140.939,141.559,102.593,84.65,110.408,104.479,143.483,144.44,143.954,140.473,136.775,179.81,143.483,163.269,150.224,148.928,118.85,122.311,140.473,136.775,179.705,152.131,149.748
trikonasana,good,2,20260217_163851.mp4,131.287,144.22,115.117,122.76,115.117,122.76,168.602,173.847,141.07,136.028,147.588,144.696,142.001,140.892,100.361,85.98,111.182,104.562,143.895,144.357,143.943,141.07,136.028,179.809,143.895,163.346,151.212,152.181,115.117,122.76,141.07,136.028,179.703,153.052,149.019
trikonasana,good,2,20260217_163851.mp4,132.139,145.424,113.773,122.053,113.773,122.053,169.585,174.768,140.752,135.977,148.058,143.819,141.96,141.215,100.148,84.903,111.232,104.609,144.053,144.199,143.713,140.752,135.977,179.806,144.053,163.481,154.591,148.079,113.773,122.053,140.752,135.977,179.704,152.804,149.514
trikonasana,good,2,20260217_163851.mp4,142.318,171.772,118.296,118.206,118.296,118.206,167.082,166.995,140.754,139.444,147.253,143.853,140.684,141.809,101.115,85.186,109.389,105.299,145.324,146.264,143.308,140.754,139.444,179.817,145.324,165.674,157.401,115.683,118.296,118.206,140.754,139.444,179.707,152.945,151.579
trikonasana,good,2,20260217_163851.mp4,166.374,158.287,120.886,106.015,120.886,106.015,165.917,176.536,146.168,144.646,145.285,133.375,140.722,141.812,101.0,81.316,107.221,105.941,145.981,153.374,136.583,146.168,144.646,179.834,145.981,176.493,159.486,107.406,120.886,106.015,146.168,144.646,179.708,155.488,154.876
trikonasana,good,2,20260217_163851.mp4,165.644,149.042,119.027,107.053,119.027,107.053,165.946,176.477,144.674,141.874,146.006,135.761,140.466,140.627,102.276,81.669,106.28,105.997,142.813,150.614,138.235,144.674,141.874,179.826,142.813,172.663,157.717,122.342,119.027,107.053,144.674,141.874,179.713,154.763,153.774
trikonasana,good,2,20260217_163851.mp4,164.051,150.829,119.09,107.919,119.09,107.919,165.377,177.517,144.073,144.919,148.224,142.737,140.596,141.083,104.354,80.115,106.864,105.079,144.605,152.339,143.141,144.073,144.919,179.838,144.605,171.833,166.534,112.423,119.09,107.919,144.073,144.919,179.727,154.125,153.84
trikonasana,good,2,20260217_163851.mp4,165.183,150.402,115.811,106.068,115.811,106.068,163.583,176.254,143.576,145.77,147.71,142.813,140.884,140.29,105.719,80.371,107.369,104.784,142.317,152.558,142.932,143.576,145.77,179.842,142.317,172.306,170.93,109.567,115.811,106.068,143.576,145.77,179.729,154.065,154.051
trikonasana,good,2,20260217_163851.mp4,156.754,142.949,118.623,105.165,118.623,105.165,161.958,177.574,142.599,143.172,147.029,142.447,140.472,139.339,104.479,79.507,107.83,103.668,140.399,150.071,142.405,142.599,143.172,179.847,140.399,170.124,173.707,116.351,118.623,105.165,142.599,143.172,179.729,154.033,152.623
trikonasana,good,2,20260217_163851.mp4,166.114,145.031,129.604,96.625,129.604,96.625,170.537,177.132,141.597,143.449,147.933,148.681,140.412,138.898,107.202,83.193,110.986,102.703,138.684,149.984,146.169,141.597,143.449,179.853,138.684,167.735,168.315,113.648,129.604,96.625,141.597,143.449,179.739,153.737,150.345
trikonasana,good,2,20260217_163851.mp4,164.913,142.065,140.513,83.051,140.513,83.051,163.855,179.177,140.245,136.788,148.712,147.732,140.012,139.148,109.129,84.306,113.904,99.197,135.852,144.83,146.122,140.245,136.788,179.864,135.852,162.119,168.837,117.475,140.513,83.051,140.245,136.788,179.741,153.592,145.235
trikonasana,good,2,20260217_163851.mp4,159.638,137.395,143.056,75.535,143.056,75.535,170.278,174.097,138.382,129.947,141.418,140.863,140.73,139.437,103.32,82.447,112.581,98.665,126.4,139.236,138.597,138.382,129.947,179.876,126.4,159.929,173.603,122.551,143.056,75.535,138.382,129.947,179.749,156.324,141.253
trikonasana,good,2,20260217_163851.mp4,164.883,134.483,147.176,77.835,147.176,77.835,159.712,176.332,127.582,120.912,141.921,143.472,142.875,142.017,106.47,80.591,116.859,95.975,131.143,127.942,140.198,127.582,120.912,179.886,131.143,148.124,172.751,127.91,147.176,77.835,127.582,120.912,179.768,146.667,134.626
trikonasana,good,2,20260217_163851.mp4,157.131,141.821,136.17,81.769,136.17,81.769,157.273,174.876,129.976,103.802,144.659,148.448,144.64,145.044,105.463,90.457,111.238,90.502,125.132,119.67,144.193,129.976,103.802,179.881,125.132,136.993,161.779,131.813,136.17,81.769,129.976,103.802,179.77,148.083,115.925
trikonasana,good,2,20260217_163851.mp4,172.695,143.27,91.667,87.217,91.667,87.217,105.044,167.466,122.107,98.586,146.334,147.033,142.526,149.089,107.776,89.635,118.367,88.974,125.296,112.419,144.84,122.107,98.586,179.881,125.296,129.57,129.565,147.646,91.667,87.217,122.107,98.586,179.754,139.531,111.962
trikonasana,good,2,20260217_163851.mp4,162.295,140.922,112.364,88.145,112.364,88.145,102.239,169.907,123.121,79.974,145.81,126.822,143.773,151.239,107.294,87.345,106.463,90.37,121.009,102.746,133.27,123.121,79.974,179.89,121.009,124.822,147.584,143.1,112.364,88.145,123.121,79.974,179.738,140.893,101.347
trikonasana,good,2,20260217_163851.mp4,167.27,136.792,111.439,89.226,111.439,89.226,167.193,175.927,118.538,78.383,144.136,129.178,144.04,151.421,104.773,88.409,103.343,93.497,123.046,100.147,133.853,118.538,78.383,179.897,123.046,122.212,140.88,138.13,111.439,89.226,118.538,78.383,179.749,137.102,99.909
trikonasana,good,2,20260217_163851.mp4,175.547,131.394,109.793,90.337,109.793,90.337,126.512,177.719,111.383,71.969,142.58,125.875,144.04,149.241,104.454,88.276,98.076,96.208,131.346,93.048,131.396,111.383,71.969,179.901,131.346,116.638,142.778,139.814,109.793,90.337,111.383,71.969,179.768,130.562,96.844
trikonasana,good,2,20260217_163851.mp4,178.702,132.321,103.543,87.56,103.543,87.56,116.768,173.157,110.394,84.507,143.724,144.65,144.869,151.636,104.295,89.407,109.072,94.844,132.117,98.888,142.041,110.394,84.507,179.899,132.117,117.378,137.868,142.781,103.543,87.56,110.394,84.507,179.776,129.099,100.617
trikonasana,good,2,20260217_163851.mp4,177.112,134.256,102.252,86.27,102.252,86.27,116.224,171.962,105.831,101.464,140.5,157.38,145.822,149.139,103.39,85.275,124.364,95.23,132.841,104.774,146.684,105.831,101.464,179.903,132.841,121.334,137.13,143.215,102.252,86.27,105.831,101.464,179.789,126.014,111.667
trikonasana,good,2,20260217_163851.mp4,174.999,140.298,109.087,92.275,109.087,92.275,130.986,168.722,103.182,101.734,139.304,159.498,145.444,149.31,99.555,84.709,127.512,92.224,138.258,103.247,147.125,103.182,101.734,179.901,138.258,119.526,145.273,136.496,109.087,92.275,103.182,101.734,179.795,123.998,110.619
trikonasana,good,2,20260217_163851.mp4,172.395,142.042,118.596,98.074,118.596,98.074,141.563,174.439,104.372,98.711,137.749,154.342,152.667,150.987,91.291,82.085,126.998,91.359,142.212,102.347,143.448,104.372,98.711,179.899,142.212,120.584,158.326,133.085,118.596,98.074,104.372,98.711,179.794,126.038,110.643
trikonasana,good,2,20260217_163851.mp4,166.6,145.05,103.418,103.615,103.418,103.615,135.97,175.852,105.878,95.668,137.868,152.517,153.851,153.163,89.347,82.259,124.872,89.643,149.199,101.306,142.669,105.878,95.668,179.893,149.199,120.026,149.697,135.126,103.418,103.615,105.878,95.668,179.791,127.473,108.886
trikonasana,good,2,20260217_163851.mp4,165.552,144.702,105.312,99.015,105.312,99.015,143.142,172.148,103.282,98.632,132.194,157.922,153.671,153.887,88.793,85.109,128.116,91.043,155.036,101.067,142.011,103.282,98.632,179.885,155.036,120.286,155.203,142.31,105.312,99.015,103.282,98.632,179.785,128.14,109.0
trikonasana,good,2,20260217_163851.mp4,143.404,158.163,107.709,105.098,107.709,105.098,160.496,161.724,105.797,102.393,125.353,160.903,156.214,153.953,81.711,83.049,131.259,93.154,161.313,103.843,139.59,105.797,102.393,179.881,161.313,124.634,165.491,147.464,107.709,105.098,105.797,102.393,179.781,135.081,111.279
trikonasana,good,2,20260217_163851.mp4,132.718,141.462,103.682,90.888,103.682,90.888,159.514,163.898,103.916,99.08,123.856,158.633,155.063,155.535,80.966,83.626,130.201,91.956,169.081,100.964,137.597,103.916,99.08,179.883,169.081,122.938,168.344,168.309,103.682,90.888,103.916,99.08,179.772,134.355,109.158
trikonasana,good,2,20260217_163851.mp4,137.171,145.338,85.871,92.913,85.871,92.913,136.856,164.388,109.21,91.881,127.502,154.622,153.606,159.156,80.385,90.681,130.966,84.438,170.492,100.476,137.277,109.21,91.881,179.883,170.492,122.495,156.597,169.798,85.871,92.913,109.21,91.881,179.73,138.308,103.759
trikonasana,good,2,20260217_163851.mp4,109.492,142.96,84.766,92.33,84.766,92.33,164.189,165.699,107.201,93.043,128.671,156.13,153.116,160.894,81.837,92.866,131.92,84.957,170.067,99.996,138.85,107.201,93.043,179.883,170.067,121.043,155.255,169.585,84.766,92.33,107.201,93.043,179.728,135.19,104.102
trikonasana,good,2,20260217_163851.mp4,113.822,144.771,89.203,93.209,89.203,93.209,163.201,165.427,107.802,85.05,127.56,144.79,153.708,160.585,79.822,91.013,130.594,82.717,171.254,96.42,132.665,107.802,85.05,179.885,171.254,120.995,163.819,170.498,89.203,93.209,107.802,85.05,179.703,136.92,101.988
trikonasana,good,2,20260217_163851.mp4,124.074,145.013,95.829,92.263,95.829,92.263,162.953,165.127,110.537,84.555,130.406,146.053,154.232,161.141,79.997,92.227,131.1,81.75,172.088,97.75,134.776,110.537,84.555,179.883,172.088,121.148,169.266,170.396,95.829,92.263,110.537,84.555,179.695,138.194,100.676
trikonasana,good,2,20260217_163851.mp4,137.422,156.506,106.5,95.849,106.5,95.849,161.559,157.223,109.764,87.967,132.574,149.239,153.307,160.477,82.783,93.096,132.27,82.138,171.426,99.358,137.808,109.764,87.967,179.886,171.426,120.9,172.183,163.684,106.5,95.849,109.764,87.967,179.699,135.549,102.495
trikonasana,good,2,20260217_163851.mp4,139.819,142.505,104.191,84.524,104.191,84.524,158.099,159.006,107.338,90.734,132.174,151.804,154.157,161.109,83.872,92.951,133.998,82.082,171.928,99.472,138.923,107.338,90.734,179.888,171.928,120.482,169.002,170.217,104.191,84.524,107.338,90.734,179.703,133.144,104.09
trikonasana,good,2,20260217_163851.mp4,145.033,131.473,110.248,73.326,110.248,73.326,158.403,159.655,107.73,85.479,129.801,148.553,154.809,161.411,81.708,94.662,131.401,82.154,171.666,96.823,135.745,107.73,85.479,179.885,171.666,119.336,171.533,164.335,110.248,73.326,107.73,85.479,179.703,134.997,100.362
trikonasana,good,2,20260217_163851.mp4,140.459,137.213,100.945,82.256,100.945,82.256,152.544,162.206,107.966,85.28,128.732,148.917,154.088,161.044,80.761,94.875,129.679,83.266,171.469,96.871,135.261,107.966,85.28,179.883,171.469,119.605,168.463,170.556,100.945,82.256,107.966,85.28,179.707,135.892,99.954
trikonasana,good,2,20260217_163851.mp4,142.065,138.23,105.654,84.427,105.654,84.427,153.508,162.184,108.84,82.053,127.337,149.563,153.794,162.39,79.084,97.264,126.92,83.514,171.234,95.63,134.283,108.84,82.053,179.883,171.234,118.859,170.604,171.01,105.654,84.427,108.84,82.053,179.706,138.025,96.231
trikonasana,good,2,20260217_163851.mp4,141.554,140.265,103.698,85.731,103.698,85.731,152.379,162.899,109.215,83.836,128.188,149.387,153.88,160.481,81.01,96.39,127.591,83.672,171.567,96.81,134.927,109.215,83.836,179.885,171.567,119.86,169.237,171.309,103.698,85.731,109.215,83.836,179.711,137.779,98.376
trikonasana,good,2,20260217_163851.mp4,140.833,141.909,104.642,86.738,104.642,86.738,152.914,163.414,108.981,88.141,128.058,156.06,155.768,156.046,82.466,101.759,129.371,85.206,171.153,98.802,138.035,108.981,88.141,179.88,171.153,120.233,168.895,170.571,104.642,86.738,108.981,88.141,179.712,137.679,99.315
trikonasana,good,2,20260217_163851.mp4,141.057,141.687,105.038,86.817,105.038,86.817,153.123,163.612,109.323,85.352,127.119,152.361,157.207,159.771,79.443,97.152,127.262,85.315,171.598,97.596,135.665,109.323,85.352,179.883,171.598,120.234,168.368,171.711,105.038,86.817,109.323,85.352,179.711,138.604,98.399
trikonasana,good,2,20260217_163851.mp4,143.836,141.799,110.567,86.762,110.567,86.762,155.812,163.646,106.403,84.789,125.581,149.787,157.734,159.995,80.866,93.904,123.084,90.421,171.948,95.887,133.832,106.403,84.789,179.881,171.948,119.783,168.648,169.656,110.567,86.762,106.403,84.789,179.717,136.311,99.778
trikonasana,good,2,20260217_163851.mp4,146.909,146.544,111.297,90.843,111.297,90.843,151.209,163.317,110.791,79.663,130.059,144.879,157.815,161.988,81.648,93.596,120.804,89.263,173.14,95.644,133.904,110.791,79.663,179.883,173.14,119.756,167.974,170.306,111.297,90.843,110.791,79.663,179.703,138.646,97.34
trikonasana,good,2,20260217_163851.mp4,144.557,143.587,110.766,87.804,110.766,87.804,156.261,162.519,109.603,79.934,132.041,144.135,156.883,162.401,85.338,93.136,121.246,89.257,172.992,95.197,134.832,109.603,79.934,179.886,172.992,118.704,168.086,171.953,110.766,87.804,109.603,79.934,179.707,135.988,97.954
trikonasana,good,2,20260217_163851.mp4,142.559,142.27,107.759,84.364,107.759,84.364,154.287,161.725,109.839,77.7,132.458,142.752,155.211,160.95,85.48,94.421,120.576,87.659,172.507,94.524,134.382,109.839,77.7,179.883,172.507,118.339,167.647,172.708,107.759,84.364,109.839,77.7,179.709,135.848,96.807
trikonasana,good,2,20260217_163851.mp4,143.827,136.51,110.61,75.905,110.61,75.905,155.863,158.444,110.285,78.964,131.22,143.639,158.268,160.965,84.639,93.747,119.418,88.21,172.778,95.287,134.092,110.285,78.964,179.886,172.778,119.151,168.139,171.802,110.61,75.905,110.285,78.964,179.716,137.008,97.385
trikonasana,good,2,20260217_163851.mp4,142.537,131.266,109.259,72.32,109.259,72.32,155.723,158.332,112.205,77.893,131.552,143.808,157.558,159.681,83.637,92.628,118.178,87.659,171.908,95.746,134.197,112.205,77.893,179.888,171.908,119.534,167.677,168.637,109.259,72.32,112.205,77.893,179.717,139.018,96.003
trikonasana,good,2,20260217_163851.mp4,142.859,135.45,109.691,75.473,109.691,75.473,156.179,159.13,111.905,78.526,130.915,143.693,155.423,159.454,82.442,93.224,118.071,87.643,171.777,95.969,133.757,111.905,78.526,179.89,171.777,119.944,167.131,173.282,109.691,75.473,111.905,78.526,179.72,139.084,96.564
trikonasana,good,2,20260217_164255.mp4,170.487,154.076,14.938,13.582,14.938,13.582,154.778,168.968,106.075,118.048,172.185,175.897,175.522,175.426,108.298,109.442,28.894,136.231,164.666,112.07,175.013,106.075,118.048,178.909,164.666,114.484,104.84,79.457,14.938,13.582,106.075,118.048,179.112,108.968,119.523
trikonasana,good,2,20260217_164255.mp4,162.973,144.385,28.155,37.878,28.155,37.878,176.388,156.442,115.44,120.327,161.123,177.08,154.636,158.425,93.617,91.285,53.346,113.216,167.359,118.087,169.523,115.44,120.327,179.741,167.359,122.629,127.465,53.244,28.155,37.878,115.44,120.327,179.578,124.052,121.522
trikonasana,good,2,20260217_164255.mp4,162.549,166.504,23.068,22.784,23.068,22.784,172.183,164.231,138.278,147.822,172.35,160.748,176.06,155.863,109.823,95.766,98.944,93.391,156.191,145.214,167.234,138.278,147.822,179.75,156.191,139.159,51.262,139.807,23.068,22.784,138.278,147.822,179.332,135.991,139.454
trikonasana,good,2,20260217_164255.mp4,146.018,148.491,73.384,46.619,73.384,46.619,155.843,122.078,101.254,85.496,170.677,159.747,161.592,174.498,101.134,102.754,51.398,107.379,154.828,92.175,166.306,101.254,85.496,179.791,154.828,98.938,93.987,118.152,73.384,46.619,101.254,85.496,179.447,103.586,94.982
trikonasana,good,2,20260217_164255.mp4,128.296,123.398,46.679,23.019,46.679,23.019,147.626,127.835,86.243,79.715,153.415,147.472,162.996,174.961,108.993,90.035,68.183,103.889,174.301,82.869,151.177,86.243,79.715,179.828,174.301,96.215,69.126,133.34,46.679,23.019,86.243,79.715,179.718,97.111,95.235
trikonasana,good,2,20260217_164255.mp4,122.174,139.497,42.42,17.627,42.42,17.627,144.283,109.878,90.462,84.161,151.414,129.208,157.484,155.344,106.234,88.549,79.866,96.896,171.991,87.354,140.053,90.462,84.161,179.813,171.991,106.805,74.781,126.488,42.42,17.627,90.462,84.161,179.707,103.874,109.618
trikonasana,good,2,20260217_164255.mp4,120.985,112.973,43.974,32.148,43.974,32.148,151.014,147.879,88.139,81.372,147.133,129.27,154.305,159.459,115.429,87.549,62.767,117.282,170.426,84.755,137.94,88.139,81.372,179.819,170.426,105.653,76.303,115.53,43.974,32.148,88.139,81.372,179.717,104.723,106.251
trikonasana,good,2,20260217_164255.mp4,118.073,118.19,29.996,33.022,29.996,33.022,145.637,151.46,96.384,91.406,130.424,130.913,147.414,149.768,100.609,88.713,83.166,102.5,161.933,94.11,130.567,96.384,91.406,179.781,161.933,119.589,75.655,108.428,29.996,33.022,96.384,91.406,179.63,122.529,116.024
trikonasana,good,2,20260217_164255.mp4,109.442,115.069,14.93,29.822,14.93,29.822,149.215,158.694,104.332,107.51,120.324,126.67,143.209,144.403,97.192,78.86,100.784,95.733,152.211,106.386,123.011,104.332,107.51,179.751,152.211,137.852,79.102,106.615,14.93,29.822,104.332,107.51,179.618,136.29,137.103
trikonasana,good,2,20260217_164255.mp4,118.895,115.472,24.151,25.941,24.151,25.941,153.985,159.344,107.561,125.005,122.4,136.535,148.222,145.884,98.543,77.289,101.52,105.334,147.219,116.523,128.054,107.561,125.005,179.796,147.219,145.842,69.96,115.449,24.151,25.941,107.561,125.005,179.696,137.38,150.164
trikonasana,good,2,20260217_164255.mp4,119.669,124.186,20.676,36.562,20.676,36.562,150.871,161.692,126.289,123.532,131.455,134.579,144.944,142.809,88.078,78.67,103.944,96.141,146.139,126.223,132.406,126.289,123.532,179.756,146.139,153.208,78.948,106.37,20.676,36.562,126.289,123.532,179.604,152.943,148.16
trikonasana,good,2,20260217_164255.mp4,120.126,124.926,22.249,32.69,22.249,32.69,151.533,156.389,129.467,125.269,140.895,143.036,141.957,140.577,91.786,85.382,99.65,99.107,145.411,128.588,141.359,129.467,125.269,179.744,145.411,149.367,86.252,102.438,22.249,32.69,129.467,125.269,179.595,149.677,144.081
trikonasana,good,2,20260217_164255.mp4,119.071,126.319,19.52,35.259,19.52,35.259,150.97,158.474,131.386,127.745,141.871,140.295,141.289,140.675,90.277,81.838,96.069,102.885,145.723,130.893,140.51,131.386,127.745,179.744,145.723,152.523,91.372,96.97,19.52,35.259,131.386,127.745,179.586,150.843,148.574
trikonasana,good,2,20260217_164255.mp4,121.462,127.599,18.122,34.269,18.122,34.269,149.333,157.732,132.451,127.68,144.82,142.413,142.142,140.742,91.993,83.227,97.428,100.906,144.823,131.355,143.089,132.451,127.68,179.741,144.823,151.213,90.866,98.948,18.122,34.269,132.451,127.68,179.585,149.982,146.915
trikonasana,good,2,20260217_164255.mp4,124.35,125.063,24.2,22.074,24.2,22.074,153.66,157.78,135.509,140.211,140.705,145.576,143.394,148.33,88.729,85.404,97.885,101.069,140.08,139.453,142.531,135.509,140.211,179.757,140.08,159.791,87.72,104.738,24.2,22.074,135.509,140.211,179.596,155.095,156.847
trikonasana,good,2,20260217_164255.mp4,122.947,123.144,25.028,23.08,25.028,23.08,153.913,158.878,138.303,136.588,138.289,144.283,145.06,148.712,83.727,86.597,97.32,99.857,140.676,138.949,140.414,138.303,136.588,179.751,140.676,160.676,90.019,104.703,25.028,23.08,138.303,136.588,179.597,159.859,153.692
trikonasana,good,2,20260217_164255.mp4,134.446,122.743,22.783,13.603,22.783,13.603,148.894,157.781,140.365,140.747,140.66,140.903,146.898,148.199,86.549,84.917,93.689,98.837,139.658,142.049,140.006,140.365,140.747,179.807,139.658,163.846,80.091,109.664,22.783,13.603,140.365,140.747,179.635,159.99,158.453
trikonasana,good,2,20260217_164255.mp4,128.932,119.783,26.466,17.955,26.466,17.955,155.349,161.489,141.936,136.967,139.082,139.527,146.249,147.822,83.744,84.357,94.77,96.849,138.781,141.035,138.407,141.936,136.967,179.779,138.781,163.857,86.851,109.093,26.466,17.955,141.936,136.967,179.64,162.365,155.643
trikonasana,good,2,20260217_164255.mp4,103.937,132.818,28.898,26.794,28.898,26.794,168.683,146.564,142.602,135.632,140.178,144.48,146.72,152.253,82.431,78.097,98.083,93.721,138.374,140.676,141.433,142.602,135.632,179.766,138.374,161.556,89.51,117.089,28.898,26.794,142.602,135.632,179.645,162.65,151.66
trikonasana,good,2,20260217_164255.mp4,96.182,126.951,47.874,37.937,47.874,37.937,164.477,161.0,141.85,134.048,139.606,147.337,146.689,145.658,86.679,85.091,100.741,93.85,137.487,139.643,142.737,141.85,134.048,179.777,137.487,159.328,102.584,131.859,47.874,37.937,141.85,134.048,179.64,162.715,147.629
trikonasana,good,2,20260217_164255.mp4,129.858,132.023,92.657,49.926,92.657,49.926,168.905,161.603,134.87,126.071,137.151,147.233,151.613,143.839,81.774,85.55,101.611,92.634,138.792,131.937,141.349,134.87,126.071,179.81,138.792,152.027,136.188,135.034,92.657,49.926,134.87,126.071,179.665,158.252,139.614
trikonasana,good,2,20260217_164255.mp4,144.955,131.451,112.462,55.02,112.462,55.02,163.661,159.847,125.26,114.464,137.342,143.358,145.182,144.976,92.001,82.001,102.45,93.762,141.494,121.263,139.523,125.26,114.464,179.847,141.494,142.09,145.263,147.974,112.462,55.02,125.26,114.464,179.706,148.052,131.329
trikonasana,good,2,20260217_164255.mp4,144.294,130.427,107.087,63.875,107.087,63.875,157.58,163.809,114.975,99.737,136.006,134.217,144.278,145.749,96.816,79.083,99.695,95.179,142.184,108.499,134.042,114.975,99.737,179.86,142.184,132.285,142.569,149.815,107.087,63.875,114.975,99.737,179.725,137.924,122.944
trikonasana,good,2,20260217_164255.mp4,144.962,125.758,101.174,67.368,101.174,67.368,146.504,165.364,107.765,93.902,134.204,130.615,145.835,145.274,97.715,76.46,98.562,96.899,146.076,101.698,131.099,107.765,93.902,179.87,146.076,127.244,135.03,148.923,101.174,67.368,107.765,93.902,179.743,131.403,120.109
trikonasana,good,2,20260217_164255.mp4,151.79,126.242,113.494,69.635,113.494,69.635,154.328,167.245,113.305,84.371,130.768,129.867,153.089,149.057,82.198,85.529,93.139,91.263,143.571,99.914,129.15,113.305,84.371,179.87,143.571,126.244,146.845,149.51,113.494,69.635,113.305,84.371,179.744,140.095,109.346
trikonasana,good,2,20260217_164255.mp4,133.045,127.746,98.14,75.324,98.14,75.324,156.449,164.709,111.57,78.985,125.794,125.864,151.83,151.866,79.733,84.748,94.613,90.069,149.719,96.125,124.494,111.57,78.985,179.867,149.719,125.461,139.078,158.451,98.14,75.324,111.57,78.985,179.734,141.67,106.736
trikonasana,good,2,20260217_164255.mp4,142.131,125.294,105.84,78.358,105.84,78.358,158.345,163.878,111.106,87.633,124.916,131.906,148.99,158.772,75.572,80.008,106.364,86.49,152.393,99.923,127.1,111.106,87.633,179.866,152.393,128.986,149.471,158.292,105.84,78.358,111.106,87.633,179.729,142.624,113.496
trikonasana,good,2,20260217_164255.mp4,137.76,125.54,101.065,79.558,101.065,79.558,158.948,163.841,111.428,96.746,127.89,141.334,142.675,159.89,84.688,75.098,119.143,83.794,156.056,104.433,133.381,111.428,96.746,179.873,156.056,129.361,143.721,159.583,101.065,79.558,111.428,96.746,179.734,139.609,117.784
trikonasana,good,2,20260217_164255.mp4,138.685,140.622,98.711,97.32,98.711,97.32,151.252,163.986,109.166,98.679,133.092,145.64,149.594,158.761,82.635,74.705,131.239,76.874,162.554,103.388,138.296,109.166,98.679,179.864,162.554,125.245,169.437,173.344,98.711,97.32,109.166,98.679,179.629,133.059,117.526
trikonasana,good,2,20260217_164255.mp4,139.283,141.095,100.77,101.859,100.77,101.859,153.471,168.161,106.912,97.23,131.09,146.143,148.466,153.459,78.44,77.562,130.961,76.141,164.331,101.425,137.483,106.912,97.23,179.862,164.331,123.802,170.503,169.312,100.77,101.859,106.912,97.23,179.628,132.162,115.622
trikonasana,good,2,20260217_164255.mp4,136.828,143.122,99.415,105.447,99.415,105.447,156.029,168.231,105.164,84.755,128.258,137.191,148.938,153.555,76.324,80.092,129.389,74.348,166.091,94.496,131.69,105.164,84.755,179.864,166.091,119.748,170.629,173.873,99.415,105.447,105.164,84.755,179.617,132.141,107.471
trikonasana,good,2,20260217_164255.mp4,133.887,147.703,98.281,110.406,98.281,110.406,158.308,171.25,102.521,75.245,127.482,126.513,149.079,154.257,78.088,79.977,131.253,72.388,167.34,88.464,126.183,102.521,75.245,179.875,167.34,116.601,168.861,174.015,98.281,110.406,102.521,75.245,179.638,129.836,103.548
trikonasana,good,2,20260217_164255.mp4,140.293,139.825,109.817,100.154,109.817,100.154,164.282,169.798,97.71,63.636,121.673,119.107,148.293,154.576,76.444,84.634,129.407,71.489,166.676,80.788,119.261,97.71,63.636,179.859,166.676,112.255,170.48,171.964,109.817,100.154,97.71,63.636,179.628,128.424,94.711
trikonasana,good,2,20260217_164255.mp4,139.054,143.689,105.857,106.077,105.857,106.077,160.38,170.588,106.468,59.411,127.021,116.255,150.752,155.012,71.739,84.12,127.802,73.346,167.579,82.673,119.883,106.468,59.411,179.863,167.579,113.975,169.372,172.881,105.857,106.077,106.468,59.411,179.63,135.084,90.559
trikonasana,good,2,20260217_164255.mp4,138.047,144.719,104.727,104.379,104.727,104.379,158.038,167.33,107.495,65.819,129.659,118.593,151.159,154.896,71.576,81.033,131.959,74.74,168.659,86.573,123.205,107.495,65.819,179.873,168.659,116.553,164.076,175.116,104.727,104.379,107.495,65.819,179.649,134.376,97.535
trikonasana,good,2,20260217_164255.mp4,139.98,150.034,106.713,112.881,106.713,112.881,161.572,169.894,115.999,56.391,137.78,110.928,151.165,155.468,70.507,81.97,135.615,79.652,170.043,85.481,122.484,115.999,56.391,179.878,170.043,116.002,159.342,175.277,106.713,112.881,115.999,56.391,179.667,138.712,89.962
trikonasana,good,2,20260217_164255.mp4,138.669,150.24,103.903,114.488,103.903,114.488,159.766,170.87,113.166,55.9,135.88,110.384,149.228,155.254,72.522,83.1,136.715,78.703,171.914,83.479,121.1,113.166,55.9,179.876,171.914,114.451,159.81,176.121,103.903,114.488,113.166,55.9,179.674,136.898,89.306
trikonasana,good,2,20260217_164255.mp4,129.498,152.068,92.438,111.369,92.438,111.369,158.598,166.083,118.784,62.002,140.58,114.366,151.087,156.264,70.321,80.798,135.233,85.785,173.071,90.095,126.266,118.784,62.002,179.88,173.071,119.249,167.536,174.995,92.438,111.369,118.784,62.002,179.72,140.137,95.487
trikonasana,good,2,20260217_164255.mp4,132.609,152.362,97.823,112.58,97.823,112.58,158.587,166.524,124.481,53.981,144.985,110.148,150.648,157.942,69.271,83.834,138.964,92.057,172.647,87.823,124.783,124.481,53.981,179.888,172.647,117.308,158.375,172.382,97.823,112.58,124.481,53.981,179.745,143.199,86.664
trikonasana,good,2,20260217_164255.mp4,134.064,150.003,99.548,110.098,99.548,110.098,157.866,165.849,132.499,45.096,149.977,102.847,151.502,160.253,66.02,83.87,144.248,98.79,172.912,85.477,121.162,132.499,45.096,179.886,172.912,117.313,156.22,169.377,99.548,110.098,132.499,45.096,179.752,148.272,78.415
trikonasana,good,2,20260217_164255.mp4,132.544,146.718,99.854,110.098,99.854,110.098,159.641,167.733,123.063,51.531,142.75,105.987,151.24,160.313,67.118,81.842,140.629,89.653,172.432,85.531,121.283,123.063,51.531,179.881,172.432,117.439,160.082,173.872,99.854,110.098,123.063,51.531,179.724,143.32,86.492
trikonasana,good,2,20260217_164612.mp4,159.549,176.155,45.356,25.443,45.356,25.443,129.585,96.295,173.216,79.347,160.324,161.193,153.215,110.685,32.257,100.566,134.54,134.472,150.538,125.237,161.397,173.216,79.347,179.852,150.538,134.121,114.244,60.294,45.356,25.443,173.216,79.347,179.801,175.231,88.254
trikonasana,good,2,20260217_164612.mp4,131.892,163.161,53.872,25.706,53.872,25.706,147.316,98.284,126.011,81.227,139.366,149.731,162.224,146.645,85.651,73.882,110.923,81.362,173.188,97.713,134.979,126.011,81.227,179.801,173.188,121.82,103.992,84.296,53.872,25.706,126.011,81.227,179.509,151.987,95.182
trikonasana,good,2,20260217_164612.mp4,128.803,110.36,53.369,26.611,53.369,26.611,151.852,165.63,85.107,82.202,115.461,110.807,159.359,122.529,81.506,86.207,97.989,76.546,176.706,83.45,112.969,85.107,82.202,179.813,176.706,117.776,100.832,93.068,53.369,26.611,85.107,82.202,179.696,119.384,116.269
trikonasana,good,2,20260217_164612.mp4,119.577,131.329,35.372,31.771,35.372,31.771,155.899,142.883,117.591,95.995,130.778,114.845,157.158,169.948,83.975,75.735,93.501,93.207,166.917,106.445,122.246,117.591,95.995,179.814,166.917,134.42,112.634,83.147,35.372,31.771,117.591,95.995,179.679,141.903,126.179
trikonasana,good,2,20260217_164612.mp4,120.456,131.335,28.732,38.925,28.732,38.925,157.173,155.463,130.591,106.378,130.387,119.102,150.11,160.072,85.199,85.138,90.916,102.157,159.948,118.236,123.79,130.591,106.378,179.806,159.948,147.026,116.373,77.422,28.732,38.925,130.591,106.378,179.715,157.16,135.281
trikonasana,good,2,20260217_164612.mp4,117.776,135.5,17.822,42.541,17.822,42.541,157.151,161.302,159.629,120.18,146.41,118.533,148.708,154.08,80.384,79.973,97.906,103.795,151.542,141.584,132.462,159.629,120.18,179.832,151.542,168.134,115.686,89.072,17.822,42.541,159.629,120.18,179.722,172.389,152.353
trikonasana,good,2,20260217_164612.mp4,123.283,132.014,25.567,37.365,25.567,37.365,157.128,160.72,154.194,135.408,149.412,126.431,150.935,151.677,82.377,77.52,95.374,101.49,152.26,147.353,138.186,154.194,135.408,179.839,152.26,170.823,99.128,95.92,25.567,37.365,154.194,135.408,179.712,166.883,163.846
trikonasana,good,2,20260217_164612.mp4,117.842,128.471,20.224,36.263,20.224,36.263,156.695,160.204,147.895,131.113,144.519,124.62,145.395,154.378,89.099,76.259,99.773,96.717,152.222,141.309,134.418,147.895,131.113,179.834,152.222,166.761,93.912,104.442,20.224,36.263,147.895,131.113,179.699,165.532,160.142
trikonasana,good,2,20260217_164612.mp4,113.684,128.309,22.452,34.721,22.452,34.721,159.533,158.313,138.87,134.082,132.456,126.358,152.952,153.958,83.579,75.826,105.615,89.335,151.785,137.906,129.093,138.87,134.082,179.821,151.785,166.656,92.583,109.94,22.452,34.721,138.87,134.082,179.69,164.775,160.925
trikonasana,good,2,20260217_164612.mp4,117.405,130.244,22.163,37.108,22.163,37.108,155.345,158.125,137.029,145.521,138.098,144.658,145.542,151.545,91.488,79.625,113.03,85.472,154.46,143.309,140.558,137.029,145.521,179.823,154.46,165.147,88.844,114.218,22.163,37.108,137.029,145.521,179.705,157.869,161.096
trikonasana,good,2,20260217_164612.mp4,121.711,131.658,23.953,35.848,23.953,35.848,157.019,155.483,134.405,136.734,142.47,141.353,146.507,150.379,99.464,80.376,116.743,88.828,155.326,138.59,140.794,134.405,136.734,179.847,155.326,159.935,91.022,106.929,23.953,35.848,134.405,136.734,179.73,153.04,153.681
trikonasana,good,2,20260217_164612.mp4,122.999,138.479,19.363,39.646,19.363,39.646,157.995,159.243,154.128,138.589,145.762,137.476,142.875,149.723,90.23,73.586,114.935,91.385,151.136,150.389,140.947,154.128,138.589,179.822,151.136,171.335,97.014,107.583,19.363,39.646,154.128,138.589,179.691,167.613,156.868
trikonasana,good,2,20260217_164612.mp4,118.916,139.346,43.595,49.972,43.595,49.972,174.602,165.065,146.508,130.461,144.444,134.992,143.72,148.538,89.971,85.917,104.366,99.794,155.95,141.072,138.901,146.508,130.461,179.81,155.95,163.662,109.652,96.014,43.595,49.972,146.508,130.461,179.704,162.223,152.304
trikonasana,good,2,20260217_164612.mp4,119.715,133.315,55.697,48.685,55.697,48.685,170.578,162.988,147.807,138.918,147.428,140.641,141.7,145.214,87.665,88.88,102.513,101.709,152.77,146.671,143.293,147.807,138.918,179.81,152.77,166.57,131.419,102.976,55.697,48.685,147.807,138.918,179.692,161.527,156.656
trikonasana,good,2,20260217_164612.mp4,111.177,130.094,86.956,65.645,86.956,65.645,174.596,167.213,152.557,137.467,149.402,144.888,142.493,145.226,88.507,88.943,106.345,98.634,149.669,148.537,146.521,152.557,137.467,179.813,149.669,166.324,169.908,135.734,86.956,65.645,152.557,137.467,179.683,165.858,152.816
trikonasana,good,2,20260217_164612.mp4,138.279,137.447,131.295,79.162,131.295,79.162,172.425,167.051,152.284,133.616,145.859,139.117,142.263,144.821,88.311,89.292,109.728,95.923,143.646,146.069,141.868,152.284,133.616,179.817,143.646,165.718,167.74,155.401,131.295,79.162,152.284,133.616,179.683,168.513,151.32
trikonasana,good,2,20260217_164612.mp4,175.6,130.512,154.525,80.56,154.525,80.56,162.926,156.152,129.716,125.161,144.826,150.869,143.831,150.396,93.511,86.76,111.398,92.559,151.734,129.084,146.883,129.716,125.161,179.876,151.734,145.667,173.453,135.948,154.525,80.56,129.716,125.161,179.718,147.783,138.123
trikonasana,good,2,20260217_164612.mp4,166.185,124.712,77.447,73.46,77.447,73.46,106.842,160.308,110.422,111.545,130.357,143.893,145.072,155.324,84.274,75.46,111.826,93.866,156.786,111.779,136.049,110.422,111.545,179.87,156.786,134.813,111.896,165.956,77.447,73.46,110.422,111.545,179.709,136.602,129.32
trikonasana,good,2,20260217_164612.mp4,150.258,131.018,84.895,78.443,84.895,78.443,76.159,160.897,94.438,97.155,121.109,133.505,145.299,159.514,83.024,74.858,99.695,103.92,152.57,96.168,126.266,94.438,97.155,179.863,152.57,124.184,92.358,137.981,84.895,78.443,94.438,97.155,179.766,125.567,120.24
trikonasana,good,2,20260217_164612.mp4,139.951,140.778,116.379,89.587,116.379,89.587,114.331,161.011,103.431,100.785,131.32,133.618,159.284,162.353,73.005,69.843,105.599,93.986,110.836,102.821,131.579,103.431,100.785,179.892,110.836,129.653,112.151,115.498,116.379,89.587,103.431,100.785,179.821,130.336,126.187
trikonasana,good,2,20260217_164612.mp4,165.055,160.073,93.089,87.313,93.089,87.313,106.905,134.796,100.914,98.714,133.78,125.231,157.645,165.879,69.843,58.677,103.572,88.099,114.326,100.214,128.793,100.914,98.714,179.905,114.326,129.963,87.046,87.676,93.089,87.313,100.914,98.714,179.853,127.606,130.191
trikonasana,good,2,20260217_164612.mp4,105.045,130.521,138.714,87.098,138.714,87.098,155.88,156.046,75.062,89.073,107.615,127.194,153.973,164.109,75.824,63.31,101.53,111.273,135.947,81.917,116.09,75.062,89.073,179.895,135.947,117.39,105.461,115.989,138.714,87.098,75.062,89.073,179.83,114.597,117.879
trikonasana,good,2,20260217_164612.mp4,173.843,140.49,92.305,80.516,92.305,80.516,120.992,151.083,76.588,91.389,110.393,123.998,153.344,162.401,73.51,57.722,99.562,108.58,142.599,83.921,116.228,76.588,91.389,179.907,142.599,119.769,84.685,99.665,92.305,80.516,76.588,91.389,179.852,115.503,122.164
trikonasana,good,2,20260217_164612.mp4,168.69,69.165,91.103,54.371,91.103,54.371,131.82,165.028,82.048,87.589,116.941,122.005,152.6,168.756,74.435,56.17,94.874,102.936,150.221,84.566,118.558,82.048,87.589,179.907,150.221,118.037,89.908,117.182,91.103,54.371,82.048,87.589,179.857,116.529,118.619
trikonasana,good,2,20260217_164612.mp4,169.23,89.034,89.953,42.609,89.953,42.609,132.957,159.404,78.684,87.401,112.814,121.592,154.1,166.849,74.806,61.251,95.014,104.542,149.169,82.465,116.076,78.684,87.401,179.875,149.169,116.351,95.458,134.548,89.953,42.609,78.684,87.401,179.843,115.029,117.2
trikonasana,good,2,20260217_164612.mp4,170.207,164.195,93.69,85.177,93.69,85.177,137.865,137.319,76.013,83.552,112.77,121.579,153.48,163.583,77.603,70.012,91.087,105.644,143.237,79.001,115.708,76.013,83.552,179.869,143.237,111.676,110.338,120.389,93.69,85.177,76.013,83.552,179.839,111.402,111.67
trikonasana,good,2,20260217_164612.mp4,135.552,101.877,134.579,93.401,134.579,93.401,152.868,170.663,83.071,85.118,117.661,127.133,149.114,167.289,83.413,74.539,104.13,98.86,147.434,83.453,121.168,83.071,85.118,179.863,147.434,113.688,111.413,101.953,134.579,93.401,83.071,85.118,179.817,115.882,111.058
trikonasana,good,2,20260217_164612.mp4,174.427,133.78,71.654,89.067,71.654,89.067,97.474,164.399,76.171,93.027,107.328,137.601,152.587,171.451,83.06,80.411,120.976,98.756,156.69,82.138,119.537,76.171,93.027,179.852,156.69,113.344,109.941,141.069,71.654,89.067,76.171,93.027,179.808,112.332,114.769
trikonasana,good,2,20260217_164612.mp4,172.165,140.345,78.511,88.368,78.511,88.368,103.154,160.104,75.751,98.157,106.587,147.694,152.29,165.252,86.458,90.914,131.931,94.625,153.415,82.979,122.367,75.751,98.157,179.86,153.415,111.96,121.412,147.384,78.511,88.368,75.751,98.157,179.803,110.512,114.336
trikonasana,good,2,20260217_164612.mp4,177.216,137.72,70.874,84.88,70.874,84.88,103.709,161.307,83.797,116.403,105.205,156.692,153.06,168.856,79.183,79.823,146.51,89.401,152.235,96.459,126.657,83.797,116.403,179.878,152.235,125.879,121.775,163.334,70.874,84.88,83.797,116.403,179.794,122.357,128.501
trikonasana,good,2,20260217_164720.mp4,102.978,149.512,10.75,37.015,10.75,37.015,133.389,125.196,65.332,74.93,122.38,133.947,163.798,161.812,101.641,102.371,99.778,82.113,171.981,70.056,127.929,65.332,74.93,179.796,171.981,96.149,91.739,97.598,10.75,37.015,65.332,74.93,179.733,95.305,96.96
trikonasana,good,2,20260217_164720.mp4,118.467,141.703,25.487,34.279,25.487,34.279,135.245,127.615,77.388,88.664,119.908,142.849,158.639,166.443,98.051,98.173,97.115,85.266,173.866,82.625,130.736,77.388,88.664,179.805,173.866,107.259,104.538,86.715,25.487,34.279,77.388,88.664,179.717,107.16,107.386
trikonasana,good,2,20260217_164720.mp4,127.121,134.125,41.34,36.936,41.34,36.936,138.114,135.052,82.654,86.043,129.18,136.788,160.799,155.605,92.701,92.587,93.449,92.068,176.622,84.508,132.85,82.654,86.043,179.811,176.622,107.229,111.121,78.537,41.34,36.936,82.654,86.043,179.64,107.979,105.975
trikonasana,good,2,20260217_164720.mp4,115.517,128.386,35.542,34.2,35.542,34.2,150.06,135.073,88.347,83.298,129.136,125.543,155.209,155.641,96.448,91.998,112.573,74.054,176.31,86.038,127.074,88.347,83.298,179.814,176.31,112.645,117.799,76.481,35.542,34.2,88.347,83.298,179.636,114.69,109.539
trikonasana,good,2,20260217_164720.mp4,121.345,131.484,29.951,38.399,29.951,38.399,147.201,145.12,106.546,88.458,134.834,114.666,151.559,150.222,93.694,85.36,101.8,85.284,170.535,97.494,124.319,106.546,88.458,179.824,170.535,124.641,112.588,85.873,29.951,38.399,106.546,88.458,179.644,128.57,119.465
trikonasana,good,2,20260217_164720.mp4,117.688,134.073,23.737,40.616,23.737,40.616,157.448,156.106,143.729,111.035,143.005,116.944,148.879,148.947,85.058,79.828,106.577,86.556,159.5,127.661,129.428,143.729,111.035,179.82,159.5,155.303,106.577,93.253,23.737,40.616,143.729,111.035,179.683,163.465,143.389
trikonasana,good,2,20260217_164720.mp4,119.351,135.161,24.997,36.914,24.997,36.914,158.237,153.672,140.739,132.5,135.011,131.113,137.883,147.56,96.419,78.301,105.707,88.796,156.938,137.794,133.13,140.739,132.5,179.807,156.938,163.546,99.653,99.773,24.997,36.914,140.739,132.5,179.695,164.685,158.553
trikonasana,good,2,20260217_164720.mp4,122.634,136.536,19.519,37.86,19.519,37.86,154.161,157.662,135.232,147.719,131.281,143.346,148.016,147.682,99.618,78.304,105.121,89.469,155.401,142.948,136.971,135.232,147.719,179.804,155.401,166.536,92.727,100.697,19.519,37.86,135.232,147.719,179.693,159.558,165.497
trikonasana,good,2,20260217_164720.mp4,124.419,138.194,27.843,40.802,27.843,40.802,161.295,160.554,155.318,141.073,142.087,138.323,145.92,149.345,89.202,79.707,106.713,91.717,152.627,150.963,140.016,155.318,141.073,179.828,152.627,172.965,99.735,98.085,27.843,40.802,155.318,141.073,179.68,168.874,161.64
trikonasana,good,2,20260217_164720.mp4,122.167,142.113,21.39,42.231,21.39,42.231,158.637,160.09,162.612,140.82,146.696,135.873,142.639,147.31,86.061,81.498,101.713,99.654,151.929,154.349,141.331,162.612,140.82,179.823,151.929,175.124,106.707,97.176,21.39,42.231,162.612,140.82,179.701,171.156,161.791
trikonasana,good,2,20260217_164720.mp4,126.634,144.316,17.494,39.748,17.494,39.748,156.742,161.312,164.275,144.775,149.589,137.718,141.93,151.419,85.368,78.793,99.804,100.917,146.771,157.365,143.546,164.275,144.775,179.817,146.771,176.289,108.291,96.386,17.494,39.748,164.275,144.775,179.699,170.702,163.25
trikonasana,good,2,20260217_164720.mp4,127.338,140.177,24.856,37.168,24.856,37.168,159.583,160.374,162.692,151.708,151.488,149.233,140.747,148.32,83.736,86.286,96.633,100.527,148.733,159.888,150.141,162.692,151.708,179.805,148.733,175.331,106.863,92.31,24.856,37.168,162.692,151.708,179.692,171.941,164.309
trikonasana,good,2,20260217_164720.mp4,129.355,140.109,26.217,35.728,26.217,35.728,158.187,160.697,162.733,159.722,152.327,152.519,141.496,147.134,84.369,76.166,100.335,93.989,148.393,164.503,152.278,162.733,159.722,179.806,148.393,177.729,101.314,90.923,26.217,35.728,162.733,159.722,179.688,171.955,167.309
trikonasana,good,2,20260217_164720.mp4,132.065,136.245,27.407,28.752,27.407,28.752,160.521,162.48,164.254,162.325,149.821,150.915,142.155,144.11,83.764,72.099,103.422,89.222,142.835,167.418,150.17,164.254,162.325,179.822,142.835,175.631,100.161,89.654,27.407,28.752,164.254,162.325,179.712,170.87,166.325
trikonasana,good,2,20260217_164720.mp4,130.878,136.568,26.729,29.116,26.729,29.116,161.228,162.185,162.591,161.158,149.86,149.454,139.99,143.74,83.155,72.002,101.436,91.444,143.404,165.905,149.483,162.591,161.158,179.815,143.404,177.187,99.669,90.832,26.729,29.116,162.591,161.158,179.706,169.939,167.5
trikonasana,good,2,20260217_164720.mp4,129.631,134.137,25.783,31.309,25.783,31.309,160.51,162.439,161.552,156.105,149.344,145.759,138.367,144.125,84.684,72.33,100.082,92.212,144.644,162.244,147.426,161.552,156.105,179.803,144.644,178.783,99.183,92.439,25.783,31.309,161.552,156.105,179.702,170.261,167.618
trikonasana,good,2,20260217_164720.mp4,122.556,125.908,40.66,43.356,40.66,43.356,170.896,169.959,159.826,154.105,145.308,147.032,141.176,145.965,81.552,72.398,100.761,93.06,144.935,160.06,145.89,159.826,154.105,179.795,144.935,178.048,115.187,103.701,40.66,43.356,159.826,154.105,179.699,170.486,166.482
trikonasana,good,2,20260217_164720.mp4,124.338,147.893,70.375,89.372,70.375,89.372,169.648,176.355,153.339,145.6,142.217,143.472,142.79,145.339,80.679,76.815,98.541,95.847,146.75,151.908,142.403,153.339,145.6,179.804,146.75,172.151,156.17,124.609,70.375,89.372,153.339,145.6,179.681,169.853,161.629
trikonasana,good,2,20260217_164720.mp4,134.07,157.482,107.385,126.008,107.385,126.008,171.436,172.112,157.002,148.586,143.994,143.03,142.497,145.596,80.578,75.831,99.212,96.907,145.079,155.444,143.211,157.002,148.586,179.804,145.079,175.101,152.309,146.583,107.385,126.008,157.002,148.586,179.676,170.693,164.003
trikonasana,good,2,20260217_164720.mp4,133.238,158.692,105.6,126.178,105.6,126.178,173.628,174.568,159.891,155.957,146.468,149.117,142.823,145.539,79.222,77.032,99.417,97.005,142.67,161.255,147.464,159.891,155.957,179.8,142.67,177.582,154.514,142.354,105.6,126.178,159.891,155.957,179.671,170.69,165.785
trikonasana,good,2,20260217_164720.mp4,135.944,155.438,107.958,122.391,107.958,122.391,176.015,173.102,157.719,153.938,147.105,148.145,141.955,146.077,79.869,77.606,99.069,97.41,146.716,158.988,147.315,157.719,153.938,179.804,146.716,175.91,159.463,138.053,107.958,122.391,157.719,153.938,179.672,170.695,164.873
trikonasana,good,2,20260217_164720.mp4,145.106,149.915,111.42,114.257,111.42,114.257,174.954,175.198,157.099,157.004,144.906,145.432,141.721,146.588,82.473,78.178,98.455,96.988,151.051,160.607,144.82,157.099,157.004,179.824,151.051,177.223,169.799,117.799,111.42,114.257,157.099,157.004,179.679,170.914,164.794
trikonasana,good,2,20260217_164720.mp4,147.683,149.226,105.969,111.407,105.969,111.407,170.338,174.421,154.947,157.583,141.931,145.149,141.863,147.535,82.829,76.082,97.222,98.21,149.163,159.804,143.151,154.947,157.583,179.833,149.163,177.339,177.792,116.435,105.969,111.407,154.947,157.583,179.69,170.618,164.784
trikonasana,good,2,20260217_164720.mp4,150.123,148.195,101.656,109.062,101.656,109.062,170.245,176.004,156.834,155.969,143.087,142.575,141.562,147.489,83.949,75.501,96.467,97.805,146.096,159.828,142.528,156.834,155.969,179.831,146.096,177.2,177.04,117.293,101.656,109.062,156.834,155.969,179.692,171.096,164.819
trikonasana,good,2,20260217_164720.mp4,148.564,147.275,103.061,109.209,103.061,109.209,170.918,175.498,155.68,155.753,144.517,143.655,140.618,146.358,87.633,78.038,96.095,97.607,145.377,158.974,143.802,155.68,155.753,179.834,145.377,177.008,178.498,117.498,103.061,109.209,155.68,155.753,179.699,170.363,165.094
trikonasana,good,2,20260217_164720.mp4,152.357,146.887,108.205,111.385,108.205,111.385,173.035,175.754,154.917,153.689,144.278,144.53,140.64,146.673,88.579,78.286,96.511,97.157,145.064,157.279,144.099,154.917,153.689,179.826,145.064,175.858,172.649,122.141,108.205,111.385,154.917,153.689,179.698,170.052,165.093
trikonasana,good,2,20260217_164720.mp4,152.645,146.659,109.105,110.438,109.105,110.438,173.76,176.322,153.48,156.744,141.638,146.078,140.607,146.732,89.102,79.196,96.249,97.977,145.857,158.328,143.489,153.48,156.744,179.839,145.857,176.685,177.01,114.677,109.105,110.438,153.48,156.744,179.709,169.842,165.119
trikonasana,good,2,20260217_164720.mp4,155.132,145.36,108.555,111.392,108.555,111.392,169.346,174.613,155.98,156.203,142.559,145.431,139.641,147.161,89.251,79.519,96.945,96.376,145.794,159.527,143.633,155.98,156.203,179.84,145.794,175.924,175.132,114.827,108.555,111.392,155.98,156.203,179.709,171.632,163.521
trikonasana,good,2,20260217_164720.mp4,154.015,147.442,117.848,111.87,117.848,111.87,175.367,173.599,152.735,155.545,144.25,149.815,140.089,144.952,88.058,75.332,103.889,91.028,157.354,157.925,146.63,152.735,155.545,179.859,157.354,172.765,167.372,106.028,117.848,111.87,152.735,155.545,179.732,170.638,160.806
trikonasana,good,2,20260217_164720.mp4,164.045,134.067,134.725,91.323,134.725,91.323,172.892,166.553,148.878,154.886,143.74,155.576,142.547,143.849,93.583,76.237,110.04,90.772,146.355,156.556,149.047,148.878,154.886,179.881,146.355,167.987,167.471,109.54,134.725,91.323,148.878,154.886,179.781,167.617,155.734
trikonasana,good,2,20260217_164720.mp4,171.531,126.538,148.615,74.281,148.615,74.281,168.331,173.561,130.075,137.016,132.275,148.656,143.616,145.784,89.775,77.945,107.557,93.878,135.088,135.321,139.451,130.075,137.016,179.901,135.088,154.441,170.913,115.947,148.615,74.281,130.075,137.016,179.796,154.969,147.342
trikonasana,good,2,20260217_164720.mp4,175.587,129.072,153.429,70.475,153.429,70.475,166.814,166.069,115.414,117.049,131.463,146.23,145.559,144.801,93.027,78.2,104.817,96.934,129.926,117.319,137.614,115.414,117.049,179.907,129.926,137.925,169.271,129.247,153.429,70.475,115.414,117.049,179.814,139.609,131.927
trikonasana,good,2,20260217_164720.mp4,153.142,135.778,138.381,75.281,138.381,75.281,152.131,168.63,92.938,114.066,109.511,150.041,151.376,148.57,87.632,78.199,116.608,106.315,127.911,102.425,125.684,92.938,114.066,179.903,127.911,128.569,150.723,132.094,138.381,75.281,92.938,114.066,179.811,126.005,126.518
trikonasana,good,2,20260217_164720.mp4,141.887,146.85,118.296,79.227,118.296,79.227,105.298,162.024,71.975,118.202,91.151,151.657,159.581,152.496,83.545,74.315,134.658,114.015,123.074,85.838,109.019,71.975,118.202,179.893,123.074,121.127,140.696,136.373,118.296,79.227,71.975,118.202,179.818,106.736,131.409
trikonasana,good,2,20260217_164720.mp4,167.776,141.786,104.253,81.311,104.253,81.311,107.036,166.256,75.098,120.185,97.879,163.646,157.339,150.073,83.799,74.673,138.233,113.974,125.585,91.681,122.52,75.098,120.185,179.905,125.585,120.999,126.809,136.338,104.253,81.311,75.098,120.185,179.836,110.873,127.0
trikonasana,good,2,20260217_164720.mp4,170.105,146.133,101.147,94.576,101.147,94.576,104.883,162.525,80.724,84.99,103.321,143.136,158.489,150.717,83.752,78.601,113.818,106.55,134.176,80.11,118.769,80.724,84.99,179.899,134.176,110.241,138.141,141.917,101.147,94.576,80.724,84.99,179.819,116.298,103.935
trikonasana,good,2,20260217_164720.mp4,157.13,140.2,118.864,98.201,118.864,98.201,146.293,169.698,92.515,82.093,105.817,143.199,161.081,150.202,71.393,78.567,112.325,97.394,147.092,87.092,121.454,92.515,82.093,179.905,147.092,117.051,158.342,139.201,118.864,98.201,92.515,82.093,179.812,131.693,100.589
trikonasana,good,2,20260217_164720.mp4,154.631,145.965,122.992,99.494,122.992,99.494,156.033,167.297,98.011,83.816,116.823,141.806,160.562,151.343,77.236,82.473,115.063,92.024,154.885,90.3,127.2,98.011,83.816,179.895,154.885,117.537,167.721,141.371,122.992,99.494,98.011,83.816,179.81,129.841,104.815
trikonasana,good,2,20260217_164720.mp4,152.692,149.792,122.788,101.637,122.788,101.637,158.973,162.723,100.854,86.705,121.188,146.439,164.227,152.382,76.639,84.787,118.926,89.697,159.952,92.534,131.673,100.854,86.705,179.895,159.952,117.279,173.818,146.186,122.788,101.637,100.854,86.705,179.808,129.589,105.502
trikonasana,good,2,20260217_164720.mp4,142.376,152.351,114.886,101.878,114.886,101.878,162.916,160.366,104.416,89.667,125.577,148.905,166.549,156.241,73.672,84.222,123.27,84.723,161.028,95.734,135.431,104.416,89.667,179.888,161.028,118.465,169.852,150.756,114.886,101.878,104.416,89.667,179.796,130.99,106.886
trikonasana,good,2,20260217_164720.mp4,147.902,148.13,121.244,99.279,121.244,99.279,161.763,164.584,104.443,98.691,124.502,156.772,165.966,157.377,71.526,81.519,129.718,85.72,161.152,100.048,138.514,104.443,98.691,179.892,161.152,121.135,173.634,150.266,121.244,99.279,104.443,98.691,179.799,131.643,111.322
trikonasana,good,2,20260217_164720.mp4,152.317,149.173,125.525,98.654,125.525,98.654,163.718,162.205,101.169,98.409,123.476,161.922,165.325,158.865,74.154,84.773,128.442,87.864,162.597,98.079,140.185,101.169,98.409,179.89,162.597,118.193,178.555,150.032,125.525,98.654,101.169,98.409,179.797,128.97,108.018
trikonasana,good,2,20260217_164720.mp4,148.644,147.539,119.156,102.042,119.156,102.042,159.112,164.583,100.282,94.828,121.951,156.941,166.108,159.201,73.673,82.483,125.207,90.134,163.544,95.494,137.056,100.282,94.828,179.89,163.544,117.44,176.278,154.16,119.156,102.042,100.282,94.828,179.793,128.668,107.433
trikonasana,good,2,20260217_164720.mp4,147.78,148.688,119.436,102.079,119.436,102.079,161.351,163.662,102.046,88.474,122.77,150.07,168.642,158.623,71.498,83.228,120.717,87.744,163.54,93.813,134.423,102.046,88.474,179.89,163.54,117.104,175.557,153.018,119.436,102.079,102.046,88.474,179.79,130.018,105.064
trikonasana,good,2,20260217_164720.mp4,149.637,148.639,120.337,102.975,120.337,102.975,161.038,163.439,100.736,89.156,123.989,150.331,167.615,157.546,75.858,83.281,120.285,88.25,164.223,93.57,135.184,100.736,89.156,179.89,164.223,116.65,175.625,149.329,120.337,102.975,100.736,89.156,179.791,128.261,105.745
trikonasana,good,2,20260217_164720.mp4,150.288,147.269,120.83,101.62,120.83,101.62,161.995,163.677,98.319,93.642,120.267,155.063,169.99,158.039,72.89,82.408,121.683,93.377,163.504,94.238,135.341,98.319,93.642,179.89,163.504,117.355,174.071,148.753,120.83,101.62,98.319,93.642,179.797,128.009,107.413
trikonasana,good,2,20260217_164720.mp4,152.014,146.621,122.286,99.006,122.286,99.006,162.275,163.423,96.581,98.547,122.049,160.956,167.496,157.992,78.78,82.252,125.032,95.514,163.209,95.485,138.998,96.581,98.547,179.892,163.209,116.557,174.701,149.926,122.286,99.006,96.581,98.547,179.802,124.893,108.96
trikonasana,good,2,20260217_164720.mp4,151.992,148.903,121.822,100.961,121.822,100.961,161.817,163.647,97.059,99.263,121.077,161.133,168.445,158.164,77.608,82.823,126.134,95.166,163.459,95.826,138.432,97.059,99.263,179.895,163.459,117.32,175.754,149.611,121.822,100.961,97.059,99.263,179.802,125.847,109.736
trikonasana,good,2,20260217_164720.mp4,150.876,148.099,121.649,100.621,121.649,100.621,161.857,163.252,97.434,97.836,121.264,159.257,167.815,158.425,78.553,82.967,125.189,94.967,162.92,95.36,137.633,97.434,97.836,179.895,162.92,117.378,175.489,150.21,121.649,100.621,97.434,97.836,179.801,126.21,109.476
trikonasana,good,2,20260222_165021.mp4,131.125,137.019,19.765,29.403,19.765,29.403,145.937,152.546,125.581,136.123,126.47,139.548,162.197,165.147,80.92,76.817,85.986,92.388,148.818,130.853,132.954,125.581,136.123,179.819,148.818,156.081,96.04,90.762,19.765,29.403,125.581,136.123,179.706,154.388,157.63
trikonasana,good,2,20260222_165021.mp4,137.296,133.989,20.608,26.601,20.608,26.601,138.857,152.142,126.222,134.932,133.84,142.299,158.92,160.769,87.886,84.433,85.559,93.415,149.036,130.577,138.057,126.222,134.932,179.824,149.036,152.601,89.98,94.643,20.608,26.601,126.222,134.932,179.707,150.611,154.56
trikonasana,good,2,20260222_165021.mp4,140.203,138.377,20.462,26.624,20.462,26.624,138.435,149.218,128.191,134.191,140.729,147.885,154.276,152.71,99.061,95.431,86.759,95.637,146.389,131.29,144.262,128.191,134.191,179.831,146.389,149.498,89.431,95.468,20.462,26.624,128.191,134.191,179.715,148.32,150.212
trikonasana,good,2,20260222_165021.mp4,141.186,139.406,19.829,24.57,19.829,24.57,138.644,150.764,135.322,132.887,151.649,153.076,153.573,152.503,102.697,102.987,91.856,96.444,142.318,134.704,152.129,135.322,132.887,179.839,142.318,148.501,84.983,98.859,19.829,24.57,135.322,132.887,179.72,149.538,145.21
trikonasana,good,2,20260222_165021.mp4,141.9,139.507,19.747,25.493,19.747,25.493,137.476,150.829,138.096,130.377,155.251,153.55,154.143,151.732,101.611,105.176,88.464,104.201,142.29,135.419,153.94,138.096,130.377,179.833,142.29,148.537,91.561,94.468,19.747,25.493,138.096,130.377,179.726,150.523,142.541
trikonasana,good,2,20260222_165021.mp4,142.014,137.415,20.995,25.766,20.995,25.766,141.182,151.372,136.854,134.581,157.082,157.036,151.035,150.323,106.121,99.075,95.56,95.999,141.074,136.76,156.867,136.854,134.581,179.836,141.074,148.498,90.768,94.767,20.995,25.766,136.854,134.581,179.732,147.951,145.653
trikonasana,good,2,20260222_165021.mp4,141.597,139.447,20.496,27.136,20.496,27.136,140.709,151.872,135.909,137.198,158.565,158.501,152.134,148.106,107.546,98.703,100.098,96.656,140.006,138.2,158.254,135.909,137.198,179.838,140.006,149.292,89.668,96.543,20.496,27.136,135.909,137.198,179.737,146.291,147.401
trikonasana,good,2,20260222_165021.mp4,135.075,139.654,20.039,28.172,20.039,28.172,144.401,151.48,131.27,135.43,158.329,156.3,149.11,152.739,113.588,99.139,111.824,94.092,140.722,136.041,156.693,131.27,135.43,179.836,140.722,147.854,85.804,102.614,20.039,28.172,131.27,135.43,179.744,140.2,146.423
trikonasana,good,2,20260222_165021.mp4,133.09,136.575,15.682,26.622,15.682,26.622,150.992,155.901,122.872,118.941,132.638,136.47,142.88,150.012,96.333,94.946,114.182,103.362,134.65,124.382,133.453,122.872,118.941,179.828,134.65,148.625,94.57,95.611,15.682,26.622,122.872,118.941,179.727,147.046,139.723
trikonasana,good,2,20260222_165021.mp4,130.205,139.339,14.692,22.484,14.692,22.484,152.37,149.091,138.961,120.964,145.019,128.826,145.067,149.272,93.854,89.606,113.168,99.198,133.854,132.664,135.307,138.961,120.964,179.815,133.854,156.795,95.766,95.132,14.692,22.484,138.961,120.964,179.732,156.329,145.715
trikonasana,good,2,20260222_165021.mp4,132.419,131.288,20.618,25.639,20.618,25.639,148.16,153.576,141.594,118.741,146.412,134.838,143.836,143.555,92.994,92.918,105.988,103.898,135.308,132.506,138.549,141.594,118.741,179.832,135.308,154.566,107.664,84.719,20.618,25.639,141.594,118.741,179.72,156.628,140.214
trikonasana,good,2,20260222_165021.mp4,132.013,132.839,24.466,28.002,24.466,28.002,150.746,153.686,135.009,122.085,146.131,137.07,144.052,143.37,96.01,95.236,102.936,105.3,138.151,130.807,140.093,135.009,122.085,179.825,138.151,151.701,103.27,86.619,24.466,28.002,135.009,122.085,179.72,150.473,142.827
trikonasana,good,2,20260222_165021.mp4,128.859,134.292,19.656,28.866,19.656,28.866,151.391,158.391,138.097,127.051,145.539,140.681,141.645,145.162,94.591,95.661,100.736,104.821,137.602,135.002,141.92,138.097,127.051,179.828,137.602,154.818,99.218,88.774,19.656,28.866,138.097,127.051,179.718,152.857,146.075
trikonasana,good,2,20260222_165021.mp4,130.775,133.47,20.791,28.362,20.791,28.362,151.464,158.708,139.703,130.843,146.66,145.599,142.721,146.417,97.217,95.417,101.439,102.23,138.156,137.87,145.128,139.703,130.843,179.826,138.156,155.861,99.031,88.656,20.791,28.362,139.703,130.843,179.719,153.372,147.318
trikonasana,good,2,20260222_165021.mp4,136.024,131.927,22.993,23.024,22.993,23.024,149.906,154.719,141.658,131.51,148.092,144.366,139.852,147.198,96.616,93.199,97.011,100.104,136.708,139.396,145.223,141.658,131.51,179.838,136.708,157.36,94.429,92.559,22.993,23.024,141.658,131.51,179.744,154.511,148.441
trikonasana,good,2,20260222_165021.mp4,143.515,129.672,28.203,20.425,28.203,20.425,147.796,156.775,137.492,132.817,147.691,145.472,140.526,144.912,98.61,84.105,94.289,99.063,137.244,137.905,145.62,137.492,132.817,179.863,137.244,155.624,91.061,97.696,28.203,20.425,137.492,132.817,179.786,151.112,149.104
trikonasana,good,2,20260222_165021.mp4,142.703,126.937,27.507,17.792,27.507,17.792,147.782,155.375,137.438,134.189,149.656,146.588,141.152,144.577,101.154,80.488,95.12,98.235,136.962,138.688,147.237,137.438,134.189,179.867,136.962,155.515,88.929,101.101,27.507,17.792,137.438,134.189,179.793,149.983,149.772
trikonasana,good,2,20260222_165021.mp4,140.097,126.387,25.671,17.034,25.671,17.034,149.457,155.436,137.856,136.119,149.068,147.52,141.899,143.99,100.946,79.533,96.857,97.892,136.904,139.89,147.428,137.856,136.119,179.867,136.904,156.673,85.695,103.967,25.671,17.034,137.856,136.119,179.789,150.474,150.898
trikonasana,good,2,20260222_165021.mp4,142.885,129.928,26.178,21.11,26.178,21.11,146.202,155.348,137.594,137.344,147.934,148.286,141.605,143.841,99.838,77.779,98.506,97.82,139.089,140.197,147.282,137.594,137.344,179.863,139.089,157.203,83.903,103.917,26.178,21.11,137.594,137.344,179.79,150.951,151.556
trikonasana,good,2,20260222_165021.mp4,141.875,133.634,26.04,24.829,26.04,24.829,147.601,155.365,138.125,137.376,148.288,148.654,140.85,143.699,98.714,78.832,99.074,97.406,143.702,140.502,147.647,138.125,137.376,179.86,143.702,157.271,83.519,101.118,26.04,24.829,138.125,137.376,179.785,151.413,151.155
trikonasana,good,2,20260222_165021.mp4,147.279,132.569,29.002,27.155,29.002,27.155,146.379,157.34,142.669,138.933,148.441,146.666,142.437,143.255,95.687,75.734,100.791,95.576,148.497,143.802,146.716,142.669,138.933,179.848,148.497,161.402,87.345,99.686,29.002,27.155,142.669,138.933,179.781,155.583,153.547
trikonasana,good,2,20260222_165021.mp4,141.267,130.951,31.985,30.79,31.985,30.79,153.522,164.392,148.727,141.235,151.637,148.002,142.848,142.958,95.407,76.818,102.104,93.225,150.275,148.567,149.08,148.727,141.235,179.836,150.275,164.861,94.987,101.514,31.985,30.79,148.727,141.235,179.778,158.97,154.719
trikonasana,good,2,20260222_165021.mp4,132.334,132.263,40.636,46.578,40.636,46.578,163.479,169.744,148.371,142.189,149.465,151.536,143.688,144.288,94.929,79.359,103.428,95.445,150.113,148.877,149.702,148.371,142.189,179.823,150.113,164.653,110.134,107.816,40.636,46.578,148.371,142.189,179.759,159.553,153.709
trikonasana,good,2,20260222_165021.mp4,125.322,135.829,55.7,54.838,55.7,54.838,165.809,163.608,142.314,145.957,146.853,155.113,144.233,143.585,99.488,80.103,105.579,98.943,150.329,147.446,150.178,142.314,145.957,179.826,150.329,162.806,128.509,123.548,55.7,54.838,142.314,145.957,179.759,155.469,155.365
trikonasana,good,2,20260222_165021.mp4,124.315,136.831,72.68,71.184,72.68,71.184,166.659,162.387,139.146,143.243,146.433,155.252,143.337,145.18,101.342,77.179,104.251,100.9,151.444,144.156,150.06,139.146,143.243,179.826,151.444,159.383,150.044,140.747,72.68,71.184,139.146,143.243,179.752,152.717,153.031
trikonasana,good,2,20260222_165021.mp4,130.349,138.878,92.645,88.031,92.645,88.031,159.193,161.91,136.651,140.993,146.48,155.797,142.489,141.055,102.952,81.355,104.125,101.637,150.152,141.516,150.359,136.651,140.993,179.82,150.152,156.43,172.839,153.858,92.645,88.031,136.651,140.993,179.748,150.317,150.904
trikonasana,good,2,20260222_165021.mp4,128.252,142.282,102.772,100.185,102.772,100.185,165.69,163.178,134.77,140.769,145.092,160.167,142.462,140.526,100.649,84.47,104.775,101.562,151.029,140.336,151.922,134.77,140.769,179.822,151.029,154.466,168.146,160.622,102.772,100.185,134.77,140.769,179.741,149.515,148.689
trikonasana,good,2,20260222_165021.mp4,126.102,136.974,99.394,96.851,99.394,96.851,164.501,164.405,135.861,142.966,146.229,161.939,141.878,141.094,101.788,85.999,105.334,101.183,148.995,142.237,153.43,135.861,142.966,179.828,148.995,155.58,169.651,159.364,99.394,96.851,135.861,142.966,179.741,150.0,149.886
trikonasana,good,2,20260222_165021.mp4,131.164,137.279,94.803,89.749,94.803,89.749,163.327,164.265,136.159,145.286,147.371,166.096,140.985,141.63,102.674,88.473,107.089,100.325,148.244,143.785,156.193,136.159,145.286,179.83,148.244,155.683,174.028,153.615,94.803,89.749,136.159,145.286,179.741,149.943,150.02
trikonasana,good,2,20260222_165021.mp4,134.821,137.263,95.939,89.859,95.939,89.859,164.122,168.785,135.759,146.619,147.744,165.428,140.051,142.334,102.716,89.937,107.61,98.78,150.769,144.339,156.135,135.759,146.619,179.848,150.769,156.278,159.093,136.191,95.939,89.859,135.759,146.619,179.744,149.567,150.946
trikonasana,good,2,20260222_165021.mp4,141.578,138.759,96.375,91.463,96.375,91.463,163.692,170.966,137.493,148.494,147.688,165.298,139.873,142.397,103.135,89.927,108.026,98.011,150.167,146.475,156.108,137.493,148.494,179.857,150.167,158.378,159.481,130.001,96.375,91.463,137.493,148.494,179.745,151.19,152.156
trikonasana,good,2,20260222_165021.mp4,143.967,139.822,98.212,92.837,98.212,92.837,162.16,170.24,138.048,148.015,148.529,167.052,140.711,144.717,104.735,90.495,108.833,97.144,148.556,146.607,157.489,138.048,148.015,179.855,148.556,157.738,162.7,132.741,98.212,92.837,138.048,148.015,179.747,151.268,151.016
trikonasana,good,2,20260222_165021.mp4,145.95,141.535,101.168,94.497,101.168,94.497,163.428,170.361,139.339,144.683,148.387,164.551,140.933,144.703,104.628,89.406,107.73,96.238,145.359,145.48,156.015,139.339,144.683,179.856,145.359,157.325,163.903,133.258,101.168,94.497,139.339,144.683,179.747,152.685,148.967
trikonasana,good,2,20260222_165021.mp4,153.92,139.251,105.454,88.803,105.454,88.803,161.376,165.503,139.17,142.725,150.723,167.147,143.552,144.772,107.313,92.252,109.719,95.428,137.851,144.442,158.819,139.17,142.725,179.857,137.851,154.72,161.565,140.334,105.454,88.803,139.17,142.725,179.76,151.793,145.546
trikonasana,good,2,20260222_165021.mp4,155.129,138.486,107.003,78.7,107.003,78.7,161.421,171.635,135.863,137.333,147.646,163.41,142.715,144.677,104.131,88.501,111.294,92.744,134.146,139.724,155.084,135.863,137.333,179.88,134.146,151.751,153.83,130.595,107.003,78.7,135.863,137.333,179.772,151.099,141.457
trikonasana,good,2,20260222_165021.mp4,156.236,130.637,114.119,67.747,114.119,67.747,161.04,163.006,122.911,136.144,141.368,156.254,147.353,143.179,105.129,80.185,118.651,95.655,129.397,132.084,147.312,122.911,136.144,179.897,129.397,148.494,152.239,135.707,114.119,67.747,122.911,136.144,179.811,141.948,144.144
trikonasana,good,2,20260222_165021.mp4,159.921,128.341,120.735,64.477,120.735,64.477,158.663,164.855,127.074,130.814,142.567,151.709,149.583,142.679,105.198,77.031,123.159,88.939,122.803,131.351,145.177,127.074,130.814,179.892,122.803,148.51,157.467,146.524,120.735,64.477,127.074,130.814,179.813,145.886,140.955
trikonasana,good,2,20260222_165021.mp4,166.167,128.037,124.002,67.038,124.002,67.038,151.207,170.444,123.602,115.821,137.326,141.763,151.567,141.491,99.139,79.394,115.747,89.559,117.591,122.041,137.471,123.602,115.821,179.907,117.591,143.056,156.921,142.341,124.002,67.038,123.602,115.821,179.824,145.86,131.991
trikonasana,good,2,20260222_165021.mp4,164.753,129.546,125.31,70.695,125.31,70.695,160.897,173.658,124.831,98.574,134.291,134.3,153.836,147.883,91.384,85.315,104.607,88.63,115.531,114.133,132.673,124.831,98.574,179.907,115.531,136.927,157.359,142.807,125.31,70.695,124.831,98.574,179.82,149.225,118.495
trikonasana,good,2,20260222_165021.mp4,165.703,134.706,122.732,81.674,122.732,81.674,155.767,173.039,120.503,93.559,134.114,139.65,151.658,149.245,90.48,88.039,106.651,88.304,115.312,109.35,135.179,120.503,93.559,179.909,115.312,130.939,152.799,135.893,122.732,81.674,120.503,93.559,179.823,145.008,111.352
trikonasana,good,2,20260222_165021.mp4,168.326,136.037,120.114,84.265,120.114,84.265,150.547,173.028,119.921,103.431,131.908,150.651,152.658,151.332,86.2,82.856,120.45,86.51,113.802,113.48,139.264,119.921,103.431,179.901,113.802,133.064,153.543,138.878,120.114,84.265,119.921,103.431,179.818,145.72,116.18
trikonasana,good,2,20260222_165021.mp4,178.261,140.866,111.931,90.532,111.931,90.532,137.395,171.887,113.932,97.762,133.151,149.822,153.054,151.915,78.812,81.326,119.025,88.255,112.993,107.145,139.611,113.932,97.762,179.899,112.993,126.81,145.889,134.085,111.931,90.532,113.932,97.762,179.812,138.661,111.726
trikonasana,good,2,20260222_165021.mp4,176.869,144.213,110.8,96.537,110.8,96.537,141.207,174.788,110.506,105.927,137.814,161.384,151.918,151.782,86.287,81.187,126.652,90.278,114.935,109.019,148.04,110.506,105.927,179.892,114.935,123.833,146.292,128.973,110.8,96.537,110.506,105.927,179.809,131.669,113.618
trikonasana,good,2,20260222_165021.mp4,174.685,157.689,111.249,106.891,111.249,106.891,153.235,170.068,106.626,104.541,144.409,165.638,151.122,154.288,96.191,86.29,131.007,88.242,119.227,106.606,153.396,106.626,104.541,179.907,119.227,117.901,144.409,115.561,111.249,106.891,106.626,104.541,179.824,123.274,109.361
trikonasana,good,2,20260222_165021.mp4,172.576,149.551,115.467,105.477,115.467,105.477,155.19,175.159,103.203,87.803,136.144,160.36,150.058,154.424,88.976,91.146,117.533,91.851,125.765,96.77,146.285,103.203,87.803,179.907,125.765,111.24,150.75,119.216,115.467,105.477,103.203,87.803,179.838,123.921,95.227
trikonasana,good,2,20260222_165021.mp4,164.126,144.732,113.629,107.277,113.629,107.277,163.108,176.333,95.225,85.253,124.408,159.52,151.643,153.303,84.447,87.968,116.21,101.599,141.262,90.017,138.768,95.225,85.253,179.905,141.262,108.493,152.401,125.808,113.629,107.277,95.225,85.253,179.856,121.213,94.12
trikonasana,good,2,20260222_165021.mp4,165.676,147.338,114.976,109.607,114.976,109.607,165.665,172.756,94.497,85.234,126.599,161.723,153.289,147.164,83.455,84.771,117.125,98.928,149.479,89.136,141.142,94.497,85.234,179.905,149.479,107.037,158.633,125.694,114.976,109.607,94.497,85.234,179.852,120.203,93.192
trikonasana,good,2,20260222_165021.mp4,164.477,147.677,113.511,107.332,113.511,107.332,162.65,168.369,96.329,89.08,126.749,166.157,157.98,148.272,73.268,83.644,121.163,98.521,151.242,91.756,143.358,96.329,89.08,179.905,151.242,108.759,158.941,131.591,113.511,107.332,96.329,89.08,179.847,122.203,94.871
trikonasana,good,2,20260222_165021.mp4,157.911,146.585,113.806,101.66,113.806,101.66,162.018,166.418,99.114,92.11,125.962,166.553,160.744,149.994,74.837,84.588,123.944,94.09,159.908,94.264,143.095,99.114,92.11,179.899,159.908,112.63,170.201,150.725,113.806,101.66,99.114,92.11,179.834,127.457,98.092
trikonasana,good,2,20260222_165021.mp4,154.304,147.291,113.504,101.083,113.504,101.083,160.562,165.29,100.962,88.619,128.546,159.454,162.163,150.372,75.703,82.479,123.907,89.315,165.645,93.835,141.282,100.962,88.619,179.89,165.645,113.161,176.792,155.562,113.504,101.083,100.962,88.619,179.809,128.082,98.224
trikonasana,good,2,20260222_165021.mp4,151.536,145.37,112.593,98.003,112.593,98.003,162.547,164.18,100.603,91.286,129.14,160.19,156.861,150.713,73.095,82.006,126.258,88.752,166.355,95.062,142.126,100.603,91.286,179.893,166.355,114.015,173.156,156.234,112.593,98.003,100.603,91.286,179.808,127.475,100.389
trikonasana,good,2,20260222_165021.mp4,147.943,148.131,113.269,101.687,113.269,101.687,167.792,166.116,102.613,89.416,130.625,160.342,161.704,147.51,76.657,80.938,125.083,90.089,163.886,95.307,143.242,102.613,89.416,179.895,163.886,113.158,171.636,153.385,113.269,101.687,102.613,89.416,179.805,128.203,98.035
trikonasana,good,2,20260222_165021.mp4,155.475,146.149,116.981,100.307,116.981,100.307,163.758,169.237,101.439,88.122,130.696,159.855,163.592,148.536,75.117,81.469,125.144,88.99,163.498,94.174,142.815,101.439,88.122,179.899,163.498,112.361,171.762,150.001,116.981,100.307,101.439,88.122,179.813,126.862,97.405
trikonasana,good,2,20260222_165021.mp4,156.086,143.929,118.319,78.641,118.319,78.641,163.125,155.822,99.292,85.788,132.333,161.158,164.618,149.743,82.52,83.454,125.786,89.129,162.47,91.787,144.148,99.292,85.788,179.903,162.47,109.518,172.974,171.944,118.319,78.641,99.292,85.788,179.818,123.389,95.216
trikonasana,good,2,20260222_165021.mp4,155.788,140.332,117.697,70.672,117.697,70.672,161.284,151.592,102.36,86.206,135.458,160.091,165.294,148.049,81.968,83.593,125.351,86.618,162.311,93.817,145.624,102.36,86.206,179.905,162.311,110.648,172.33,175.784,117.697,70.672,102.36,86.206,179.821,125.198,95.552
trikonasana,good,2,20260222_165021.mp4,155.061,144.552,117.08,97.15,117.08,97.15,161.517,165.178,101.024,89.689,135.405,163.246,165.316,149.095,84.246,82.953,127.498,87.594,164.427,94.592,147.321,101.024,89.689,179.901,164.427,110.811,175.38,158.259,117.08,97.15,101.024,89.689,179.818,124.23,97.404
trikonasana,good,2,20260222_165021.mp4,151.898,139.399,116.187,87.208,116.187,87.208,164.18,159.358,104.459,85.695,142.346,161.106,163.688,149.751,89.171,84.063,124.665,85.166,166.93,94.423,150.235,104.459,85.695,179.905,166.93,109.386,178.652,175.219,116.187,87.208,104.459,85.695,179.801,124.259,94.701
trikonasana,good,2,20260222_165021.mp4,153.844,151.118,118.32,90.62,118.32,90.62,164.764,154.227,104.703,84.259,139.676,163.408,166.161,151.675,88.838,85.38,122.782,87.086,165.687,94.068,149.488,104.703,84.259,179.899,165.687,109.483,176.204,165.17,118.32,90.62,104.703,84.259,179.802,125.694,92.648
trikonasana,good,2,20260222_165021.mp4,154.834,144.794,118.455,92.208,118.455,92.208,164.197,162.245,99.798,90.917,131.999,166.852,169.131,150.768,85.102,84.681,125.321,93.303,164.724,94.771,146.929,99.798,90.917,179.903,164.724,111.166,170.186,157.473,118.455,92.208,99.798,90.917,179.817,124.411,97.282
trikonasana,good,2,20260222_165021.mp4,155.498,142.079,119.105,91.552,119.105,91.552,164.369,164.425,98.591,89.738,129.461,165.314,166.22,150.815,86.908,84.969,123.688,94.376,164.616,93.287,144.583,98.591,89.738,179.899,164.616,110.867,172.547,159.612,119.105,91.552,98.591,89.738,179.818,124.382,96.979
trikonasana,good,2,20260222_165021.mp4,155.425,147.696,118.397,104.562,118.397,104.562,164.202,168.199,99.127,85.97,129.144,164.204,168.201,151.219,82.064,85.105,120.834,94.043,165.061,91.626,143.767,99.127,85.97,179.905,165.061,109.636,174.012,149.344,118.397,104.562,99.127,85.97,179.819,125.228,93.817
trikonasana,good,2,3.mp4,105.877,168.122,109.161,114.702,109.161,114.702,157.804,160.883,142.659,83.878,176.621,160.591,164.087,170.985,107.684,114.554,140.344,24.011,163.015,101.414,161.465,142.659,83.878,179.926,163.015,112.296,170.232,154.396,109.161,114.702,142.659,83.878,179.853,144.548,94.378
trikonasana,good,2,3.mp4,134.095,142.679,76.706,118.341,76.706,118.341,141.641,171.362,113.533,55.146,129.005,138.089,157.017,3.405,60.971,115.243,93.572,98.024,176.548,80.974,143.346,113.533,55.146,179.923,176.548,104.964,140.791,142.417,76.706,118.341,113.533,55.146,179.851,142.892,88.002
trikonasana,good,2,3.mp4,157.242,128.771,112.463,106.245,112.463,106.245,154.062,168.61,131.313,110.672,134.716,171.23,132.096,80.511,81.565,29.653,142.29,95.11,168.27,125.523,153.451,131.313,110.672,179.912,168.27,134.636,169.207,143.429,112.463,106.245,131.313,110.672,179.89,153.709,115.856
trikonasana,good,2,3.mp4,169.084,116.304,131.512,89.035,131.512,89.035,160.761,166.825,136.863,99.768,138.153,164.4,152.773,162.55,54.145,80.705,141.155,96.842,164.043,119.081,150.632,136.863,99.768,179.899,164.043,129.699,172.159,146.83,131.512,89.035,136.863,99.768,179.893,154.17,107.233
trikonasana,good,2,3.mp4,172.596,118.382,150.844,90.408,150.844,90.408,166.382,158.505,133.821,107.308,128.445,170.454,133.292,149.352,50.815,74.488,147.135,102.979,159.938,118.635,151.717,133.821,107.308,179.873,159.938,127.805,149.259,153.292,150.844,90.408,133.821,107.308,179.892,150.646,112.145
trikonasana,good,2,3.mp4,174.416,121.157,153.927,89.545,153.927,89.545,173.648,161.403,112.111,94.306,91.892,162.415,145.96,163.149,49.384,71.219,151.979,116.642,146.952,100.883,129.179,112.111,94.306,179.901,146.952,116.798,156.936,130.387,153.927,89.545,112.111,94.306,179.899,141.985,102.471
trikonasana,good,2,3.mp4,171.672,132.09,162.258,102.614,162.258,102.614,167.75,166.554,98.054,87.47,83.887,160.082,140.031,146.207,46.868,76.309,151.521,121.748,152.64,86.014,120.377,98.054,87.47,179.909,152.64,114.592,153.818,114.455,162.258,102.614,98.054,87.47,179.907,140.629,98.043
trikonasana,good,2,3.mp4,169.342,132.009,154.805,104.321,154.805,104.321,167.892,168.462,93.374,89.27,86.131,159.834,147.923,144.457,54.069,77.503,151.296,120.468,152.668,83.342,125.345,93.374,89.27,179.909,152.668,110.927,160.099,116.48,154.805,104.321,93.374,89.27,179.907,134.565,97.747
trikonasana,good,2,3.mp4,169.091,130.132,151.031,102.676,151.031,102.676,169.788,174.109,99.589,77.118,93.472,155.319,148.683,118.316,60.945,94.858,141.467,116.533,145.451,79.709,125.017,99.589,77.118,179.918,145.451,107.004,162.5,108.821,151.031,102.676,99.589,77.118,179.905,136.12,88.771
trikonasana,good,2,good.mp4,133.343,135.931,11.577,13.29,11.577,13.29,157.842,162.908,166.065,161.517,145.041,141.776,146.307,147.637,86.532,77.137,101.975,90.568,135.458,167.742,143.11,166.065,161.517,179.853,135.458,171.626,78.928,105.391,11.577,13.29,166.065,161.517,179.769,168.045,164.398
trikonasana,good,2,good.mp4,137.245,132.992,12.465,8.297,12.465,8.297,155.431,162.845,166.16,162.897,146.226,142.211,145.907,147.36,86.818,77.417,101.542,90.457,134.138,168.844,143.924,166.16,162.897,179.86,134.138,171.195,78.59,107.103,12.465,8.297,166.16,162.897,179.776,168.314,163.583
trikonasana,good,2,good.mp4,144.872,133.291,21.563,5.655,21.563,5.655,160.197,162.439,167.094,165.476,148.817,143.28,145.539,147.049,90.443,79.509,99.304,89.551,132.905,171.848,145.752,167.094,165.476,179.89,132.905,169.362,84.702,111.007,21.563,5.655,167.094,165.476,179.807,168.916,160.049
trikonasana,good,2,good.mp4,144.589,133.839,33.769,9.218,33.769,9.218,164.193,162.846,171.466,165.09,147.861,146.661,146.038,146.901,91.023,80.366,101.147,88.606,129.173,175.713,146.938,171.466,165.09,179.893,129.173,164.362,92.331,118.682,33.769,9.218,171.466,165.09,179.82,166.177,155.587
trikonasana,good,2,good.mp4,154.519,137.548,65.654,11.65,65.654,11.65,163.062,162.12,174.984,158.759,143.458,149.221,147.959,147.28,89.198,82.167,106.959,87.387,123.162,172.581,145.911,174.984,158.759,179.907,123.162,157.833,116.8,125.473,65.654,11.65,174.984,158.759,179.834,163.52,147.008
trikonasana,good,2,good.mp4,171.478,135.092,104.951,10.728,104.951,10.728,160.439,161.708,170.665,157.359,136.859,138.1,148.759,150.4,86.542,79.292,103.865,89.372,114.598,168.243,136.964,170.665,157.359,179.912,114.598,157.986,150.065,132.193,104.951,10.728,170.665,157.359,179.856,166.132,145.791
trikonasana,good,2,good.mp4,168.296,136.463,129.803,11.548,129.803,11.548,161.888,161.101,163.336,153.326,140.602,143.578,145.686,150.793,90.302,78.495,112.301,82.149,107.946,161.852,141.64,163.336,153.326,179.929,107.946,160.887,165.434,136.108,129.803,11.548,163.336,153.326,179.862,172.471,146.989
trikonasana,good,2,good.mp4,164.299,128.992,140.752,16.605,140.752,16.605,154.646,163.335,155.528,150.031,139.434,144.808,150.187,150.789,86.384,75.658,114.917,85.179,94.066,156.805,141.422,155.528,150.031,179.931,94.066,157.535,166.734,139.752,140.752,16.605,155.528,150.031,179.881,169.423,142.546
trikonasana,good,2,good.mp4,171.452,139.216,147.982,22.644,147.982,22.644,165.775,162.716,148.054,141.23,135.806,143.212,149.688,152.142,84.505,79.871,112.246,84.187,96.058,148.131,138.799,148.054,141.23,179.944,96.058,154.427,165.018,131.59,147.982,22.644,148.054,141.23,179.872,165.393,137.73
trikonasana,good,2,good.mp4,172.935,124.737,150.762,35.116,150.762,35.116,169.542,170.317,132.155,126.53,128.409,142.572,152.836,154.242,83.128,83.748,113.815,89.53,102.536,132.193,134.496,132.155,126.53,179.934,102.536,147.644,165.557,138.638,150.762,35.116,132.155,126.53,179.87,155.654,134.833
trikonasana,good,2,good.mp4,173.163,123.813,143.892,42.559,143.892,42.559,158.231,170.065,131.016,121.381,130.673,153.339,150.764,155.674,85.948,84.911,124.297,88.15,103.181,130.677,140.974,131.016,121.381,179.934,103.181,141.576,156.145,142.68,143.892,42.559,131.016,121.381,179.878,151.126,126.211
trikonasana,good,2,good.mp4,166.675,139.683,140.8,71.771,140.8,71.771,159.34,164.61,125.728,109.439,131.342,152.075,148.958,156.2,86.708,80.231,125.52,90.573,113.646,121.165,140.214,125.728,109.439,179.923,113.646,134.415,164.034,138.242,140.8,71.771,125.728,109.439,179.864,144.452,119.585
trikonasana,good,2,good.mp4,169.12,139.536,134.051,80.912,134.051,80.912,136.364,167.96,120.372,100.78,130.412,159.361,151.61,159.572,84.075,89.498,128.956,90.25,117.431,114.29,143.656,120.372,100.78,179.918,117.431,126.824,156.51,137.088,134.051,80.912,120.372,100.78,179.853,138.822,109.304
trikonasana,good,2,good.mp4,153.908,143.478,124.062,88.393,124.062,88.393,143.848,165.176,124.936,95.483,126.579,167.538,152.76,160.977,83.185,90.857,137.075,86.152,122.589,112.721,146.064,124.936,95.483,179.907,122.589,121.554,156.042,156.022,124.062,88.393,124.936,95.483,179.805,138.178,100.752
trikonasana,good,2,good.mp4,154.063,143.91,129.682,96.643,129.682,96.643,156.345,163.573,124.838,88.54,131.016,172.931,154.308,160.911,89.834,93.857,135.471,85.638,127.01,109.337,151.11,124.838,88.54,179.905,127.01,116.516,167.531,151.899,129.682,96.643,124.838,88.54,179.807,135.259,91.78
trikonasana,good,2,good.mp4,158.512,143.532,128.625,98.678,128.625,98.678,155.872,162.51,122.623,88.586,132.745,173.273,164.682,150.285,82.532,113.765,137.628,88.397,127.815,108.005,158.624,122.623,88.586,179.909,127.815,112.823,165.44,144.058,128.625,98.678,122.623,88.586,179.837,131.872,87.359
trikonasana,good,2,good.mp4,160.288,144.348,125.827,103.528,125.827,103.528,154.548,165.139,121.777,84.606,138.744,175.107,166.518,158.887,87.352,102.593,134.298,87.926,128.923,104.987,160.997,121.777,84.606,179.912,128.923,109.514,162.688,138.794,125.827,103.528,121.777,84.606,179.853,129.283,84.016
trikonasana,good,2,good.mp4,169.967,148.318,124.257,108.909,124.257,108.909,149.493,167.864,118.717,84.907,141.683,177.679,170.211,156.534,86.622,95.595,130.71,88.226,129.886,104.005,160.482,118.717,84.907,179.918,129.886,109.537,155.215,123.711,124.257,108.909,118.717,84.907,179.867,127.912,85.764
trikonasana,good,2,good.mp4,168.99,148.291,121.499,113.946,121.499,113.946,145.476,168.784,116.914,82.032,142.82,178.391,169.527,156.599,87.42,96.037,129.476,85.067,136.148,100.645,160.567,116.914,82.032,179.921,136.148,106.309,156.372,124.261,121.499,113.946,116.914,82.032,179.862,126.504,82.468
trikonasana,good,2,good.mp4,165.23,149.887,114.754,117.033,114.754,117.033,139.721,165.316,117.433,81.184,152.001,178.908,169.407,154.465,91.767,94.43,125.053,79.089,142.68,98.848,164.98,117.433,81.184,179.912,142.68,103.316,155.054,129.163,114.754,117.033,117.433,81.184,179.86,124.301,81.549
trikonasana,good,2,good.mp4,170.406,152.176,114.852,120.336,114.852,120.336,136.61,166.238,115.438,73.615,150.41,176.137,168.759,153.451,89.854,90.72,124.313,79.881,139.612,95.51,162.579,115.438,73.615,179.916,139.612,100.327,150.532,119.291,114.852,120.336,115.438,73.615,179.864,122.098,75.537
trikonasana,good,2,good.mp4,168.911,152.024,114.676,122.103,114.676,122.103,142.01,164.302,116.98,64.774,156.154,176.511,168.785,152.923,93.332,92.577,127.386,77.699,132.582,93.313,166.851,116.98,64.774,179.918,132.582,96.279,150.41,116.937,114.676,122.103,116.98,64.774,179.864,120.598,66.33
trikonasana,good,2,good.mp4,165.758,152.436,114.788,122.818,114.788,122.818,148.884,166.704,116.248,64.106,160.954,176.187,170.366,154.674,97.107,94.943,127.322,75.493,133.49,91.959,169.905,116.248,64.106,179.921,133.49,94.426,154.426,119.631,114.788,122.818,116.248,64.106,179.864,118.735,65.475
trikonasana,good,2,good.mp4,163.047,148.091,115.146,120.28,115.146,120.28,153.626,166.735,114.696,66.144,157.506,171.918,173.027,154.905,93.292,94.502,122.465,75.783,140.024,90.977,164.534,114.696,66.144,179.918,140.024,95.816,158.438,130.146,115.146,120.28,114.696,66.144,179.86,119.207,70.33
trikonasana,good,2,temp_VID20260218165543.mp4,100.01,119.327,41.244,27.667,41.244,27.667,160.801,97.513,91.441,88.662,98.672,82.417,133.668,150.627,75.437,62.493,92.967,119.597,154.707,88.767,87.663,91.441,88.662,179.863,154.707,152.613,114.383,118.727,41.244,27.667,91.441,88.662,179.657,148.753,151.45
trikonasana,good,2,temp_VID20260218165543.mp4,110.347,123.333,58.938,43.588,58.938,43.588,162.703,80.184,97.76,83.181,114.835,83.579,142.754,150.556,68.844,62.753,86.196,127.921,160.249,87.915,95.612,97.76,83.181,179.876,160.249,145.353,127.104,139.641,58.938,43.588,97.76,83.181,179.635,142.429,145.028
trikonasana,good,2,temp_VID20260218165543.mp4,126.783,163.865,78.909,42.496,78.909,42.496,161.077,69.104,86.496,82.682,110.516,89.754,144.351,150.016,70.14,65.249,81.998,128.359,164.98,82.644,97.703,86.496,82.682,179.888,164.98,137.016,141.441,144.627,78.909,42.496,86.496,82.682,179.637,133.04,140.056
trikonasana,good,2,temp_VID20260218165543.mp4,127.769,169.866,92.824,159.685,92.824,159.685,168.553,173.479,103.822,77.217,124.942,88.087,146.023,149.46,64.014,63.633,101.806,125.669,168.367,88.056,103.169,103.822,77.217,179.864,168.367,141.223,161.557,131.37,92.824,159.685,103.822,77.217,179.717,141.881,137.162
trikonasana,good,2,temp_VID20260218165543.mp4,114.677,165.572,77.287,153.312,77.287,153.312,166.366,168.66,90.664,92.404,114.831,101.66,143.989,159.633,67.088,53.546,98.611,108.85,167.693,90.603,106.817,90.664,92.404,179.864,167.693,140.183,172.591,142.345,77.287,153.312,90.664,92.404,179.789,135.464,143.958
trikonasana,good,2,temp_VID20260218165543.mp4,113.316,158.217,75.802,146.371,75.802,146.371,165.793,171.265,85.519,94.665,113.383,101.441,130.777,151.976,82.544,57.583,95.83,105.585,167.978,89.101,106.151,85.519,94.665,179.872,167.978,138.297,170.695,141.316,75.802,146.371,85.519,94.665,179.803,128.885,147.537
trikonasana,good,2,temp_VID20260218165543.mp4,114.878,153.917,83.482,142.452,83.482,142.452,170.038,174.522,86.662,97.405,112.79,105.362,138.748,154.16,72.1,54.744,93.156,104.916,169.661,91.086,108.142,86.662,97.405,179.885,169.661,140.506,172.067,140.571,83.482,142.452,86.662,97.405,179.821,132.354,148.696
trikonasana,good,2,temp_VID20260218165543.mp4,117.855,149.569,87.509,136.743,87.509,136.743,168.314,174.573,88.707,97.736,113.677,104.075,143.665,156.805,66.731,49.811,90.546,109.228,171.007,92.281,108.006,88.707,97.736,179.878,171.007,143.167,171.879,140.085,87.509,136.743,88.707,97.736,179.806,134.515,151.849
trikonasana,good,2,temp_VID20260218165543.mp4,118.276,151.992,87.811,139.372,87.811,139.372,167.786,176.917,102.595,97.977,126.915,105.01,146.968,157.602,62.406,47.586,89.621,121.331,171.4,99.596,115.423,102.595,97.977,179.878,171.4,145.636,175.569,141.935,87.811,139.372,102.595,97.977,179.822,139.309,152.001
trikonasana,good,2,temp_VID20260218165543.mp4,117.25,152.387,86.655,137.668,86.655,137.668,169.209,174.746,105.723,90.207,131.724,99.919,148.466,158.401,63.379,48.473,96.945,123.53,170.802,97.018,115.096,105.723,90.207,179.873,170.802,142.345,175.849,147.542,86.655,137.668,105.723,90.207,179.836,138.182,146.393
trikonasana,good,2,temp_VID20260218165543.mp4,117.416,153.187,88.571,138.146,88.571,138.146,170.064,175.405,99.917,80.084,126.319,91.01,148.261,156.683,63.907,49.895,105.943,117.706,170.995,87.963,106.841,99.917,80.084,179.876,170.995,139.086,170.31,151.495,88.571,138.146,99.917,80.084,179.848,136.325,141.44
trikonasana,good,2,temp_VID20260218165543.mp4,119.033,149.744,90.45,133.106,90.45,133.106,170.763,173.091,95.955,85.04,122.081,97.48,154.358,152.071,56.438,55.98,99.867,115.455,171.364,88.996,108.476,95.955,85.04,179.878,171.364,138.679,172.303,152.452,90.45,133.106,95.955,85.04,179.837,135.616,141.408
trikonasana,good,2,temp_VID20260218165543.mp4,122.521,149.595,94.442,131.44,94.442,131.44,170.341,170.386,93.745,85.745,122.609,98.687,143.125,155.385,70.456,52.415,98.7,113.311,171.673,88.399,109.389,93.745,85.745,179.875,171.673,136.725,168.093,154.082,94.442,131.44,93.745,85.745,179.839,131.911,141.423
trikonasana,good,2,temp_VID20260218165543.mp4,121.358,149.672,92.615,132.138,92.615,132.138,169.88,170.347,96.833,85.235,126.018,97.732,145.515,156.259,68.438,50.842,98.899,116.505,171.958,89.65,110.54,96.833,85.235,179.875,171.958,137.188,170.237,152.774,92.615,132.138,96.833,85.235,179.839,132.475,141.799
trikonasana,good,2,temp_VID20260218165543.mp4,119.638,150.056,90.674,132.739,90.674,132.739,169.897,170.349,96.344,85.645,125.659,97.673,146.867,156.668,67.217,50.23,98.838,116.01,171.549,89.593,110.327,96.344,85.645,179.873,171.549,137.283,172.126,152.169,90.674,132.739,96.344,85.645,179.839,132.223,142.324
trikonasana,good,2,temp_VID20260218165543.mp4,121.019,151.002,92.617,134.262,92.617,134.262,170.631,170.115,95.668,80.606,124.737,92.868,145.556,157.155,68.498,49.848,104.013,114.904,171.405,86.38,107.135,95.668,80.606,179.873,171.405,136.317,169.179,151.952,92.617,134.262,95.668,80.606,179.839,132.122,140.403
trikonasana,good,2,temp_VID20260218165543.mp4,120.746,150.423,92.239,133.32,92.239,133.32,170.712,170.094,95.147,81.442,124.318,93.745,144.865,157.427,69.559,49.595,103.205,114.454,171.264,86.655,107.48,95.147,81.442,179.875,171.264,136.4,169.629,152.635,92.239,133.32,95.147,81.442,179.84,131.878,140.851
trikonasana,good,2,temp_VID20260218165543.mp4,120.861,149.178,91.809,131.859,91.809,131.859,170.503,170.082,95.448,82.459,124.585,94.958,145.742,157.693,68.637,49.67,102.283,114.836,171.175,87.478,108.416,95.448,82.459,179.876,171.175,136.667,170.831,153.109,91.809,131.859,95.448,82.459,179.838,131.999,141.291
trikonasana,good,2,temp_VID20260218165608.mp4,163.817,176.162,27.446,44.007,27.446,44.007,161.116,171.731,151.295,155.509,142.014,143.62,144.587,167.189,102.47,83.742,95.953,94.966,147.572,159.81,141.553,151.295,155.509,179.856,147.572,148.693,112.88,33.95,27.446,44.007,151.295,155.509,179.812,152.762,135.811
trikonasana,good,2,temp_VID20260218165608.mp4,160.181,155.003,38.469,92.324,38.469,92.324,128.057,169.33,102.394,124.03,145.408,151.381,151.838,168.416,110.69,76.532,93.692,111.924,158.756,112.733,147.823,102.394,124.03,179.815,158.756,127.666,63.468,67.429,38.469,92.324,102.394,124.03,179.782,117.942,137.68
trikonasana,good,2,temp_VID20260218165608.mp4,146.677,149.048,77.587,108.008,77.587,108.008,150.942,169.571,85.242,101.0,162.079,154.165,150.684,161.668,120.742,91.168,92.132,103.875,160.156,93.126,158.749,85.242,101.0,179.863,160.156,103.271,83.821,67.25,77.587,108.008,85.242,101.0,179.808,94.077,113.128
trikonasana,good,2,temp_VID20260218165608.mp4,174.349,157.469,34.032,14.311,34.032,14.311,156.662,174.27,158.836,139.849,169.718,169.432,156.668,171.475,119.595,86.47,107.537,93.094,148.088,164.986,169.927,158.836,139.849,179.857,148.088,160.528,106.537,55.689,34.032,14.311,158.836,139.849,179.808,161.252,135.384
trikonasana,good,2,temp_VID20260218165608.mp4,151.6,147.774,57.422,86.855,57.422,86.855,145.195,172.612,109.421,132.389,166.426,162.077,155.382,160.544,117.966,92.027,96.774,102.149,163.135,120.634,164.934,109.421,132.389,179.888,163.135,127.716,82.475,64.562,57.422,86.855,109.421,132.389,179.849,116.075,140.619
trikonasana,good,2,temp_VID20260218165608.mp4,92.225,153.39,40.637,115.977,40.637,115.977,170.366,173.646,87.395,99.253,167.841,159.268,152.76,162.583,129.557,93.675,86.367,111.45,172.971,93.189,164.251,87.395,99.253,179.802,172.971,100.622,51.761,64.481,40.637,115.977,87.395,99.253,179.824,93.328,108.888
trikonasana,good,2,temp_VID20260218165608.mp4,104.256,176.093,64.283,167.714,64.283,167.714,162.515,172.876,87.202,59.902,127.559,81.276,128.652,145.879,94.756,71.931,128.192,94.847,165.088,69.584,99.452,87.202,59.902,179.923,165.088,118.325,140.855,170.289,64.283,167.714,87.202,59.902,179.856,119.763,114.994
trikonasana,good,2,temp_VID20260218165608.mp4,98.735,176.825,62.879,154.428,62.879,154.428,162.766,167.81,75.371,55.06,116.294,77.698,130.88,149.407,90.412,67.357,130.859,84.353,167.764,61.912,92.877,75.371,55.06,179.909,167.764,114.167,143.697,165.45,62.879,154.428,75.371,55.06,179.849,114.827,112.429
trikonasana,good,2,temp_VID20260218165608.mp4,101.224,177.536,65.22,156.426,65.22,156.426,162.869,168.885,80.393,66.07,119.786,89.203,133.844,149.47,87.184,68.655,122.387,88.35,165.948,71.333,102.066,80.393,66.07,179.903,165.948,119.88,142.605,169.477,65.22,156.426,80.393,66.07,179.845,118.382,120.49
trikonasana,good,2,temp_VID20260218165608.mp4,96.25,174.076,63.997,151.446,63.997,151.446,166.495,163.896,73.394,72.769,112.714,89.06,131.647,157.131,90.015,57.091,115.15,85.834,165.571,72.072,98.856,73.394,72.769,179.893,165.571,122.902,154.126,169.428,63.997,151.446,73.394,72.769,179.838,114.425,130.574
trikonasana,good,2,temp_VID20260218165648.mp4,87.749,102.965,24.637,9.252,24.637,9.252,142.925,112.546,55.65,63.32,110.77,111.441,138.191,150.484,107.309,92.981,100.384,76.584,175.8,59.274,110.924,55.65,63.32,179.747,175.8,92.941,75.158,114.886,24.637,9.252,55.65,63.32,179.587,88.295,97.852
trikonasana,good,2,temp_VID20260218165648.mp4,110.89,84.622,34.46,32.755,34.46,32.755,131.985,153.07,72.964,80.992,130.799,131.587,133.733,135.229,113.624,111.733,64.945,117.321,174.752,76.896,131.202,72.964,80.992,179.825,174.752,101.515,62.688,124.017,34.46,32.755,72.964,80.992,179.657,97.855,105.308
trikonasana,good,2,temp_VID20260218165648.mp4,105.289,92.235,36.343,22.983,36.343,22.983,142.68,138.572,80.578,81.431,127.696,115.771,132.383,155.14,105.3,77.446,61.884,116.726,173.196,80.94,121.412,80.578,81.431,179.83,173.196,112.557,61.1,134.521,36.343,22.983,80.578,81.431,179.622,108.385,116.761
trikonasana,good,2,temp_VID20260218165648.mp4,96.082,90.719,18.646,10.088,18.646,10.088,161.507,160.819,116.49,111.52,107.01,95.602,154.012,164.943,58.13,49.779,50.39,127.565,143.539,113.573,100.837,116.49,111.52,179.757,143.539,162.454,82.743,109.47,18.646,10.088,116.49,111.52,179.604,162.228,162.592
trikonasana,good,2,temp_VID20260218165648.mp4,98.036,91.479,23.253,11.853,23.253,11.853,164.62,167.145,122.048,130.52,111.001,109.186,146.35,154.374,66.994,59.113,64.936,114.304,140.997,126.04,110.069,122.048,130.52,179.836,140.997,169.438,80.496,110.389,23.253,11.853,122.048,130.52,179.72,165.145,173.761
trikonasana,good,2,temp_VID20260218165648.mp4,87.13,103.435,17.166,36.636,17.166,36.636,164.359,167.367,125.263,112.422,119.375,107.016,138.366,145.74,76.54,67.226,73.447,105.05,148.846,118.868,112.975,125.263,112.422,179.754,148.846,161.183,95.707,93.412,17.166,36.636,125.263,112.422,179.683,162.958,158.156
trikonasana,good,2,temp_VID20260218165648.mp4,88.653,108.111,21.509,43.402,21.509,43.402,165.326,168.248,148.288,114.002,137.547,114.863,147.287,154.342,62.587,62.331,87.794,91.739,151.229,132.089,125.97,148.288,114.002,179.762,151.229,167.138,104.369,90.424,21.509,43.402,148.288,114.002,179.644,173.997,153.854
trikonasana,good,2,temp_VID20260218165648.mp4,93.652,102.382,28.823,34.102,28.823,34.102,167.846,167.105,141.686,136.47,131.582,128.741,147.683,147.181,62.8,65.099,96.63,91.076,150.916,139.764,130.078,141.686,136.47,179.769,150.916,172.714,95.388,95.707,28.823,34.102,141.686,136.47,179.637,172.868,168.155
trikonasana,good,2,temp_VID20260218165648.mp4,89.687,105.281,15.622,32.479,15.622,32.479,164.2,164.542,136.534,127.36,126.182,119.956,139.831,147.133,74.308,67.361,97.347,92.661,148.848,132.677,123.057,136.534,127.36,179.761,148.848,169.409,96.458,95.149,15.622,32.479,136.534,127.36,179.624,170.402,164.687
trikonasana,good,2,temp_VID20260218165648.mp4,87.311,103.671,10.868,29.231,10.868,29.231,160.196,164.534,142.634,122.766,131.57,115.189,139.791,148.529,73.837,65.49,100.21,90.304,148.439,133.497,123.252,142.634,122.766,179.76,148.439,170.22,97.591,95.064,10.868,29.231,142.634,122.766,179.619,170.967,163.112
trikonasana,good,2,temp_VID20260218165648.mp4,89.029,100.981,10.126,21.234,10.126,21.234,160.33,167.114,149.278,133.002,131.306,114.586,140.456,150.808,73.198,60.451,100.862,95.019,141.443,143.297,122.937,149.278,133.002,179.754,141.443,178.857,90.455,101.055,10.126,21.234,149.278,133.002,179.598,169.079,170.639
trikonasana,good,2,temp_VID20260218165648.mp4,87.973,109.31,16.466,31.647,16.466,31.647,165.191,161.302,146.072,119.885,132.213,108.082,142.325,155.621,70.436,56.338,100.712,101.528,147.182,134.742,120.082,146.072,119.885,179.765,147.182,174.284,104.56,93.184,16.466,31.647,146.072,119.885,179.608,171.094,164.856
trikonasana,good,2,temp_VID20260218165648.mp4,107.088,122.994,47.58,62.588,47.58,62.588,172.587,172.249,149.341,111.661,140.172,106.021,142.45,148.518,68.959,63.93,102.052,109.973,153.617,132.737,123.312,149.341,111.661,179.793,153.617,170.04,110.361,97.465,47.58,62.588,149.341,111.661,179.636,169.481,158.704
trikonasana,good,2,temp_VID20260218165648.mp4,92.135,110.127,37.24,61.35,37.24,61.35,176.256,174.639,135.737,87.447,131.856,85.9,145.325,146.85,68.71,71.657,110.453,110.111,150.391,108.585,103.77,135.737,87.447,179.809,150.391,156.938,134.131,97.084,37.24,61.35,135.737,87.447,179.658,163.749,138.678
trikonasana,good,2,temp_VID20260218165648.mp4,88.019,104.775,37.101,78.841,37.101,78.841,167.324,168.716,116.318,85.179,123.406,92.391,145.539,145.112,66.372,72.814,114.117,106.499,155.314,99.127,104.434,116.318,85.179,179.856,155.314,147.368,151.513,113.397,37.101,78.841,116.318,85.179,179.725,152.962,134.79
trikonasana,good,2,temp_VID20260218165648.mp4,105.465,169.387,57.094,144.411,57.094,144.411,164.669,164.425,113.521,76.896,133.226,97.978,144.41,140.184,71.453,86.184,117.558,111.645,155.637,92.484,111.062,113.521,76.896,179.888,155.637,134.177,153.231,156.266,57.094,144.411,113.521,76.896,179.778,142.969,119.195
trikonasana,good,2,temp_VID20260218165648.mp4,107.477,178.477,55.795,151.104,55.795,151.104,159.085,160.548,122.784,77.323,147.852,96.257,137.4,144.761,80.399,79.117,115.957,122.518,152.427,97.565,118.349,122.784,77.323,179.893,152.427,135.296,159.462,166.812,55.795,151.104,122.784,77.323,179.795,142.117,122.729
trikonasana,good,2,temp_VID20260218165648.mp4,113.573,177.038,64.799,147.124,64.799,147.124,158.7,158.365,134.104,61.014,162.941,84.262,133.918,145.68,83.119,77.767,127.778,135.171,152.098,92.733,117.93,134.104,61.014,179.901,152.098,131.554,151.059,177.758,64.799,147.124,134.104,61.014,179.833,143.907,109.453
trikonasana,good,2,temp_VID20260218165648.mp4,114.538,173.718,73.553,154.91,73.553,154.91,164.159,167.044,116.667,68.264,149.784,89.419,129.682,149.081,91.569,72.722,121.198,121.65,153.868,88.976,115.578,116.667,68.264,179.897,153.868,129.132,138.927,175.861,73.553,154.91,116.667,68.264,179.843,134.836,119.776
trikonasana,good,2,temp_VID20260218165648.mp4,119.926,175.201,82.136,148.397,82.136,148.397,163.899,161.303,101.836,61.678,145.097,83.572,134.977,153.911,88.666,67.373,123.661,111.95,152.055,76.617,108.386,101.836,61.678,179.893,152.055,119.717,141.31,175.03,82.136,148.397,101.836,61.678,179.829,122.34,115.657
trikonasana,good,2,temp_VID20260218165648.mp4,122.476,170.562,85.449,136.174,85.449,136.174,164.463,156.845,101.994,65.007,141.679,82.295,139.262,158.317,79.777,57.048,118.399,113.672,151.934,79.776,107.35,101.994,65.007,179.885,151.934,125.293,139.517,173.044,85.449,136.174,101.994,65.007,179.818,124.804,124.874
trikonasana,good,2,temp_VID20260218165648.mp4,128.601,171.306,92.924,146.485,92.924,146.485,165.456,164.041,98.633,66.329,142.524,83.504,137.228,156.156,85.046,58.712,117.673,110.647,150.938,79.272,108.319,98.633,66.329,179.885,150.938,123.53,129.064,177.03,92.924,146.485,98.633,66.329,179.82,120.373,126.122
trikonasana,good,2,temp_VID20260218165648.mp4,119.629,169.101,84.014,149.701,84.014,149.701,163.128,171.302,95.936,77.389,144.0,94.524,136.682,157.163,88.6,55.758,105.075,112.086,155.933,85.226,115.796,95.936,77.389,179.893,155.933,124.722,141.969,173.072,84.014,149.701,95.936,77.389,179.82,116.514,132.294
trikonasana,good,2,temp_VID20260218165648.mp4,122.241,159.944,90.608,134.155,90.608,134.155,168.065,162.86,85.361,87.682,138.073,102.754,138.818,160.517,90.3,50.536,92.957,105.834,157.735,85.977,116.589,85.361,87.682,179.881,157.735,124.83,146.612,177.11,90.608,134.155,85.361,87.682,179.801,108.764,138.75
trikonasana,good,2,temp_VID20260218165724.mp4,162.077,159.416,14.204,29.294,14.204,29.294,172.93,157.643,124.293,127.801,137.919,168.977,104.934,168.147,126.176,135.569,121.402,19.379,157.395,131.179,171.389,124.293,127.801,179.87,157.395,135.54,78.481,84.724,14.204,29.294,124.293,127.801,179.757,123.195,128.664
trikonasana,good,2,temp_VID20260218165724.mp4,161.74,148.94,53.097,97.522,53.097,97.522,144.068,168.042,149.888,99.539,170.647,160.233,149.381,159.08,105.987,137.437,137.344,46.338,134.694,116.962,164.405,149.888,99.539,179.667,134.694,108.493,48.825,163.93,53.097,97.522,149.888,99.539,179.665,154.623,88.621
trikonasana,good,2,temp_VID20260218165724.mp4,177.07,174.068,38.977,62.542,38.977,62.542,155.649,169.563,107.905,153.49,128.007,165.488,127.681,173.689,123.42,133.469,159.711,46.95,137.108,152.708,156.556,107.905,153.49,179.762,137.108,160.781,33.948,176.094,38.977,62.542,107.905,153.49,179.671,112.101,145.747
trikonasana,good,2,temp_VID20260218165724.mp4,177.336,172.353,30.719,13.619,30.719,13.619,169.532,175.64,124.744,101.76,158.116,175.688,152.27,156.777,107.513,110.475,109.135,91.929,118.848,113.105,171.615,124.744,101.76,179.852,118.848,108.937,123.967,41.516,30.719,13.619,124.744,101.76,179.736,114.101,103.64
trikonasana,good,2,temp_VID20260218165724.mp4,155.651,155.958,33.421,27.583,33.421,27.583,165.303,172.475,150.433,124.27,150.958,159.939,148.713,163.89,120.987,99.447,83.088,118.506,58.843,138.379,155.353,150.433,124.27,179.899,58.843,126.114,113.468,55.617,33.421,27.583,150.433,124.27,179.825,136.861,114.372
trikonasana,good,2,temp_VID20260218165724.mp4,165.806,163.753,16.886,16.508,16.886,16.508,165.892,170.817,158.423,129.422,153.412,151.096,140.717,161.682,123.769,92.348,81.963,115.225,73.251,145.074,152.23,158.423,129.422,179.918,73.251,131.633,127.873,45.902,16.886,16.508,158.423,129.422,179.863,145.646,115.556
trikonasana,good,2,temp_VID20260218165724.mp4,85.062,124.97,31.964,14.72,31.964,14.72,149.673,89.667,63.529,70.474,134.065,133.426,141.554,149.662,113.229,102.008,73.136,115.067,175.193,66.91,133.434,63.529,70.474,179.842,175.193,88.575,54.992,142.94,31.964,14.72,63.529,70.474,179.803,84.319,92.74
trikonasana,good,2,temp_VID20260218165724.mp4,167.408,164.99,15.937,24.677,15.937,24.677,175.747,168.446,128.158,130.065,151.885,146.885,145.492,154.404,112.972,102.775,81.395,102.121,105.039,130.112,149.126,128.158,130.065,179.849,105.039,116.076,142.932,56.007,15.937,24.677,128.158,130.065,179.749,115.416,114.846
trikonasana,good,2,temp_VID20260218165724.mp4,164.123,166.701,25.981,9.121,25.981,9.121,142.403,150.941,81.109,92.544,167.399,165.047,159.727,171.942,80.941,71.739,138.778,50.685,174.831,86.649,166.376,81.109,92.544,179.716,174.831,80.007,74.451,122.033,25.981,9.121,81.109,92.544,179.614,75.124,85.05
trikonasana,good,2,temp_VID20260218165724.mp4,175.425,117.237,96.266,136.445,96.266,136.445,128.072,107.639,106.986,106.172,148.875,166.499,156.918,162.024,74.463,65.191,139.69,59.881,41.058,107.551,156.539,106.986,106.172,179.674,41.058,119.346,89.345,162.827,96.266,136.445,106.986,106.172,179.679,122.657,113.007
trikonasana,good,2,temp_VID20260218165724.mp4,163.762,169.022,84.294,134.282,84.294,134.282,112.743,161.775,62.759,94.928,101.634,117.864,173.197,170.533,41.623,45.089,64.457,150.47,124.317,77.219,107.827,62.759,94.928,179.875,124.317,123.414,132.244,97.143,84.294,134.282,62.759,94.928,179.553,107.403,136.79
trikonasana,good,2,temp_VID20260218165724.mp4,178.485,148.999,130.674,115.723,130.674,115.723,148.193,154.156,50.327,79.905,110.6,122.843,155.314,163.422,91.338,33.415,75.521,130.492,132.232,61.955,113.227,50.327,79.905,179.912,132.232,99.252,131.314,63.523,130.674,115.723,50.327,79.905,179.818,82.579,113.873
trikonasana,good,2,temp_VID20260218165724.mp4,172.43,162.306,119.391,135.88,119.391,135.88,144.646,174.056,85.145,97.974,139.556,152.364,153.441,169.39,87.383,67.189,83.173,106.132,143.559,91.852,148.666,85.145,97.974,179.885,143.559,110.184,142.69,70.418,119.391,135.88,85.145,97.974,179.802,106.988,112.141
trikonasana,good,2,temp_VID20260218165834.mp4,108.208,90.78,46.38,16.983,46.38,16.983,166.337,168.772,126.275,152.412,113.941,119.888,150.919,158.933,53.851,42.318,96.224,101.787,145.047,140.389,116.682,126.275,152.412,179.89,145.047,167.884,89.287,115.514,46.38,16.983,126.275,152.412,179.757,161.382,162.375
trikonasana,good,2,temp_VID20260218165834.mp4,108.336,103.008,42.621,35.158,42.621,35.158,169.637,168.186,138.628,137.352,119.828,119.154,145.112,152.717,60.268,50.104,95.408,96.326,147.617,140.066,119.31,138.628,137.352,179.798,147.617,175.336,96.232,108.569,42.621,35.158,138.628,137.352,179.753,166.15,172.797
trikonasana,good,2,temp_VID20260218165834.mp4,122.088,94.246,80.23,38.595,80.23,38.595,174.642,172.737,129.919,124.658,117.606,118.499,143.938,147.834,63.648,56.427,99.647,97.534,156.206,128.897,117.772,129.919,124.658,179.783,156.206,171.919,124.541,114.367,80.23,38.595,129.919,124.658,179.695,169.041,164.78
trikonasana,good,2,temp_VID20260218165834.mp4,138.049,112.677,134.984,59.039,134.984,59.039,172.678,170.613,124.941,151.767,115.553,148.028,154.941,153.161,51.88,48.648,126.616,90.817,161.445,141.643,132.738,124.941,151.767,179.811,161.445,173.828,163.004,127.001,134.984,59.039,124.941,151.767,179.717,168.092,168.358
trikonasana,good,2,temp_VID20260218165834.mp4,151.547,112.204,148.249,56.763,148.249,56.763,152.121,165.04,92.361,146.986,89.031,148.515,150.865,152.051,60.417,50.664,133.286,109.934,162.087,120.94,117.85,92.361,146.986,179.859,162.087,163.719,163.507,134.752,148.249,56.763,92.361,146.986,179.785,152.438,164.321
trikonasana,good,2,temp_VID20260218165834.mp4,139.955,108.657,138.842,55.97,138.842,55.97,167.752,164.701,90.26,137.273,98.132,145.571,137.242,152.519,83.575,53.821,130.241,112.32,161.082,113.551,118.809,90.26,137.273,179.88,161.082,153.089,154.335,146.692,138.842,55.97,90.26,137.273,179.807,137.302,157.73
trikonasana,good,2,temp_VID20260218165834.mp4,169.054,102.184,72.998,50.38,72.998,50.38,77.48,166.238,80.865,125.444,79.79,135.489,149.55,155.929,64.932,49.746,125.22,119.515,159.107,98.85,101.157,80.865,125.444,179.885,159.107,152.105,98.041,165.008,72.998,50.38,80.865,125.444,179.795,141.001,154.046
trikonasana,good,2,temp_VID20260218165834.mp4,123.783,119.59,77.655,78.314,77.655,78.314,125.062,169.978,83.65,117.058,78.994,131.891,156.104,153.231,53.969,51.61,126.938,111.251,162.762,96.575,100.389,83.65,117.058,179.878,162.762,152.006,119.103,162.367,77.655,78.314,83.65,117.058,179.767,151.04,149.425
trikonasana,good,2,temp_VID20260218165834.mp4,152.533,129.917,60.683,85.256,60.683,85.256,85.281,165.237,82.713,84.84,82.247,116.163,152.43,146.437,60.44,71.482,132.962,72.169,164.924,81.26,95.428,82.713,84.84,179.885,164.924,134.809,141.302,162.017,60.683,85.256,82.713,84.84,179.64,144.849,124.781
trikonasana,good,2,temp_VID20260218165834.mp4,171.883,103.375,53.993,61.141,53.993,61.141,66.442,161.158,79.816,116.754,83.146,147.602,147.569,146.922,66.29,71.64,135.821,75.642,165.04,94.026,109.852,79.816,116.754,179.88,165.04,139.65,119.915,154.613,53.993,61.141,79.816,116.754,179.649,141.446,136.514
trikonasana,good,2,temp_VID20260218165834.mp4,178.403,104.803,60.372,69.974,60.372,69.974,153.1,165.506,79.865,138.404,88.372,156.899,145.527,160.8,68.153,43.906,146.696,96.535,168.529,111.738,124.158,79.865,138.404,179.886,168.529,150.145,106.643,173.88,60.372,69.974,79.865,138.404,179.729,139.415,152.955
trikonasana,good,2,temp_VID20260218165834.mp4,126.794,94.526,105.379,62.908,105.379,62.908,155.365,167.751,103.646,136.929,107.316,156.209,155.248,160.962,53.189,43.075,146.685,82.212,167.315,124.428,135.586,103.646,136.929,179.886,167.315,154.091,150.923,175.629,105.379,62.908,103.646,136.929,179.742,154.376,151.789
trikonasana,good,2,temp_VID20260218165834.mp4,148.984,94.685,139.716,65.038,139.716,65.038,166.837,168.359,104.311,128.984,107.512,151.976,158.516,160.001,49.056,47.48,142.95,85.278,167.403,118.978,131.657,104.311,128.984,179.893,167.403,151.03,166.259,168.587,139.716,65.038,104.311,128.984,179.807,155.376,146.0
trikonasana,good,2,temp_VID20260218165834.mp4,152.179,104.986,144.681,73.928,144.681,73.928,168.084,166.463,106.121,135.253,110.437,160.03,156.529,158.061,52.368,51.34,146.307,85.711,166.295,124.507,138.634,106.121,135.253,179.901,166.295,150.612,166.869,153.584,144.681,73.928,106.121,135.253,179.832,153.935,146.379
trikonasana,good,2,temp_VID20260218165834.mp4,146.919,107.803,139.938,77.54,139.938,77.54,167.45,167.858,119.043,129.224,122.545,154.057,156.269,138.907,51.606,70.625,141.852,74.363,166.317,125.705,139.497,119.043,129.224,179.895,166.317,150.925,166.173,155.026,139.938,77.54,119.043,129.224,179.82,157.138,144.35
trikonasana,good,2,temp_VID20260218165834.mp4,151.988,101.618,147.339,73.172,147.339,73.172,169.38,170.141,114.102,123.67,117.545,153.437,156.794,146.568,51.086,65.455,136.307,79.718,166.897,120.228,135.668,114.102,123.67,179.909,166.897,147.641,165.657,149.412,147.339,73.172,114.102,123.67,179.836,155.688,138.678
trikonasana,good,2,temp_VID20260218165834.mp4,147.492,105.896,142.749,77.771,142.749,77.771,168.909,171.083,111.531,117.248,114.652,150.444,157.076,151.285,50.589,63.468,130.625,82.103,166.695,115.322,131.592,111.531,117.248,179.907,166.695,145.406,161.055,142.853,142.749,77.771,111.531,117.248,179.833,155.4,133.84
trikonasana,good,2,temp_VID20260218165834.mp4,146.886,107.128,141.843,79.383,141.843,79.383,168.751,170.569,115.893,114.005,117.642,146.271,158.522,151.86,47.726,61.67,128.21,77.851,167.294,115.682,130.688,115.893,114.005,179.907,167.294,146.87,160.538,142.135,141.843,79.383,115.893,114.005,179.831,158.064,133.551
trikonasana,good,2,temp_VID20260218165834.mp4,149.921,101.722,144.271,74.631,144.271,74.631,167.182,171.487,123.113,109.358,124.147,140.583,158.534,152.64,47.875,60.053,124.51,72.121,167.27,116.614,131.22,123.113,109.358,179.899,167.27,147.372,165.022,154.283,144.271,74.631,123.113,109.358,179.824,159.694,132.814
trikonasana,good,2,temp_VID_20260218_002343952.mp4,125.975,128.094,17.516,40.605,17.516,40.605,128.876,157.004,105.223,88.988,140.349,137.071,153.422,154.585,111.167,109.822,121.235,51.164,170.698,97.562,138.946,105.223,88.988,179.895,170.698,119.775,39.927,151.087,17.516,40.605,105.223,88.988,179.821,126.252,112.723
trikonasana,good,2,temp_VID_20260218_002343952.mp4,165.922,173.417,80.201,88.647,80.201,88.647,129.432,120.331,96.046,84.004,78.096,88.069,128.731,100.731,95.111,70.101,69.324,121.321,156.254,90.816,86.547,96.046,84.004,179.719,156.254,135.147,100.196,73.862,80.201,88.647,96.046,84.004,179.396,131.336,138.059
trikonasana,good,2,temp_VID_20260218_002343952.mp4,111.684,170.213,17.244,62.582,17.244,62.582,84.305,24.844,131.499,97.729,143.881,97.98,151.452,145.832,99.697,95.705,114.53,90.774,43.477,116.258,121.166,131.499,97.729,179.796,43.477,135.393,94.184,146.318,17.244,62.582,131.499,97.729,179.727,141.228,126.521
trikonasana,good,2,temp_VID_20260218_002343952.mp4,154.953,144.38,57.869,67.467,57.869,67.467,103.359,87.511,108.569,79.071,151.804,114.439,172.094,161.024,119.872,56.322,136.114,30.045,134.08,93.948,149.401,108.569,79.071,179.735,134.08,106.853,47.061,126.838,57.869,67.467,108.569,79.071,178.578,100.747,112.29
trikonasana,good,2,temp_VID_20260218_002343952.mp4,92.994,159.659,35.011,46.449,35.011,46.449,165.818,158.953,138.185,142.828,133.633,158.416,161.126,171.61,105.76,87.99,77.142,81.342,136.453,145.212,169.245,138.185,142.828,179.77,136.453,146.519,137.452,89.735,35.011,46.449,138.185,142.828,179.729,152.174,140.14
trikonasana,good,2,temp_VID_20260218_002343952.mp4,127.743,136.512,95.764,84.047,95.764,84.047,169.454,169.92,149.99,149.281,144.004,147.725,147.385,146.766,89.173,85.554,96.735,96.767,146.462,151.536,145.59,149.99,149.281,179.829,146.462,169.675,169.447,147.886,95.764,84.047,149.99,149.281,179.708,166.632,163.984
trikonasana,good,2,temp_VID_20260218_002343952.mp4,135.4,142.435,101.21,91.613,101.21,91.613,170.199,172.7,148.299,149.614,142.679,149.584,146.144,146.692,90.794,83.895,96.181,99.442,148.498,151.347,145.722,148.299,149.614,179.834,148.498,169.484,169.476,138.237,101.21,91.613,148.299,149.614,179.707,164.626,163.434
trikonasana,good,2,temp_VID_20260218_002343952.mp4,124.545,132.108,90.362,84.792,90.362,84.792,170.148,171.63,143.695,145.111,141.992,149.547,146.841,146.391,91.178,84.667,96.372,101.05,153.683,146.65,145.371,143.695,145.111,179.832,153.683,165.085,166.306,151.215,90.362,84.792,143.695,145.111,179.715,161.828,159.611
trikonasana,good,2,temp_VID_20260218_002343952.mp4,126.532,141.666,87.904,89.804,87.904,89.804,169.863,170.143,146.996,147.236,140.881,148.712,148.072,147.204,87.406,86.081,96.548,101.436,153.959,149.753,144.24,146.996,147.236,179.831,153.959,169.016,165.424,143.328,87.904,89.804,146.996,147.236,179.709,164.634,161.676
trikonasana,good,2,temp_VID_20260218_002343952.mp4,130.777,141.076,90.764,89.999,90.764,89.999,171.501,170.632,149.963,148.336,143.263,148.642,147.457,147.998,86.653,85.645,96.102,101.326,153.148,151.806,145.405,149.963,148.336,179.828,153.148,170.481,164.168,145.762,90.764,89.999,149.963,148.336,179.708,165.726,162.451
trikonasana,good,2,temp_VID_20260218_002343952.mp4,141.266,141.53,96.542,89.458,96.542,89.458,172.318,173.252,152.346,151.807,142.1,146.475,148.684,148.266,84.063,84.058,97.041,100.793,149.77,155.191,143.756,152.346,151.807,179.832,149.77,174.825,159.646,139.034,96.542,89.458,152.346,151.807,179.709,166.836,165.361
trikonasana,good,2,temp_VID_20260218_002343952.mp4,134.672,142.087,106.382,82.485,106.382,82.485,169.759,172.671,156.776,148.419,144.438,142.466,147.15,148.266,85.248,83.795,102.178,97.509,148.188,156.356,142.919,156.776,148.419,179.831,148.188,176.34,175.462,136.769,106.382,82.485,156.776,148.419,179.709,168.717,162.62
trikonasana,good,2,temp_VID_20260218_002343952.mp4,145.537,133.482,121.816,55.865,121.816,55.865,171.326,169.132,166.219,156.198,145.144,147.648,145.178,146.906,87.95,81.902,105.568,94.541,139.836,166.961,145.868,166.219,156.198,179.851,139.836,169.935,178.359,135.853,121.816,55.865,166.219,156.198,179.713,169.74,157.488
trikonasana,good,2,temp_VID_20260218_002343952.mp4,161.243,128.104,133.392,43.619,133.392,43.619,177.109,167.854,161.717,152.001,137.5,144.583,149.027,149.027,84.216,75.301,112.044,90.321,135.376,162.207,140.529,161.717,152.001,179.878,135.376,167.296,167.649,137.294,133.392,43.619,161.717,152.001,179.786,173.799,154.146
trikonasana,good,2,temp_VID_20260218_002343952.mp4,155.661,128.663,149.92,40.935,149.92,40.935,169.506,163.737,147.948,139.117,128.85,137.117,148.609,151.1,79.869,73.309,110.465,93.104,136.986,147.188,132.112,147.948,139.117,179.901,136.986,166.944,173.616,147.903,149.92,40.935,147.948,139.117,179.794,176.774,152.455
trikonasana,good,2,temp_VID_20260218_002343952.mp4,177.333,129.916,140.976,43.01,140.976,43.01,138.219,169.153,133.4,135.209,129.244,145.615,148.261,149.964,91.212,73.484,119.752,97.947,135.832,137.715,135.352,133.4,135.209,179.905,135.832,157.942,154.381,156.267,140.976,43.01,133.4,135.209,179.799,159.076,148.186
trikonasana,good,2,temp_VID_20260218_002343952.mp4,162.672,140.882,101.753,54.591,101.753,54.591,88.206,157.508,132.607,110.969,132.714,138.317,149.473,153.038,91.067,79.557,116.739,89.817,141.477,123.282,134.043,132.607,110.969,179.892,141.477,145.121,130.997,171.463,101.753,54.591,132.607,110.969,179.788,155.633,131.929
trikonasana,good,2,temp_VID_20260218_002343952.mp4,172.09,130.589,101.426,45.23,101.426,45.23,79.91,162.382,138.959,116.1,129.454,148.651,149.097,151.971,85.977,84.218,123.494,86.895,134.85,129.41,137.403,138.959,116.1,179.892,134.85,147.043,124.749,169.067,101.426,45.23,138.959,116.1,179.779,161.557,130.395
trikonasana,good,2,temp_VID_20260218_002343952.mp4,173.586,135.968,90.891,55.332,90.891,55.332,93.272,150.738,142.86,110.568,131.498,152.845,151.229,150.303,80.492,82.893,131.032,77.064,141.333,128.214,140.448,142.86,110.568,179.901,141.333,144.559,131.677,155.065,90.891,55.332,142.86,110.568,179.741,162.935,123.027
trikonasana,good,2,temp_VID_20260218_002343952.mp4,164.471,142.876,84.494,71.054,84.494,71.054,98.097,161.78,146.917,97.098,136.569,143.243,152.54,152.316,79.071,84.52,128.564,77.166,142.614,124.444,138.503,146.917,97.098,179.907,142.614,141.288,135.166,160.445,84.494,71.054,146.917,97.098,179.727,162.097,113.723
trikonasana,good,2,temp_VID_20260218_002343952.mp4,158.439,142.722,100.887,79.157,100.887,79.157,113.541,164.371,140.082,94.773,131.818,145.698,158.588,151.133,72.387,85.183,127.168,76.978,145.676,119.614,137.217,140.082,94.773,179.909,145.676,137.354,150.516,168.583,100.887,79.157,140.082,94.773,179.713,159.311,110.417
trikonasana,good,2,temp_VID_20260218_002343952.mp4,171.972,143.332,82.868,82.18,82.868,82.18,95.821,163.561,128.834,88.074,129.524,142.966,155.492,150.818,75.992,83.99,127.783,76.024,152.872,109.741,134.768,128.834,88.074,179.905,152.872,130.16,136.527,169.665,82.868,82.18,128.834,88.074,179.713,152.022,105.806
trikonasana,good,2,temp_VID_20260218_002343952.mp4,168.907,147.17,82.232,90.907,82.232,90.907,94.849,163.152,122.09,87.44,128.673,144.564,155.609,149.021,76.736,83.495,130.047,74.78,156.635,105.689,135.107,122.09,87.44,179.907,156.635,126.768,135.101,177.063,82.232,90.907,122.09,87.44,179.717,146.84,104.759
trikonasana,good,2,temp_VID_20260218_002343952.mp4,174.747,148.55,72.335,94.957,72.335,94.957,91.493,161.99,119.12,88.215,128.114,149.017,152.962,149.001,77.15,82.585,133.39,72.917,159.36,103.642,136.954,119.12,88.215,179.907,159.36,124.051,131.58,175.808,72.335,94.957,119.12,88.215,179.715,144.182,103.394
trikonasana,good,2,temp_VID_20260218_002528710.mp4,131.463,175.639,7.584,36.676,7.584,36.676,166.648,148.667,42.652,125.739,39.657,157.948,146.755,172.152,81.098,109.877,135.835,101.431,153.536,123.985,138.192,42.652,125.739,179.892,153.536,149.019,111.9,96.841,7.584,36.676,42.652,125.739,179.851,137.98,136.796
trikonasana,good,2,temp_VID_20260218_002528710.mp4,132.072,177.817,16.471,37.431,16.471,37.431,163.184,136.153,128.294,115.796,157.274,165.963,169.98,169.379,98.544,113.14,118.891,67.335,160.319,121.888,162.859,128.294,115.796,179.869,160.319,130.919,107.168,84.565,16.471,37.431,128.294,115.796,179.791,140.977,122.434
trikonasana,good,2,temp_VID_20260218_002528710.mp4,130.527,171.333,16.798,36.885,16.798,36.885,162.48,135.959,128.416,116.762,153.744,162.639,164.199,159.639,98.75,108.543,103.638,80.807,169.002,123.264,158.337,128.416,116.762,179.857,169.002,135.529,103.728,85.687,16.798,36.885,128.416,116.762,179.741,145.361,125.197
trikonasana,good,2,temp_VID_20260218_002528710.mp4,119.124,140.146,45.027,54.381,45.027,54.381,169.741,153.04,103.652,91.432,145.168,143.483,159.335,160.071,93.196,98.805,114.733,77.846,174.895,97.853,144.154,103.652,91.432,179.828,174.895,116.739,94.614,95.118,45.027,54.381,103.652,91.432,179.74,122.644,109.874
trikonasana,good,2,temp_VID_20260218_002528710.mp4,114.316,140.559,35.31,54.138,35.31,54.138,165.475,154.829,108.354,96.764,147.162,148.176,156.0,162.65,89.943,75.998,109.547,82.701,171.999,102.837,147.517,108.354,96.764,179.84,171.999,119.463,111.662,82.241,35.31,54.138,108.354,96.764,179.72,125.51,112.603
trikonasana,good,2,temp_VID_20260218_002528710.mp4,128.983,102.584,20.264,21.096,20.264,21.096,142.511,158.396,123.801,87.858,137.784,132.348,152.242,167.334,81.945,91.499,91.539,106.502,173.474,105.871,135.478,123.801,87.858,179.851,173.474,127.374,116.965,63.076,20.264,21.096,123.801,87.858,179.695,143.509,111.247
trikonasana,good,2,temp_VID_20260218_002528710.mp4,128.238,130.97,8.203,20.323,8.203,20.323,151.93,162.322,156.479,114.34,142.508,118.643,151.009,147.662,81.338,83.399,103.752,102.99,142.401,135.523,129.331,156.479,114.34,179.8,142.401,160.534,99.368,93.556,8.203,20.323,156.479,114.34,179.676,175.168,141.453
trikonasana,good,2,temp_VID_20260218_002528710.mp4,129.836,125.489,12.12,6.864,12.12,6.864,162.56,168.482,163.026,148.753,136.202,123.126,150.582,149.249,74.685,75.444,101.738,102.639,126.871,163.132,129.107,163.026,148.753,179.802,126.871,167.271,89.791,98.019,12.12,6.864,163.026,148.753,179.69,161.229,159.574
trikonasana,good,2,temp_VID_20260218_002528710.mp4,132.656,124.999,17.414,8.167,17.414,8.167,153.91,169.279,161.552,160.28,142.937,138.898,153.156,147.997,81.519,72.089,104.648,98.105,124.405,177.138,140.678,161.552,160.28,179.844,124.405,160.41,92.016,99.839,17.414,8.167,161.552,160.28,179.735,158.84,151.117
trikonasana,good,2,temp_VID_20260218_002528710.mp4,131.03,128.732,16.401,10.113,16.401,10.113,159.018,168.479,162.573,161.01,138.141,138.018,150.637,151.583,76.448,66.546,105.076,100.11,124.753,179.27,137.701,162.573,161.01,179.836,124.753,154.944,90.73,99.63,16.401,10.113,162.573,161.01,179.725,155.335,146.453
trikonasana,good,2,temp_VID_20260218_002528710.mp4,125.438,124.15,23.142,7.811,23.142,7.811,169.481,167.749,164.305,157.852,136.993,129.101,152.46,154.177,76.382,65.692,100.197,100.395,123.871,174.518,132.447,164.305,157.852,179.84,123.871,156.482,98.2,99.905,23.142,7.811,164.305,157.852,179.733,155.546,148.072
trikonasana,good,2,temp_VID_20260218_002528710.mp4,131.001,131.086,57.922,15.671,57.922,15.671,176.646,170.588,162.598,158.032,136.873,139.244,149.656,151.486,81.202,69.006,108.403,98.739,121.744,176.86,137.666,162.598,158.032,179.844,121.744,152.686,131.022,102.573,57.922,15.671,162.598,158.032,179.745,153.514,143.702
trikonasana,good,2,temp_VID_20260218_002528710.mp4,137.037,147.71,127.171,46.471,127.171,46.471,173.458,170.645,163.305,153.124,137.31,132.028,150.152,152.821,77.562,69.198,104.822,96.052,124.038,168.327,134.192,163.305,153.124,179.862,124.038,162.982,158.999,108.954,127.171,46.471,163.305,153.124,179.737,161.355,152.166
trikonasana,good,2,temp_VID_20260218_002528710.mp4,150.197,123.34,149.454,42.818,149.454,42.818,168.424,160.884,151.947,140.657,134.846,137.922,150.215,149.942,78.415,70.302,111.746,95.484,135.635,150.891,135.849,151.947,140.657,179.862,135.635,172.224,166.719,163.644,149.454,42.818,151.947,140.657,179.727,173.529,157.25
trikonasana,good,2,temp_VID_20260218_002528710.mp4,157.136,136.431,140.937,76.687,140.937,76.687,161.904,162.482,130.396,114.571,137.993,137.412,146.103,151.671,91.156,74.112,113.737,96.455,150.102,124.475,136.843,130.396,114.571,179.88,150.102,148.26,170.425,163.637,140.937,76.687,130.396,114.571,179.705,153.194,138.194
trikonasana,good,2,temp_VID_20260218_002528710.mp4,164.739,130.748,138.464,76.483,138.464,76.483,156.885,160.807,112.092,109.574,132.614,145.603,146.257,148.666,91.334,76.419,112.143,100.527,154.961,111.669,138.037,112.092,109.574,179.886,154.961,134.472,165.656,157.83,138.464,76.483,112.092,109.574,179.715,137.395,128.424
trikonasana,good,2,temp_VID_20260218_002528710.mp4,165.811,131.657,126.113,82.999,126.113,82.999,147.756,165.571,107.567,104.477,136.854,167.264,147.67,148.72,94.967,90.982,111.125,101.168,159.628,106.354,150.519,107.567,104.477,179.872,159.628,121.483,156.972,157.446,126.113,82.999,107.567,104.477,179.7,130.333,110.856
trikonasana,good,2,temp_VID_20260218_002528710.mp4,175.622,135.256,121.816,89.529,121.816,89.529,141.38,161.108,97.033,87.791,138.302,155.545,148.542,152.155,100.775,96.373,107.861,100.795,157.378,92.35,145.508,97.033,87.791,179.878,157.378,110.241,150.79,146.328,121.816,89.529,97.033,87.791,179.726,118.523,100.804
trikonasana,good,2,temp_VID_20260218_002528710.mp4,174.985,134.799,132.686,89.483,132.686,89.483,146.802,163.184,99.047,81.253,140.721,154.417,145.321,154.3,98.36,100.303,100.147,99.39,152.064,90.42,146.303,99.047,81.253,179.886,152.064,107.66,151.659,132.615,132.686,89.483,99.047,81.253,179.773,119.15,94.72
trikonasana,good,2,temp_VID_20260218_002528710.mp4,174.176,136.242,121.351,89.922,121.351,89.922,140.298,160.641,103.275,70.309,136.273,132.281,146.863,152.644,93.057,89.612,96.314,95.211,150.981,87.219,133.273,103.275,70.309,179.885,150.981,111.462,145.271,140.13,121.351,89.922,103.275,70.309,179.771,125.733,95.509
trikonasana,good,2,temp_VID_20260218_002528710.mp4,172.291,136.125,120.698,89.224,120.698,89.224,141.988,156.471,102.464,60.567,134.976,127.353,146.688,157.427,91.46,94.226,92.528,93.693,160.879,81.531,129.722,102.464,60.567,179.886,160.879,107.327,151.872,148.032,120.698,89.224,102.464,60.567,179.773,125.722,87.233
trikonasana,good,2,temp_VID_20260218_002528710.mp4,162.408,137.925,135.367,92.491,135.367,92.491,132.618,158.867,114.974,50.747,137.01,123.534,144.164,155.421,83.043,96.981,98.293,85.059,161.712,82.366,126.554,114.974,50.747,179.886,161.712,109.362,163.712,150.816,135.367,92.491,114.974,50.747,179.741,137.573,77.051
trikonasana,good,2,temp_VID_20260218_002528710.mp4,161.96,137.037,119.105,94.271,119.105,94.271,145.206,161.895,110.818,61.955,136.299,126.776,144.32,151.45,86.064,90.188,109.542,84.25,163.826,86.952,130.215,110.818,61.955,179.885,163.826,112.68,161.822,156.483,119.105,94.271,110.818,61.955,179.74,133.316,89.537
trikonasana,good,2,temp_VID_20260218_002528710.mp4,160.992,135.875,127.383,91.05,127.383,91.05,152.379,158.584,107.109,90.354,135.869,150.604,145.742,151.325,86.213,85.257,120.859,87.713,162.616,98.625,141.741,107.109,90.354,179.893,162.616,118.388,166.356,153.743,127.383,91.05,107.109,90.354,179.751,129.736,106.089
trikonasana,good,2,temp_VID_20260218_002528710.mp4,160.178,129.541,133.961,85.271,133.961,85.271,157.391,161.652,110.544,90.224,138.51,154.707,146.557,151.69,87.192,88.706,115.986,88.887,159.249,100.109,145.077,110.544,90.224,179.893,159.249,117.79,166.443,162.046,133.961,85.271,110.544,90.224,179.775,131.678,103.378
trikonasana,good,2,temp_VID_20260218_002528710.mp4,156.108,137.646,126.982,94.423,126.982,94.423,154.795,158.761,114.073,72.827,139.52,134.981,147.738,153.898,84.522,88.621,104.423,86.541,161.38,93.54,135.875,114.073,72.827,179.895,161.38,116.026,165.733,154.558,126.982,94.423,114.073,72.827,179.766,134.973,95.424
trikonasana,good,2,temp_VID_20260218_002528710.mp4,151.372,142.932,126.51,100.497,126.51,100.497,158.097,160.543,110.436,77.19,134.411,136.317,148.512,154.119,82.858,87.201,109.121,87.731,162.568,93.762,134.01,110.436,77.19,179.892,162.568,117.598,165.702,152.816,126.51,100.497,110.436,77.19,179.761,134.43,99.67
trikonasana,good,2,temp_VID_20260218_002728808.mp4,141.288,157.456,35.667,23.044,35.667,23.044,170.09,152.016,154.928,169.82,173.291,168.599,170.938,161.414,103.757,88.091,94.259,90.028,152.193,164.084,170.849,154.928,169.82,179.768,152.193,159.623,95.868,110.888,35.667,23.044,154.928,169.82,179.572,151.524,165.38
trikonasana,good,2,temp_VID_20260218_002728808.mp4,142.814,171.359,46.506,35.529,46.506,35.529,164.022,123.032,122.796,110.179,170.231,171.018,171.957,173.825,106.143,101.984,103.809,76.686,167.656,116.033,170.703,122.796,110.179,179.812,167.656,120.52,98.487,83.242,46.506,35.529,122.796,110.179,179.59,127.444,114.284
trikonasana,good,2,temp_VID_20260218_002728808.mp4,113.397,171.6,30.307,33.056,30.307,33.056,155.325,114.346,98.744,94.387,140.383,152.75,161.299,168.528,85.475,71.663,118.685,56.894,172.934,96.281,146.369,98.744,94.387,179.844,172.934,113.31,117.257,69.404,30.307,33.056,98.744,94.387,179.668,118.689,108.172
trikonasana,good,2,temp_VID_20260218_002728808.mp4,133.106,129.634,36.093,46.557,36.093,46.557,145.603,152.422,97.174,88.383,138.978,134.433,156.526,157.787,95.139,79.056,118.669,57.836,175.993,92.994,136.923,97.174,88.383,179.798,175.993,114.228,93.13,97.148,36.093,46.557,97.174,88.383,179.663,116.987,111.232
trikonasana,good,2,temp_VID_20260218_002728808.mp4,118.48,120.625,19.39,27.111,19.39,27.111,145.082,149.068,114.465,97.652,127.202,116.622,153.482,151.283,83.37,73.172,95.331,85.719,168.418,106.168,122.012,114.465,97.652,179.804,168.418,136.789,85.51,104.589,19.39,27.111,114.465,97.652,179.658,142.103,131.071
trikonasana,good,2,temp_VID_20260218_002728808.mp4,119.209,121.023,10.86,22.484,10.86,22.484,151.131,156.723,145.961,121.343,138.036,120.04,153.466,150.068,80.234,73.752,97.565,86.087,150.962,133.714,129.053,145.961,121.343,179.794,150.962,160.92,92.231,99.034,10.86,22.484,145.961,121.343,179.728,168.322,152.908
trikonasana,good,2,temp_VID_20260218_002728808.mp4,120.37,124.025,11.035,22.118,11.035,22.118,154.354,161.65,151.305,135.178,141.389,128.826,150.899,148.138,88.063,77.923,92.933,94.26,144.257,143.785,135.161,151.305,135.178,179.797,144.257,167.9,89.365,101.34,11.035,22.118,151.305,135.178,179.701,171.829,161.926
trikonasana,good,2,temp_VID_20260218_002728808.mp4,123.689,128.573,12.71,23.775,12.71,23.775,155.556,161.346,154.323,139.165,141.834,127.946,150.866,149.158,88.419,76.002,94.14,94.106,142.745,147.843,134.952,154.323,139.165,179.825,142.745,172.458,84.289,103.915,12.71,23.775,154.323,139.165,179.701,173.174,166.077
trikonasana,good,2,temp_VID_20260218_002728808.mp4,119.105,125.837,13.375,23.219,13.375,23.219,156.135,159.895,149.963,139.777,138.223,129.622,147.708,149.02,85.577,76.808,95.7,94.411,143.115,146.037,133.813,149.963,139.777,179.818,143.115,171.291,85.742,107.354,13.375,23.219,149.963,139.777,179.694,169.498,165.814
trikonasana,good,2,temp_VID_20260218_002728808.mp4,118.614,123.791,16.816,23.043,16.816,23.043,158.079,160.461,148.37,139.312,139.856,134.081,147.501,150.532,86.529,79.139,92.884,101.415,143.404,145.834,136.858,148.37,139.312,179.818,143.404,168.296,86.745,111.198,16.816,23.043,148.37,139.312,179.67,165.637,162.241
trikonasana,good,2,temp_VID_20260218_002728808.mp4,117.515,118.991,20.357,22.624,20.357,22.624,164.042,159.857,144.584,132.882,133.961,125.095,146.111,150.218,82.764,76.439,90.516,105.422,146.881,140.424,129.512,144.584,132.882,179.811,146.881,168.102,94.036,106.226,20.357,22.624,144.584,132.882,179.697,166.279,162.49
trikonasana,good,2,temp_VID_20260218_002728808.mp4,119.237,121.601,25.414,26.11,25.414,26.11,162.166,164.207,153.47,143.089,138.842,130.077,144.88,148.045,88.108,80.807,90.682,104.973,138.731,150.442,134.213,153.47,143.089,179.804,138.731,174.994,107.272,105.759,25.414,26.11,153.47,143.089,179.695,168.757,167.284
trikonasana,good,2,temp_VID_20260218_002728808.mp4,86.121,118.742,30.988,44.331,30.988,44.331,171.474,169.892,150.572,140.656,139.086,131.489,145.737,147.543,87.397,79.303,93.134,101.719,144.558,147.334,135.107,150.572,140.656,179.809,144.558,171.943,117.843,118.673,30.988,44.331,150.572,140.656,179.703,168.97,165.188
trikonasana,good,2,temp_VID_20260218_002728808.mp4,102.04,132.853,58.959,69.132,58.959,69.132,171.327,172.609,153.023,145.919,141.075,135.629,145.47,146.99,89.035,80.12,92.87,102.263,143.442,151.364,138.171,153.023,145.919,179.803,143.442,173.992,148.651,134.228,58.959,69.132,153.023,145.919,179.697,169.269,167.563
trikonasana,good,2,temp_VID_20260218_002728808.mp4,113.614,139.709,83.13,84.428,83.13,84.428,167.438,170.664,151.417,146.408,138.841,137.149,145.177,147.002,86.927,78.864,93.141,101.395,143.415,150.648,137.812,151.417,146.408,179.806,143.415,173.565,169.498,147.26,83.13,84.428,151.417,146.408,179.697,169.522,167.246
trikonasana,good,2,temp_VID_20260218_002728808.mp4,114.598,136.966,87.397,84.377,87.397,84.377,167.028,170.984,150.152,147.422,139.004,137.455,145.825,147.008,86.88,79.587,94.16,100.285,143.226,150.611,138.059,150.152,147.422,179.809,143.226,173.157,169.556,148.37,87.397,84.377,150.152,147.422,179.699,168.674,167.483
trikonasana,good,2,temp_VID_20260218_002728808.mp4,116.109,143.593,87.793,85.014,87.793,85.014,168.06,168.369,150.288,147.267,139.241,137.852,145.225,146.339,87.509,81.532,94.641,100.03,142.396,150.708,138.359,150.288,147.267,179.814,142.396,172.927,166.158,141.017,87.793,85.014,150.288,147.267,179.698,168.653,166.746
trikonasana,good,2,temp_VID_20260218_002728808.mp4,113.02,146.469,88.803,87.815,88.803,87.815,169.215,170.998,153.588,145.324,142.496,140.101,143.953,145.558,87.372,84.866,95.453,100.05,143.85,151.57,141.07,153.588,145.324,179.821,143.85,172.228,168.373,143.563,88.803,87.815,153.588,145.324,179.697,170.139,163.486
trikonasana,good,2,temp_VID_20260218_002728808.mp4,108.91,154.417,90.55,95.853,90.55,95.853,172.393,170.459,156.787,145.394,141.435,139.136,145.08,148.122,86.379,82.358,100.777,95.39,141.933,153.492,140.08,156.787,145.394,179.829,141.933,173.546,163.486,141.876,90.55,95.853,156.787,145.394,179.694,173.774,162.049
trikonasana,good,2,temp_VID_20260218_002728808.mp4,107.19,143.888,89.978,79.62,89.978,79.62,165.123,170.951,158.293,141.137,141.623,133.753,145.356,150.605,85.645,77.279,105.382,91.27,141.739,151.93,137.598,158.293,141.137,179.837,141.739,171.716,155.689,151.075,89.978,79.62,158.293,141.137,179.697,176.746,159.653
trikonasana,good,2,temp_VID_20260218_002728808.mp4,110.08,138.786,99.672,73.689,99.672,73.689,168.488,171.317,155.248,130.485,138.638,127.316,142.145,146.079,86.536,80.389,111.478,85.511,141.785,144.745,132.917,155.248,130.485,179.859,141.785,167.119,156.606,160.919,99.672,73.689,155.248,130.485,179.705,177.899,153.99
trikonasana,good,2,temp_VID_20260218_002728808.mp4,130.756,129.321,123.796,59.211,123.796,59.211,173.481,167.984,145.902,127.981,131.267,128.375,146.617,149.722,85.655,78.609,113.429,82.518,138.454,139.023,129.543,145.902,127.981,179.87,138.454,161.923,165.221,165.48,123.796,59.211,145.902,127.981,179.707,171.131,149.686
trikonasana,good,2,temp_VID_20260218_002728808.mp4,130.271,127.932,125.007,55.547,125.007,55.547,169.628,170.389,144.058,120.868,124.151,122.22,147.235,152.17,81.858,75.737,114.104,82.41,130.587,135.035,122.873,144.058,120.868,179.885,130.587,159.183,164.347,171.139,125.007,55.547,144.058,120.868,179.705,170.389,145.1
trikonasana,good,2,temp_VID_20260218_002728808.mp4,148.488,136.932,111.327,62.796,111.327,62.796,128.383,167.434,139.124,108.874,119.489,119.741,146.834,157.314,80.054,68.77,116.183,80.022,133.229,126.878,119.356,139.124,108.874,179.886,133.229,153.734,145.472,172.213,111.327,62.796,139.124,108.874,179.703,166.379,137.29
trikonasana,good,2,temp_VID_20260218_002728808.mp4,168.312,125.135,85.763,59.535,85.763,59.535,95.867,163.326,128.725,88.283,119.203,117.391,148.389,156.193,78.175,72.791,115.34,77.119,143.019,110.851,117.914,128.725,88.283,179.895,143.019,141.674,124.674,171.526,85.763,59.535,128.725,88.283,179.706,158.391,120.744
trikonasana,good,2,temp_VID_20260218_002728808.mp4,169.994,127.485,82.72,59.99,82.72,59.99,82.665,163.83,120.165,87.267,116.502,128.024,152.112,160.332,75.689,68.195,114.273,80.739,146.721,105.644,121.477,120.165,87.267,179.895,146.721,134.859,122.569,169.769,82.72,59.99,120.165,87.267,179.723,151.281,114.953
trikonasana,good,2,temp_VID_20260218_002728808.mp4,175.932,129.401,77.759,66.261,77.759,66.261,86.713,163.321,114.391,63.942,114.999,113.422,150.882,157.442,80.308,78.445,102.977,82.64,145.394,91.066,113.339,114.391,63.942,179.895,145.394,122.224,121.204,168.025,77.759,66.261,114.391,63.942,179.724,144.384,95.827
trikonasana,good,2,temp_VID_20260218_002728808.mp4,164.515,140.617,71.834,80.533,71.834,80.533,94.668,163.018,118.714,51.935,116.776,105.884,154.101,158.044,73.285,78.816,117.734,71.614,149.864,85.605,108.159,118.714,51.935,179.899,149.864,120.129,127.368,169.98,71.834,80.533,118.714,51.935,179.701,148.746,84.728
trikonasana,good,2,temp_VID_20260218_002728808.mp4,169.355,137.631,80.737,82.013,80.737,82.013,105.125,165.043,113.644,81.521,117.561,143.595,155.113,149.456,74.156,93.795,119.135,77.936,154.202,98.483,128.662,113.644,81.521,179.897,154.202,123.48,130.979,178.865,80.737,82.013,113.644,81.521,179.733,143.648,100.354
trikonasana,good,2,temp_VID_20260218_002950519.mp4,121.279,178.314,23.748,44.0,23.748,44.0,147.081,127.207,107.9,112.404,155.395,168.392,174.286,171.823,107.036,103.23,97.145,80.185,141.247,110.193,161.997,107.9,112.404,179.69,141.247,119.513,157.107,59.098,23.748,44.0,107.9,112.404,179.626,120.19,118.539
trikonasana,good,2,temp_VID_20260218_002950519.mp4,136.316,172.984,19.643,35.683,19.643,35.683,173.601,142.758,140.619,134.042,156.796,176.895,167.978,174.865,111.086,114.015,124.955,46.754,148.908,135.996,166.959,140.619,134.042,179.838,148.908,142.316,102.965,88.025,19.643,35.683,140.619,134.042,179.664,151.05,135.673
trikonasana,good,2,temp_VID_20260218_002950519.mp4,126.184,141.445,17.162,29.102,17.162,29.102,166.189,153.102,137.35,127.874,171.257,165.082,122.209,171.818,46.663,98.885,106.187,69.325,163.996,132.125,170.37,137.35,127.874,179.84,163.996,136.975,112.239,79.036,17.162,29.102,137.35,127.874,179.634,139.969,134.73
trikonasana,good,2,temp_VID_20260218_002950519.mp4,117.821,130.408,28.337,34.408,28.337,34.408,151.862,143.021,100.916,102.207,138.552,145.48,177.278,161.484,73.192,81.748,102.834,70.285,167.11,101.349,142.409,100.916,102.207,179.813,167.11,120.918,105.427,84.917,28.337,34.408,100.916,102.207,179.637,121.614,120.309
trikonasana,good,2,temp_VID_20260218_002950519.mp4,127.337,128.027,31.023,38.141,31.023,38.141,149.779,153.647,101.788,98.157,140.644,137.032,160.69,160.179,100.017,90.622,100.019,73.893,164.106,99.939,139.04,101.788,98.157,179.812,164.106,120.11,94.69,94.814,31.023,38.141,101.788,98.157,179.651,120.545,119.746
trikonasana,good,2,temp_VID_20260218_002950519.mp4,125.113,129.431,8.056,28.652,8.056,28.652,154.645,161.974,130.373,119.979,138.253,130.478,160.748,165.212,96.385,77.056,85.492,91.753,143.295,125.063,134.274,130.373,119.979,179.811,143.295,145.695,97.433,95.488,8.056,28.652,130.373,119.979,179.664,149.328,142.101
trikonasana,good,2,temp_VID_20260218_002950519.mp4,128.323,130.305,9.4,16.626,9.4,16.626,153.061,163.505,150.526,132.734,135.0,120.526,157.894,158.101,91.464,78.023,97.831,81.87,129.931,141.547,127.677,150.526,132.734,179.813,129.931,165.886,95.949,97.04,9.4,16.626,150.526,132.734,179.705,171.719,160.064
trikonasana,good,2,temp_VID_20260218_002950519.mp4,123.959,128.668,11.44,12.494,11.44,12.494,157.413,161.125,157.311,140.144,133.744,124.556,155.339,153.14,85.325,76.151,99.033,85.605,128.881,149.164,129.175,157.311,140.144,179.811,128.881,173.386,97.587,95.959,11.44,12.494,157.311,140.144,179.713,178.447,165.652
trikonasana,good,2,temp_VID_20260218_002950519.mp4,116.973,129.085,12.482,16.29,12.482,16.29,161.231,161.01,151.719,144.374,138.422,135.251,152.839,149.566,89.515,82.517,96.666,89.914,133.812,149.13,136.793,151.719,144.374,179.833,133.812,171.569,93.593,98.669,12.482,16.29,151.719,144.374,179.704,171.832,165.267
trikonasana,good,2,temp_VID_20260218_002950519.mp4,116.329,132.925,12.582,19.399,12.582,19.399,163.386,155.354,154.351,154.623,139.179,138.938,150.766,152.578,87.302,81.123,93.716,92.89,131.735,155.5,139.007,154.351,154.623,179.831,131.735,177.537,91.728,100.661,12.582,19.399,154.351,154.623,179.715,172.939,172.479
trikonasana,good,2,temp_VID_20260218_002950519.mp4,119.771,132.313,11.544,17.44,11.544,17.44,161.76,159.883,156.034,156.876,140.792,138.805,153.171,154.414,91.445,82.539,98.128,89.399,127.695,157.663,139.727,156.034,156.876,179.822,127.695,178.899,89.901,104.669,11.544,17.44,156.034,156.876,179.709,173.124,171.737
trikonasana,good,2,temp_VID_20260218_002950519.mp4,121.419,134.086,11.533,17.829,11.533,17.829,160.842,160.953,164.584,156.758,145.751,135.714,144.631,154.144,92.556,80.55,101.924,87.168,125.41,162.304,140.587,164.584,156.758,179.822,125.41,176.015,91.666,106.498,11.533,17.829,164.584,156.758,179.712,169.702,168.855
trikonasana,good,2,temp_VID_20260218_002950519.mp4,115.957,133.669,10.027,19.152,10.027,19.152,166.325,162.575,156.304,152.442,141.879,132.621,144.492,154.75,90.509,76.722,103.091,94.558,129.605,157.45,136.823,156.304,152.442,179.819,129.605,177.988,89.228,108.169,10.027,19.152,156.304,152.442,179.707,168.706,167.757
trikonasana,good,2,temp_VID_20260218_002950519.mp4,122.07,130.658,15.183,15.41,15.183,15.41,159.299,164.606,158.221,155.291,144.549,134.542,144.473,151.283,91.378,82.057,99.767,98.555,125.863,160.472,139.233,158.221,155.291,179.832,125.863,176.591,91.892,107.395,15.183,15.41,158.221,155.291,179.732,166.91,169.419
trikonasana,good,2,temp_VID_20260218_002950519.mp4,124.396,127.863,16.933,11.06,16.933,11.06,163.612,166.946,160.663,153.557,140.357,119.626,146.567,146.429,89.996,86.721,100.064,101.48,119.763,161.366,129.228,160.663,153.557,179.831,119.763,170.084,90.105,109.772,16.933,11.06,160.663,153.557,179.736,163.441,165.244
trikonasana,good,2,temp_VID_20260218_002950519.mp4,121.928,129.794,17.918,14.621,17.918,14.621,166.051,163.193,159.854,153.786,140.378,127.929,146.361,147.085,89.121,85.788,98.704,104.095,122.67,161.547,133.302,159.854,153.786,179.824,122.67,172.578,94.408,107.09,17.918,14.621,159.854,153.786,179.728,163.886,164.102
trikonasana,good,2,temp_VID_20260218_002950519.mp4,122.802,130.902,17.759,13.716,17.759,13.716,163.077,164.212,157.601,161.725,142.305,131.702,144.497,148.391,89.442,82.123,96.781,108.593,123.407,166.079,136.317,157.601,161.725,179.81,123.407,168.294,101.372,102.674,17.759,13.716,157.601,161.725,179.735,161.003,163.092
trikonasana,good,2,temp_VID_20260218_002950519.mp4,125.678,130.029,18.952,13.863,18.952,13.863,159.967,164.568,156.381,166.944,142.879,142.343,145.116,151.685,89.167,81.143,96.157,111.23,122.677,173.465,142.233,156.381,166.944,179.823,122.677,163.814,98.029,104.418,18.952,13.863,156.381,166.944,179.726,160.447,155.001
trikonasana,good,2,temp_VID_20260218_002950519.mp4,131.192,125.887,29.594,14.709,29.594,14.709,168.765,165.427,158.27,164.722,142.228,145.184,144.292,149.686,88.948,78.483,104.158,103.861,125.782,174.171,143.15,158.27,164.722,179.839,125.782,164.698,96.319,114.496,29.594,14.709,158.27,164.722,179.734,163.203,153.889
trikonasana,good,2,temp_VID_20260218_002950519.mp4,125.121,125.841,39.079,15.889,39.079,15.889,171.335,163.84,154.703,162.753,141.508,154.319,144.833,146.958,92.569,83.702,112.009,99.444,128.824,169.586,147.41,154.703,162.753,179.864,128.824,171.948,90.111,129.657,39.079,15.889,154.703,162.753,179.754,167.851,157.523
trikonasana,good,2,temp_VID_20260218_002950519.mp4,129.913,122.194,74.158,15.989,74.158,15.989,162.758,162.558,151.434,156.642,135.973,152.396,145.119,148.007,90.76,85.901,112.711,98.123,128.634,160.559,143.335,151.434,156.642,179.886,128.634,173.595,113.185,145.303,74.158,15.989,151.434,156.642,179.783,171.568,158.304
trikonasana,good,2,temp_VID_20260218_002950519.mp4,139.104,122.01,115.155,29.638,115.155,29.638,147.561,159.955,130.372,141.625,127.147,144.467,146.304,152.954,90.241,73.783,120.863,99.79,134.774,139.493,134.018,130.372,141.625,179.905,134.774,164.088,140.142,157.107,115.155,29.638,130.372,141.625,179.828,158.853,156.925
trikonasana,good,2,temp_VID_20260218_002950519.mp4,149.987,129.696,120.891,51.335,120.891,51.335,129.397,167.533,125.236,131.503,127.389,147.281,146.938,166.583,91.242,43.805,130.33,94.583,138.847,130.483,135.203,125.236,131.503,179.907,138.847,155.122,148.747,163.713,120.891,51.335,125.236,131.503,179.808,153.153,149.687
trikonasana,good,2,temp_VID_20260218_002950519.mp4,173.657,133.066,122.023,68.371,122.023,68.371,119.094,173.132,107.026,87.937,122.787,116.284,147.281,156.443,96.903,76.263,103.54,100.305,140.888,98.745,117.68,107.026,87.937,179.905,140.888,131.524,145.52,149.651,122.023,68.371,107.026,87.937,179.809,134.931,124.48
trikonasana,avg,1,1.mp4,106.218,115.343,113.721,62.555,113.721,62.555,47.582,117.357,86.611,77.475,94.941,121.683,128.074,159.769,69.292,100.421,120.714,63.027,163.878,82.061,108.026,86.611,77.475,179.931,163.878,117.296,154.231,144.826,113.721,62.555,86.611,77.475,179.875,134.567,103.682
trikonasana,avg,1,1.mp4,169.542,114.329,123.009,64.841,123.009,64.841,163.947,171.963,132.359,113.993,137.478,155.536,126.3,63.106,66.424,108.339,132.648,91.931,165.725,130.12,142.79,132.359,113.993,179.937,165.725,151.726,159.427,115.768,123.009,64.841,132.359,113.993,179.899,159.47,125.178
trikonasana,avg,1,1.mp4,155.261,123.269,100.228,80.058,100.228,80.058,141.063,164.812,124.034,79.839,133.802,129.962,120.887,111.375,70.118,75.731,115.237,100.806,167.774,105.026,124.678,124.034,79.839,179.923,167.774,135.648,162.243,116.965,100.228,80.058,124.034,79.839,179.89,152.162,103.474
trikonasana,avg,1,1.mp4,164.793,122.767,110.082,83.407,110.082,83.407,153.963,164.622,106.787,70.035,116.135,129.754,120.431,103.832,62.827,77.275,115.587,109.615,168.569,87.811,113.735,106.787,70.035,179.918,168.569,124.982,166.857,120.253,110.082,83.407,106.787,70.035,179.892,146.994,94.529
trikonasana,avg,1,1.mp4,166.18,123.69,123.541,86.061,123.541,86.061,151.928,163.004,107.299,76.832,114.958,136.891,126.751,119.491,56.822,84.241,118.358,105.946,169.664,91.759,117.398,107.299,76.832,179.912,169.664,127.643,167.169,128.269,123.541,86.061,107.299,76.832,179.893,149.459,98.764
trikonasana,avg,1,1.mp4,158.485,110.598,133.851,76.926,133.851,76.926,160.839,163.322,109.342,84.347,113.553,148.444,136.735,128.303,58.818,84.573,123.694,104.462,170.574,96.894,122.985,109.342,84.347,179.914,170.574,128.925,169.316,133.944,133.851,76.926,109.342,84.347,179.905,151.577,100.575
trikonasana,avg,1,1.mp4,144.333,85.584,116.719,55.011,116.719,55.011,167.328,166.925,105.85,82.608,104.41,143.075,143.837,155.163,36.035,89.834,123.522,106.869,171.792,93.231,114.666,105.85,82.608,179.912,171.792,131.785,170.1,149.827,116.719,55.011,105.85,82.608,179.901,156.374,102.234
trikonasana,avg,1,1.mp4,145.385,104.093,114.443,68.592,114.443,68.592,163.125,161.467,104.257,90.213,103.722,146.969,144.981,130.372,40.68,67.325,131.849,108.709,171.48,96.598,119.439,104.257,90.213,179.914,171.48,131.497,164.583,132.509,114.443,68.592,104.257,90.213,179.907,153.325,107.862
trikonasana,avg,1,1.mp4,155.185,115.312,123.168,80.174,123.168,80.174,165.313,161.473,94.154,83.869,91.405,140.796,145.808,145.914,42.801,80.889,128.062,116.731,168.665,85.95,108.784,94.154,83.869,179.903,168.665,126.96,170.694,129.816,123.168,80.174,94.154,83.869,179.903,149.935,104.826
trikonasana,avg,1,1.mp4,158.47,125.423,128.988,92.009,128.988,92.009,166.734,164.894,98.087,82.21,96.579,136.687,148.361,142.19,47.915,77.297,126.21,113.487,168.742,87.029,110.377,98.087,82.21,179.903,168.742,127.759,165.519,128.661,128.988,92.009,98.087,82.21,179.903,150.603,105.447
trikonasana,avg,1,1.mp4,159.976,127.29,130.062,95.051,130.062,95.051,166.379,165.401,99.805,79.788,98.565,139.091,153.007,127.422,48.519,67.691,123.47,112.882,169.082,86.304,111.436,99.805,79.788,179.897,169.082,124.827,161.231,128.595,130.062,95.051,99.805,79.788,179.903,150.032,100.725
trikonasana,avg,1,2.mp4,141.115,138.163,49.041,45.658,49.041,45.658,140.595,153.352,156.977,129.366,152.161,116.686,114.815,110.716,96.32,52.321,89.047,92.072,126.529,149.629,133.178,156.977,129.366,179.948,126.529,173.394,117.741,110.224,49.041,45.658,156.977,129.366,179.903,162.528,149.295
trikonasana,avg,1,2.mp4,144.974,137.34,53.872,51.963,53.872,51.963,138.327,158.66,156.386,130.539,155.211,127.9,114.903,109.729,99.168,55.101,93.126,89.603,131.497,149.722,140.893,156.386,130.539,179.944,131.497,169.898,119.933,104.626,53.872,51.963,156.386,130.539,179.907,163.206,147.677
trikonasana,avg,1,2.mp4,140.7,134.701,56.307,43.162,56.307,43.162,143.811,154.625,153.314,123.966,150.912,129.342,120.905,109.753,92.711,57.606,95.951,88.806,129.848,145.449,138.538,153.314,123.966,179.952,129.848,167.041,118.042,96.501,56.307,43.162,153.314,123.966,179.899,163.285,142.235
trikonasana,avg,1,2.mp4,137.833,122.34,57.555,33.016,57.555,33.016,145.823,157.979,151.398,121.448,144.965,127.442,120.687,110.86,93.764,53.99,96.013,89.364,126.058,143.675,134.263,151.398,121.448,179.952,126.058,167.051,118.107,100.648,57.555,33.016,151.398,121.448,179.899,164.468,140.103
trikonasana,avg,1,2.mp4,134.763,108.88,54.581,23.28,54.581,23.28,144.392,162.961,149.122,122.34,134.821,113.049,127.314,113.815,85.171,50.179,91.029,90.374,122.673,141.699,121.869,149.122,122.34,179.948,122.673,171.434,113.554,104.233,54.581,23.28,149.122,122.34,179.907,164.892,144.449
trikonasana,avg,1,2.mp4,135.063,114.391,53.189,25.387,53.189,25.387,140.708,161.409,150.967,128.411,138.142,120.809,125.501,114.358,89.792,52.093,92.982,89.017,122.602,146.506,127.659,150.967,128.411,179.952,122.602,172.889,111.683,104.36,53.189,25.387,150.967,128.411,179.905,164.201,146.527
trikonasana,avg,1,2.mp4,123.605,104.507,49.035,24.139,49.035,24.139,145.222,163.517,144.491,125.003,134.254,107.443,125.357,119.104,88.102,50.878,88.84,89.928,127.115,139.085,119.174,144.491,125.003,179.952,127.115,172.808,102.133,111.106,49.035,24.139,144.491,125.003,179.914,165.446,148.481
trikonasana,avg,1,2.mp4,136.55,109.662,53.042,22.474,53.042,22.474,142.235,160.109,148.803,134.313,135.913,115.445,123.649,117.543,90.294,52.438,92.611,89.038,123.483,146.753,124.278,148.803,134.313,179.952,123.483,171.711,107.581,111.36,53.042,22.474,148.803,134.313,179.909,167.631,146.982
trikonasana,avg,1,2.mp4,132.423,115.094,58.744,27.999,58.744,27.999,158.018,161.657,156.044,142.503,137.204,123.265,122.978,117.362,87.932,52.956,101.351,85.541,124.306,156.69,129.522,156.044,142.503,179.944,124.306,165.291,115.846,107.323,58.744,27.999,156.044,142.503,179.914,168.865,142.834
trikonasana,avg,1,2.mp4,131.25,113.997,55.972,27.414,55.972,27.414,155.661,165.585,156.672,139.202,137.162,122.588,120.925,117.255,91.102,53.722,99.701,86.201,125.484,154.275,129.084,156.672,139.202,179.944,125.484,164.554,115.068,102.825,55.972,27.414,156.672,139.202,179.914,171.032,141.559
trikonasana,avg,1,2.mp4,146.942,134.008,60.572,42.187,60.572,42.187,162.816,161.623,170.58,143.907,144.829,131.833,114.527,115.49,102.044,56.414,102.969,84.789,111.194,166.758,137.65,170.58,143.907,179.937,111.194,151.567,137.179,104.142,60.572,42.187,170.58,143.907,179.912,153.108,136.752
trikonasana,avg,1,2.mp4,136.971,124.898,70.188,68.029,70.188,68.029,160.4,170.277,172.462,143.345,141.414,122.511,119.072,120.467,94.65,53.678,103.326,85.77,112.532,166.005,131.12,172.462,143.345,179.937,112.532,148.979,141.012,131.647,70.188,68.029,172.462,143.345,179.909,153.24,134.871
trikonasana,avg,1,2.mp4,136.523,148.911,84.726,94.316,84.726,94.316,172.95,170.078,169.407,145.833,131.775,123.595,123.113,119.579,86.512,56.626,105.64,88.927,113.828,166.08,126.844,169.407,145.833,179.937,113.828,148.333,156.108,121.916,84.726,94.316,169.407,145.833,179.903,155.582,132.394
trikonasana,avg,1,2.mp4,147.805,161.641,82.016,84.159,82.016,84.159,174.762,173.906,171.3,143.616,122.109,124.915,115.484,127.794,98.407,50.731,104.418,97.332,91.517,165.709,122.3,171.3,143.616,179.948,91.517,133.254,167.825,108.908,82.016,84.159,171.3,143.616,179.907,144.326,116.627
trikonasana,avg,1,2.mp4,153.012,158.337,87.758,91.718,87.758,91.718,175.79,172.533,167.494,146.105,118.124,125.966,123.103,121.78,85.584,56.436,106.413,96.553,99.427,168.708,121.028,167.494,146.105,179.941,99.427,136.969,168.079,110.469,87.758,91.718,167.494,146.105,179.907,147.838,120.357
trikonasana,avg,1,2.mp4,150.57,162.566,93.211,100.508,93.211,100.508,172.068,174.979,161.935,148.891,124.423,128.452,116.69,119.359,92.234,60.518,105.805,93.442,112.572,166.693,125.586,161.935,148.891,179.948,112.572,149.902,168.9,110.277,93.211,100.508,161.935,148.891,179.907,158.491,131.948
trikonasana,avg,1,2.mp4,146.36,159.079,95.303,102.759,95.303,102.759,171.984,174.455,158.029,148.736,126.08,137.427,115.511,117.11,92.774,63.593,108.81,92.339,117.969,166.436,131.135,158.029,148.736,179.944,117.969,153.473,167.826,112.398,95.303,102.759,158.029,148.736,179.909,163.434,133.335
trikonasana,avg,1,2.mp4,140.987,159.121,95.703,108.321,95.703,108.321,173.041,173.674,155.455,147.856,127.538,136.832,120.87,120.336,84.586,59.125,109.36,90.119,126.838,160.889,131.624,155.455,147.856,179.944,126.838,157.465,166.833,113.74,95.703,108.321,155.455,147.856,179.907,167.995,137.971
trikonasana,avg,1,2.mp4,137.899,159.174,89.5,121.215,89.5,121.215,161.677,172.986,146.958,145.44,127.669,143.391,127.204,122.718,74.045,54.868,113.354,88.135,142.467,151.957,135.352,146.958,145.44,179.941,142.467,162.525,159.979,117.582,89.5,121.215,146.958,145.44,179.905,177.32,145.639
trikonasana,avg,1,2.mp4,139.247,154.184,87.953,116.909,87.953,116.909,168.471,172.553,152.055,138.534,129.751,142.533,122.505,119.252,81.118,56.482,112.026,88.134,136.047,150.764,135.759,152.055,138.534,179.941,136.047,153.817,160.934,115.018,87.953,116.909,152.055,138.534,179.905,171.83,134.6
trikonasana,avg,1,2.mp4,156.639,152.051,89.136,104.986,89.136,104.986,171.159,173.201,141.233,129.611,112.138,139.049,117.138,122.512,91.297,53.133,110.673,100.105,119.832,143.85,124.388,141.233,129.611,179.934,119.832,140.217,168.565,111.609,89.136,104.986,141.233,129.611,179.907,163.947,118.377
trikonasana,avg,1,2.mp4,128.692,126.43,82.919,103.205,82.919,103.205,169.578,168.181,113.286,135.794,103.334,150.587,119.832,132.251,83.536,46.936,120.939,103.875,146.752,131.917,127.643,113.286,135.794,179.929,146.752,148.631,151.324,140.189,82.919,103.205,113.286,135.794,179.907,156.994,136.662
trikonasana,avg,1,2.mp4,157.851,136.733,63.513,105.588,63.513,105.588,78.214,168.626,108.302,136.595,100.691,158.106,99.938,132.918,103.268,45.605,126.391,102.731,151.186,130.172,132.432,108.302,136.595,179.926,151.186,147.116,135.258,142.736,63.513,105.588,108.302,136.595,179.901,153.37,138.639
trikonasana,avg,1,2.mp4,157.148,113.849,58.63,90.507,58.63,90.507,74.202,170.544,109.497,129.033,98.758,151.846,146.999,138.947,52.533,43.045,126.933,100.808,150.067,123.554,126.671,109.497,129.033,179.918,150.067,145.068,125.886,163.187,58.63,90.507,109.497,129.033,179.895,154.471,136.715
trikonasana,avg,1,2.mp4,161.906,119.79,71.12,93.302,71.12,93.302,106.057,173.303,98.837,127.344,96.921,154.181,140.94,134.822,56.058,48.999,128.21,103.103,150.193,117.015,126.639,98.837,127.344,179.921,150.193,141.61,132.095,141.303,71.12,93.302,98.837,127.344,179.895,145.973,135.213
trikonasana,avg,1,2.mp4,163.13,113.588,92.502,82.497,92.502,82.497,142.079,173.682,96.741,130.186,99.424,158.59,151.798,136.126,43.45,47.966,131.782,101.638,148.111,118.596,132.155,96.741,130.186,179.926,148.111,140.359,147.144,133.57,92.502,82.497,96.741,130.186,179.901,142.892,135.307
trikonasana,avg,1,2.mp4,147.511,100.697,101.799,67.011,101.799,67.011,162.803,172.822,78.808,131.046,86.788,159.439,138.199,135.074,60.036,48.389,132.796,111.823,153.1,107.854,124.11,78.808,131.046,179.923,153.1,134.797,155.164,129.056,101.799,67.011,78.808,131.046,179.909,127.817,134.42
trikonasana,avg,1,2.mp4,150.695,101.673,107.155,67.667,107.155,67.667,162.871,172.973,66.11,128.493,80.443,158.913,132.182,132.178,68.087,53.871,135.561,118.645,155.043,93.18,113.275,66.11,128.493,179.926,155.043,127.862,159.31,120.22,107.155,67.667,66.11,128.493,179.909,110.763,132.96
trikonasana,avg,1,2.mp4,144.555,121.822,99.778,81.991,99.778,81.991,166.13,173.423,68.116,120.814,75.576,160.48,137.636,125.275,60.308,58.609,135.616,124.07,151.845,87.022,109.407,68.116,120.814,179.926,151.845,120.587,151.803,107.615,99.778,81.991,68.116,120.814,179.918,112.151,123.94
trikonasana,avg,1,2.mp4,135.318,107.742,80.304,72.039,80.304,72.039,151.942,174.584,69.409,125.935,79.86,159.249,137.491,130.608,60.402,48.299,137.609,121.138,153.634,92.986,114.474,69.409,125.935,179.921,153.634,125.969,130.321,119.299,80.304,72.039,69.409,125.935,179.921,114.844,130.546
trikonasana,avg,1,2.mp4,143.545,107.639,99.963,71.013,99.963,71.013,162.731,173.273,65.189,131.575,84.652,163.371,135.552,135.912,73.581,48.828,141.542,123.697,156.852,94.954,119.122,65.189,131.575,179.918,156.852,125.614,151.88,119.118,99.963,71.013,65.189,131.575,179.923,102.917,134.39
trikonasana,avg,1,2.mp4,134.63,112.22,95.337,74.321,95.337,74.321,170.1,173.511,72.656,125.673,84.266,168.134,138.673,129.486,69.701,53.865,141.738,118.69,155.12,97.514,126.079,72.656,125.673,179.923,155.12,122.546,148.707,114.774,95.337,74.321,72.656,125.673,179.918,115.343,125.817
trikonasana,avg,1,2.mp4,140.091,118.915,90.692,83.203,90.692,83.203,160.512,175.424,74.229,108.837,78.726,152.861,151.73,128.774,50.33,51.695,132.222,117.614,156.029,86.377,110.081,74.229,108.837,179.918,156.029,121.963,143.457,107.908,90.692,83.203,74.229,108.837,179.921,123.752,120.545
trikonasana,avg,1,2.mp4,168.134,125.98,63.812,88.39,63.812,88.39,104.174,174.227,84.448,99.636,87.054,142.272,150.29,132.385,45.043,48.066,128.241,107.286,155.537,89.256,111.614,84.448,99.636,179.909,155.537,124.085,114.092,106.798,63.812,88.39,84.448,99.636,179.909,131.812,118.319
trikonasana,avg,1,2.mp4,174.488,131.561,54.352,94.788,54.352,94.788,86.352,173.382,88.934,96.221,96.008,144.361,144.065,123.502,47.893,49.513,127.143,100.275,155.992,90.261,117.651,88.934,96.221,179.901,155.992,121.944,112.009,111.849,54.352,94.788,88.934,96.221,179.907,131.787,113.945
trikonasana,avg,1,2.mp4,165.979,128.204,53.877,91.746,53.877,91.746,97.752,172.488,92.812,97.147,101.424,146.57,144.331,121.737,45.714,47.714,131.151,95.269,155.91,93.395,122.471,92.812,97.147,179.912,155.91,122.95,108.009,111.214,53.877,91.746,92.812,97.147,179.914,133.095,114.344
trikonasana,avg,1,2.mp4,169.894,125.12,46.128,89.374,46.128,89.374,79.083,172.296,94.957,90.161,103.573,142.725,145.403,124.28,44.085,51.929,129.241,92.294,155.365,90.767,121.481,94.957,90.161,179.905,155.365,121.925,101.607,115.729,46.128,89.374,94.957,90.161,179.907,134.459,110.299
trikonasana,avg,1,2.mp4,133.339,123.457,51.836,89.002,51.836,89.002,122.926,173.402,93.297,85.234,97.225,140.439,150.036,124.683,40.895,55.29,124.438,96.897,156.249,86.42,116.018,93.297,85.234,179.893,156.249,120.087,119.184,125.911,51.836,89.002,93.297,85.234,179.909,134.22,106.37
trikonasana,avg,1,2.mp4,127.982,123.882,84.443,88.551,84.443,88.551,162.001,171.21,90.624,86.568,95.852,137.619,149.45,129.663,42.826,53.025,125.278,98.888,159.16,85.181,114.846,90.624,86.568,179.888,159.16,120.699,156.082,133.379,84.443,88.551,90.624,86.568,179.909,133.089,110.098
trikonasana,avg,1,2.mp4,135.459,121.402,94.775,85.37,94.775,85.37,166.258,169.712,90.476,78.842,93.34,128.151,151.351,132.672,42.284,51.066,118.945,100.674,160.608,81.009,108.638,90.476,78.842,179.888,160.608,120.027,155.747,136.912,94.775,85.37,90.476,78.842,179.907,133.657,107.827
trikonasana,avg,1,2.mp4,144.529,126.174,100.778,87.771,100.778,87.771,161.485,168.378,88.475,82.521,90.367,132.462,151.754,132.245,42.853,51.035,123.421,101.571,162.95,81.41,109.094,88.475,82.521,179.893,162.95,120.029,145.163,137.03,100.778,87.771,88.475,82.521,179.893,133.229,108.859
trikonasana,avg,1,2.mp4,139.078,122.773,105.604,82.837,105.604,82.837,162.832,165.465,95.071,81.504,98.544,130.138,150.867,131.831,42.497,49.357,124.217,94.528,165.526,85.024,112.407,95.071,81.504,179.899,165.526,122.165,140.893,134.149,105.604,82.837,95.071,81.504,179.888,136.359,108.995
trikonasana,avg,1,2.mp4,145.642,124.04,120.458,82.069,120.458,82.069,165.202,162.913,94.543,83.631,99.12,134.425,152.226,130.19,44.413,51.839,125.382,94.222,165.784,86.039,114.578,94.543,83.631,179.897,165.784,121.115,136.509,137.075,120.458,82.069,94.543,83.631,179.89,135.455,108.094
trikonasana,avg,1,2.mp4,148.321,122.319,128.986,80.747,128.986,80.747,167.349,163.021,93.506,85.618,97.543,134.258,151.197,131.166,46.395,52.27,125.464,95.525,165.441,86.47,113.888,93.506,85.618,179.899,165.441,122.235,132.837,136.756,128.986,80.747,93.506,85.618,179.892,135.616,110.488
trikonasana,avg,1,2.mp4,146.931,120.841,130.053,79.871,130.053,79.871,166.781,163.165,98.266,88.185,103.157,138.347,151.344,131.265,45.851,52.325,128.241,92.227,165.732,89.879,119.217,98.266,88.185,179.901,165.732,121.737,124.351,134.188,130.053,79.871,98.266,88.185,179.893,134.864,110.512
trikonasana,avg,1,2.mp4,145.808,120.936,129.932,80.686,129.932,80.686,167.883,164.152,96.301,87.843,101.095,141.325,151.506,126.942,45.732,52.667,129.727,93.197,165.093,88.76,119.462,96.301,87.843,179.897,165.093,120.363,131.92,136.474,129.932,80.686,96.301,87.843,179.89,134.168,108.33
trikonasana,avg,1,2.mp4,148.328,119.291,131.201,78.375,131.201,78.375,167.344,163.989,88.29,88.044,92.803,143.648,153.177,122.968,47.218,50.586,129.491,98.728,164.278,84.121,115.512,88.29,88.044,179.899,164.278,116.744,132.641,136.122,131.201,78.375,88.29,88.044,179.893,129.591,106.857
trikonasana,avg,1,2.mp4,155.995,114.797,136.563,74.569,136.563,74.569,167.864,164.336,83.666,87.819,88.618,143.365,152.599,123.0,46.954,51.889,127.907,102.447,164.242,81.562,112.52,83.666,87.819,179.899,164.242,116.203,131.539,136.259,136.563,74.569,83.666,87.819,179.895,128.521,106.755
trikonasana,avg,1,2.mp4,155.956,113.998,135.613,73.595,135.613,73.595,165.406,163.788,84.738,88.278,89.526,144.629,153.306,120.967,46.361,51.448,127.534,101.934,165.234,82.398,113.552,84.738,88.278,179.901,165.234,116.715,131.326,134.095,135.613,73.595,84.738,88.278,179.897,129.555,106.56
trikonasana,avg,1,2.mp4,152.659,120.198,134.775,81.877,134.775,81.877,165.891,166.006,87.474,91.15,93.193,145.978,152.614,116.598,46.454,49.072,128.87,100.443,165.995,85.669,116.845,87.474,91.15,179.897,165.995,118.625,133.596,134.022,134.775,81.877,87.474,91.15,179.895,130.861,108.947
trikonasana,avg,1,2.mp4,151.526,122.004,133.11,82.924,133.11,82.924,166.208,164.902,84.42,93.455,91.039,147.691,148.144,112.671,46.646,46.488,129.285,102.007,167.99,85.066,116.319,84.42,93.455,179.899,167.99,118.831,135.433,134.126,133.11,82.924,84.42,93.455,179.897,129.862,110.45
trikonasana,avg,1,2.mp4,152.965,107.075,131.849,68.572,131.849,68.572,165.222,164.399,84.234,100.902,90.021,149.344,148.043,117.348,45.89,41.0,133.45,102.678,167.18,88.792,117.755,84.234,100.902,179.899,167.18,122.639,137.939,132.176,131.849,68.572,84.234,100.902,179.901,130.527,117.496
trikonasana,avg,1,2.mp4,148.506,103.042,129.471,64.006,129.471,64.006,165.507,163.834,83.809,103.267,88.609,150.732,149.5,118.272,43.848,41.136,134.347,104.006,166.326,89.709,117.878,83.809,103.267,179.901,166.326,123.694,140.961,130.649,129.471,64.006,83.809,103.267,179.903,131.107,119.081
trikonasana,avg,1,2.mp4,149.134,110.77,128.54,72.261,128.54,72.261,164.684,165.036,83.333,101.29,87.986,147.681,149.702,116.732,43.807,43.116,132.697,104.702,166.403,88.382,115.832,83.333,101.29,179.899,166.403,123.644,142.042,132.273,128.54,72.261,83.333,101.29,179.905,131.17,118.893
trikonasana,avg,1,2.mp4,145.788,125.521,123.647,84.742,123.647,84.742,164.089,165.355,81.221,95.031,83.448,147.626,148.938,112.128,45.923,41.755,130.233,108.231,164.835,82.281,111.35,81.221,95.031,179.899,164.835,118.106,143.71,132.756,123.647,84.742,81.221,95.031,179.901,127.493,112.329
trikonasana,avg,1,2.mp4,145.792,124.295,122.929,80.665,122.929,80.665,163.722,163.441,80.027,95.581,83.748,148.822,150.287,111.484,47.026,43.153,130.24,108.588,166.213,82.391,111.918,80.027,95.581,179.899,166.213,118.451,150.748,131.381,122.929,80.665,80.027,95.581,179.903,127.61,112.368
trikonasana,avg,1,2.mp4,146.791,117.558,121.26,76.186,121.26,76.186,163.761,165.16,78.461,91.661,80.726,146.348,152.591,111.265,46.018,47.067,126.458,111.122,164.366,79.222,107.907,78.461,91.661,179.903,164.366,117.309,153.456,129.995,121.26,76.186,78.461,91.661,179.909,127.905,109.754
trikonasana,avg,1,2.mp4,138.295,122.923,108.056,63.865,108.056,63.865,163.628,140.847,74.696,89.391,88.096,143.729,147.318,113.597,57.075,47.703,120.537,112.873,166.446,76.315,110.697,74.696,89.391,179.901,166.446,111.299,165.518,129.541,108.056,63.865,74.696,89.391,179.907,116.357,108.806
trikonasana,avg,1,2.mp4,133.599,104.223,95.162,53.686,95.162,53.686,161.545,144.303,73.227,107.129,92.475,160.123,145.609,112.983,60.632,51.451,130.542,112.749,165.705,85.666,121.549,73.227,107.129,179.912,165.705,115.784,175.891,132.47,95.162,53.686,73.227,107.129,179.909,114.129,117.043
trikonasana,avg,1,2.mp4,129.486,127.162,66.911,64.573,66.911,64.573,140.625,135.846,80.2,88.712,98.037,151.709,139.202,111.992,70.207,61.577,115.593,108.082,157.279,81.402,119.978,80.2,88.712,179.909,157.279,108.618,160.711,139.564,66.911,64.573,80.2,88.712,179.905,117.306,101.289
trikonasana,avg,1,2.mp4,157.251,152.05,51.038,77.576,51.038,77.576,109.902,128.543,98.322,75.046,113.4,139.381,150.355,112.909,57.72,67.112,103.582,95.289,149.854,86.175,123.935,98.322,75.046,179.929,149.854,108.807,144.84,143.998,51.038,77.576,98.322,75.046,179.893,129.087,89.579
trikonasana,avg,1,2.mp4,141.11,148.923,59.247,98.05,59.247,98.05,136.013,142.197,110.759,72.744,111.752,101.275,155.059,119.44,58.0,64.719,98.883,93.047,136.961,90.804,104.953,110.759,72.744,179.937,136.961,120.486,153.541,156.173,59.247,98.05,110.759,72.744,179.893,142.462,99.502
trikonasana,avg,1,2.mp4,126.487,155.38,64.663,102.065,64.663,102.065,149.093,139.705,104.028,75.158,116.485,95.575,110.644,111.068,111.113,71.489,107.101,87.959,147.839,89.731,104.121,104.028,75.158,179.934,147.839,126.454,161.27,163.803,64.663,102.065,104.028,75.158,179.89,135.907,113.572
trikonasana,avg,1,2.mp4,133.109,151.943,79.769,111.019,79.769,111.019,159.119,158.593,116.694,86.868,109.815,92.099,111.553,117.218,106.655,66.948,102.746,91.532,137.797,102.078,99.237,116.694,86.868,179.931,137.797,142.133,171.59,160.35,79.769,111.019,116.694,86.868,179.893,155.364,124.525
trikonasana,avg,1,2.mp4,145.982,160.048,85.393,112.356,85.393,112.356,162.91,165.301,138.655,99.723,107.556,79.45,125.286,133.017,85.716,51.535,94.567,94.734,123.284,118.88,90.954,138.655,99.723,179.937,123.284,159.757,163.859,148.35,85.393,112.356,138.655,99.723,179.893,175.341,136.574
trikonasana,avg,1,2.mp4,147.468,164.576,84.485,108.951,84.485,108.951,162.96,173.785,155.476,113.224,116.854,84.893,131.262,136.116,76.597,46.764,97.026,94.001,119.662,135.532,98.114,155.476,113.224,179.937,119.662,165.193,159.774,144.152,84.485,108.951,155.476,113.224,179.895,157.865,146.046
trikonasana,avg,1,2.mp4,151.103,159.395,87.398,100.381,87.398,100.381,165.036,177.712,149.906,129.348,111.509,88.883,125.789,125.561,80.105,58.341,96.684,97.356,114.928,144.399,98.41,149.906,129.348,179.934,114.928,161.126,157.173,136.071,87.398,100.381,149.906,129.348,179.895,154.141,148.111
trikonasana,avg,1,2.mp4,146.373,157.228,92.439,101.188,92.439,101.188,163.463,175.476,146.336,141.588,114.66,110.497,133.377,123.278,67.069,58.764,102.226,95.183,126.731,150.26,111.795,146.336,141.588,179.934,126.731,162.119,158.412,133.077,92.439,101.188,146.336,141.588,179.897,153.549,152.979
trikonasana,avg,1,2.mp4,134.419,159.071,94.228,99.516,94.228,99.516,169.432,172.956,141.387,146.734,116.887,116.898,127.854,121.729,75.347,59.146,102.819,94.268,129.566,149.439,116.174,141.387,146.734,179.934,129.566,167.497,162.552,127.368,94.228,99.516,141.387,146.734,179.897,157.045,156.617
trikonasana,avg,1,2.mp4,151.211,166.362,100.783,100.212,100.783,100.212,174.546,178.118,149.061,143.298,121.899,125.882,127.561,110.614,79.03,72.53,106.579,91.665,126.355,153.883,122.665,149.061,143.298,179.934,126.355,169.6,162.072,124.38,100.783,100.212,149.061,143.298,179.897,157.102,154.124
trikonasana,avg,1,20260221_081320.mp4,117.801,145.267,73.702,74.792,73.702,74.792,144.941,128.691,73.011,87.658,132.019,111.355,155.923,153.241,70.479,65.023,74.694,144.334,115.109,78.761,124.025,73.011,87.658,179.746,115.109,101.727,166.453,39.999,73.702,74.792,73.011,87.658,179.789,99.049,105.25
trikonasana,avg,1,20260221_081320.mp4,90.136,104.571,93.359,48.78,93.359,48.78,163.706,56.58,47.443,41.196,164.687,141.454,90.703,174.587,12.811,76.056,43.937,165.658,156.566,42.159,169.391,47.443,41.196,179.886,156.566,40.576,160.424,89.32,93.359,48.78,47.443,41.196,179.808,44.625,34.531
trikonasana,avg,1,20260221_081320.mp4,141.46,164.216,90.981,63.974,90.981,63.974,141.149,156.038,63.588,35.153,153.76,106.851,159.807,170.755,93.538,87.548,40.391,161.527,145.228,48.087,152.195,63.588,35.153,179.784,145.228,49.869,124.514,80.088,90.981,63.974,63.588,35.153,179.779,68.141,25.055
trikonasana,avg,1,20260221_081320.mp4,82.161,130.383,106.265,131.957,106.265,131.957,117.03,133.31,60.591,59.944,170.397,169.646,95.228,166.644,47.83,101.854,90.149,129.991,156.305,59.193,170.749,60.591,59.944,179.829,156.305,56.554,168.567,72.891,106.265,131.957,60.591,59.944,179.831,56.586,58.223
trikonasana,avg,1,20260221_081320.mp4,121.784,153.076,83.419,39.854,83.419,39.854,112.366,106.033,30.398,44.366,130.587,122.252,96.044,154.188,55.979,84.548,72.484,123.461,142.099,36.573,160.93,30.398,44.366,179.544,142.099,32.021,136.438,101.544,83.419,39.854,30.398,44.366,179.69,37.8,33.728
trikonasana,avg,1,20260221_081320.mp4,132.309,129.319,104.968,37.646,104.968,37.646,100.715,96.836,68.618,57.555,133.55,110.588,94.476,166.335,69.152,96.177,90.545,81.335,157.975,62.539,164.846,68.618,57.555,179.747,157.975,67.829,121.556,121.258,104.968,37.646,68.618,57.555,179.704,81.911,64.846
trikonasana,avg,1,20260221_081745.mp4,92.135,139.302,17.303,48.022,17.303,48.022,155.19,141.681,140.125,87.865,154.356,102.265,146.201,151.655,50.283,47.946,141.158,140.446,144.087,143.208,124.125,140.125,87.865,179.893,144.087,174.425,116.197,100.323,17.303,48.022,140.125,87.865,179.839,145.603,122.334
trikonasana,avg,1,20260221_081745.mp4,92.97,142.745,15.822,51.028,15.822,51.028,150.659,139.808,141.513,88.066,159.509,105.592,141.603,153.319,49.655,45.64,139.577,146.0,146.123,148.74,132.703,141.513,88.066,179.905,146.123,175.409,123.811,97.622,15.822,51.028,141.513,88.066,179.852,145.695,123.451
trikonasana,avg,1,20260221_081745.mp4,93.688,144.191,16.67,55.854,16.67,55.854,152.066,141.389,138.548,86.689,157.625,105.454,126.5,155.799,44.274,47.595,140.676,147.478,145.414,143.57,129.056,138.548,86.689,179.905,145.414,176.296,126.38,103.074,16.67,55.854,138.548,86.689,179.857,144.132,122.659
trikonasana,avg,1,20260221_081745.mp4,88.944,141.248,16.568,55.424,16.568,55.424,156.431,150.611,131.807,88.469,154.759,105.661,119.886,159.005,41.067,50.676,140.592,148.643,142.049,142.845,125.8,131.807,88.469,179.909,142.049,179.256,125.154,104.212,16.568,55.424,131.807,88.469,179.863,138.189,123.914
trikonasana,avg,1,20260221_081745.mp4,84.913,148.683,17.01,58.448,17.01,58.448,156.275,144.568,127.294,91.243,153.19,108.957,120.221,162.541,41.335,55.794,139.189,148.742,140.768,143.542,125.847,127.294,91.243,179.914,140.768,179.181,123.793,107.852,17.01,58.448,127.294,91.243,179.866,134.726,124.593
trikonasana,avg,1,20260221_081745.mp4,88.081,163.616,24.022,63.061,24.022,63.061,152.629,138.124,122.001,91.504,150.237,106.229,121.587,164.311,40.746,58.765,141.873,149.506,141.883,140.626,120.889,122.001,91.504,179.907,141.883,176.693,125.755,115.406,24.022,63.061,122.001,91.504,179.863,130.979,125.032
trikonasana,avg,1,20260221_081745.mp4,88.962,158.77,24.258,60.175,24.258,60.175,155.092,139.88,123.692,94.609,155.295,110.024,120.357,163.663,41.967,60.59,139.664,151.364,143.193,147.173,128.538,123.692,94.609,179.907,143.193,175.539,126.607,112.625,24.258,60.175,123.692,94.609,179.863,131.054,126.534
trikonasana,avg,1,20260221_081745.mp4,93.464,167.326,21.334,66.528,21.334,66.528,154.612,133.056,131.248,93.057,165.228,114.436,125.356,162.439,39.835,62.906,136.326,154.936,144.034,158.891,142.284,131.248,93.057,179.921,144.034,175.036,129.04,112.79,21.334,66.528,131.248,93.057,179.873,134.564,123.515
trikonasana,avg,1,20260221_081745.mp4,89.527,157.864,19.965,61.666,19.965,61.666,159.09,137.163,129.907,95.066,162.782,113.659,126.193,160.657,41.012,57.892,135.218,153.701,144.752,155.463,138.274,129.907,95.066,179.916,144.752,175.056,126.239,109.37,19.965,61.666,129.907,95.066,179.872,133.795,126.395
trikonasana,avg,1,20260221_081745.mp4,90.991,139.611,26.859,51.345,26.859,51.345,154.01,146.198,128.362,98.342,162.635,118.801,124.572,155.687,42.431,63.3,134.02,152.574,149.016,151.773,138.613,128.362,98.342,179.909,149.016,174.931,129.393,103.301,26.859,51.345,128.362,98.342,179.867,133.223,126.935
trikonasana,avg,1,20260221_081745.mp4,91.331,133.384,40.545,61.712,40.545,61.712,163.065,162.233,124.915,99.112,163.475,120.481,116.757,151.233,49.344,73.874,138.03,151.876,155.148,143.285,136.674,124.915,99.112,179.897,155.148,166.751,131.398,124.035,40.545,61.712,124.915,99.112,179.857,130.307,127.445
trikonasana,avg,1,20260221_081745.mp4,92.476,146.279,60.862,73.06,60.862,73.06,168.684,160.838,111.014,108.445,159.89,118.583,110.519,153.846,58.606,62.062,135.664,149.882,158.477,131.251,131.498,111.014,108.445,179.886,158.477,157.128,142.846,141.876,60.862,73.06,111.014,108.445,179.844,119.495,141.567
trikonasana,avg,1,20260221_081745.mp4,103.844,166.07,75.199,87.033,75.199,87.033,165.7,131.728,109.461,114.923,164.187,120.223,112.517,158.999,61.2,61.179,132.682,152.343,159.307,132.133,137.269,109.461,114.923,179.883,159.307,152.353,150.521,152.217,75.199,87.033,109.461,114.923,179.849,116.553,148.755
trikonasana,avg,1,20260221_081745.mp4,97.128,162.569,64.652,111.404,64.652,111.404,154.554,168.465,107.459,125.883,163.708,128.794,112.089,161.649,53.232,60.505,123.999,154.861,160.911,133.788,144.042,107.459,125.883,179.883,160.911,148.334,168.712,171.493,64.652,111.404,107.459,125.883,179.851,115.255,155.636
trikonasana,avg,1,20260221_081745.mp4,94.822,150.692,54.9,137.992,54.9,137.992,150.425,167.407,114.146,130.644,168.112,135.413,124.631,160.018,43.408,53.251,113.456,159.898,159.423,138.514,154.091,114.146,130.644,179.897,159.423,146.665,168.821,168.663,54.9,137.992,114.146,130.644,179.869,119.842,155.708
trikonasana,avg,1,20260221_081745.mp4,90.497,145.518,53.713,161.065,53.713,161.065,159.089,168.564,114.111,101.498,163.308,106.394,132.513,155.147,41.011,49.577,132.834,160.056,161.442,120.608,132.984,114.111,101.498,179.897,161.442,144.11,160.044,149.869,53.713,161.065,114.111,101.498,179.87,122.854,143.566
trikonasana,avg,1,20260221_081745.mp4,90.094,151.606,56.547,157.868,56.547,157.868,145.515,167.817,95.841,112.182,159.916,113.347,136.211,160.386,39.79,56.897,126.662,160.147,152.594,120.519,139.295,95.841,112.182,179.926,152.594,135.884,162.755,122.978,56.547,157.868,95.841,112.182,179.881,106.017,148.42
trikonasana,avg,1,20260221_081745.mp4,91.239,161.241,65.296,163.494,65.296,163.494,152.065,159.938,80.6,126.458,146.269,124.587,123.503,165.271,35.713,54.646,114.2,145.295,152.112,112.654,132.349,80.6,126.458,179.918,152.112,132.187,153.9,125.129,65.296,163.494,80.6,126.458,179.87,98.499,155.613
trikonasana,avg,1,20260221_081745.mp4,93.719,144.838,70.403,170.599,70.403,170.599,153.656,167.846,78.401,126.579,149.626,121.338,125.049,164.824,43.357,49.57,115.107,145.528,150.376,110.164,132.327,78.401,126.579,179.916,150.376,129.7,152.4,132.114,70.403,170.599,78.401,126.579,179.867,93.995,156.972
trikonasana,avg,1,20260221_081745.mp4,98.664,146.015,77.896,174.915,77.896,174.915,157.824,166.035,71.349,130.928,157.795,123.089,119.005,163.898,51.741,54.437,113.879,144.39,141.274,107.624,135.606,71.349,130.928,179.907,141.274,122.375,148.137,134.933,77.896,174.915,71.349,130.928,179.867,81.81,156.698
trikonasana,avg,1,20260221_081745.mp4,98.193,143.787,90.993,165.989,90.993,165.989,162.94,167.5,58.621,128.451,165.444,119.015,110.995,161.2,56.167,59.966,121.208,142.817,132.733,101.148,133.131,58.621,128.451,179.912,132.733,112.62,142.859,135.308,90.993,165.989,58.621,128.451,179.867,65.071,153.173
trikonasana,avg,1,20260221_081745.mp4,104.668,142.337,88.923,170.713,88.923,170.713,157.547,156.7,62.702,125.328,164.357,120.204,106.599,169.827,53.307,66.622,120.435,140.46,137.479,99.605,131.912,62.702,125.328,179.912,137.479,113.637,141.247,131.206,88.923,170.713,62.702,125.328,179.875,69.767,150.769
trikonasana,avg,1,20260221_081745.mp4,101.868,142.094,93.265,167.707,93.265,167.707,161.19,167.265,58.505,124.637,165.879,115.998,107.848,173.529,56.965,63.603,122.253,139.291,134.979,98.677,128.994,58.505,124.637,179.912,134.979,111.614,138.127,131.693,93.265,167.707,58.505,124.637,179.88,64.314,151.211
trikonasana,avg,1,20260221_081745.mp4,106.091,142.161,92.421,167.97,92.421,167.97,158.771,168.277,58.85,124.511,162.709,116.029,108.539,173.975,56.674,64.938,122.67,135.469,135.869,97.205,125.603,58.85,124.511,179.901,135.869,112.15,136.876,130.867,92.421,167.97,58.85,124.511,179.87,66.074,151.263
trikonasana,avg,1,20260221_081745.mp4,108.244,141.747,95.492,165.807,95.492,165.807,162.571,168.004,56.169,126.332,161.761,115.699,109.319,174.832,55.868,66.07,122.148,135.191,133.804,97.503,125.12,56.169,126.332,179.907,133.804,110.86,132.567,131.028,95.492,165.807,56.169,126.332,179.876,63.498,151.912
trikonasana,avg,1,20260221_081745.mp4,106.33,139.762,94.964,167.369,94.964,167.369,163.251,168.407,56.505,125.249,160.733,114.169,111.578,174.431,56.66,65.771,122.751,135.129,134.99,97.113,123.71,56.505,125.249,179.909,134.99,111.26,134.419,130.145,94.964,167.369,56.505,125.249,179.873,64.669,151.755
trikonasana,avg,1,20260221_081745.mp4,102.444,138.084,92.705,167.907,92.705,167.907,162.987,166.404,55.16,124.292,159.972,114.872,111.355,175.373,56.658,67.086,123.379,135.29,134.538,97.194,123.723,55.16,124.292,179.914,134.538,110.957,138.801,129.608,92.705,167.907,55.16,124.292,179.87,63.434,150.981
trikonasana,avg,1,20260221_081745.mp4,98.545,137.66,91.818,166.946,91.818,166.946,162.139,166.891,54.477,124.774,161.865,115.212,111.22,176.219,55.959,66.587,123.47,135.844,132.972,97.826,125.297,54.477,124.774,179.914,132.972,110.546,142.125,130.608,91.818,166.946,54.477,124.774,179.876,61.985,151.147
trikonasana,avg,1,20260221_081745.mp4,99.691,137.222,91.896,166.282,91.896,166.282,163.882,167.047,55.607,125.654,163.055,115.679,110.191,176.507,55.31,66.862,123.223,136.727,132.768,97.958,126.449,55.607,125.654,179.909,132.768,110.645,140.331,130.573,91.896,166.282,55.607,125.654,179.878,62.687,151.651
trikonasana,avg,1,20260221_081745.mp4,99.902,137.501,89.817,168.495,89.817,168.495,162.484,171.42,58.275,125.065,163.819,116.312,109.524,177.496,55.75,66.531,123.005,137.145,134.667,98.431,127.273,58.275,125.065,179.907,134.667,111.85,140.964,129.173,89.817,168.495,58.275,125.065,179.876,65.131,151.535
trikonasana,avg,1,20260221_081745.mp4,100.143,137.436,89.041,167.924,89.041,167.924,164.75,165.152,60.352,125.576,166.004,117.698,111.437,178.235,58.558,65.05,122.211,138.439,135.416,99.759,129.792,60.352,125.576,179.907,135.416,112.504,139.371,130.294,89.041,167.924,60.352,125.576,179.876,66.302,151.504
trikonasana,avg,1,20260221_081745.mp4,100.102,137.83,88.548,168.033,88.548,168.033,164.809,167.642,61.202,125.603,165.654,115.722,112.527,177.781,59.348,61.668,121.633,138.849,136.367,100.295,129.03,61.202,125.603,179.914,136.367,113.476,139.514,131.248,88.548,168.033,61.202,125.603,179.873,67.272,152.593
trikonasana,avg,1,20260221_081745.mp4,99.087,137.461,89.209,166.147,89.209,166.147,162.99,166.943,57.862,125.633,164.993,113.816,113.793,177.001,56.493,61.859,123.378,138.734,133.25,98.901,127.084,57.862,125.633,179.907,133.25,111.566,142.732,131.137,89.209,166.147,57.862,125.633,179.881,63.918,152.728
trikonasana,avg,1,20260221_082105.mp4,104.55,97.385,24.327,49.49,24.327,49.49,122.701,153.028,44.59,66.416,89.248,119.646,124.59,161.08,67.206,65.58,130.271,89.693,178.888,53.012,89.903,44.59,66.416,179.857,178.888,96.419,104.32,109.545,24.327,49.49,44.59,66.416,179.764,86.332,97.965
trikonasana,avg,1,20260221_082105.mp4,110.679,99.184,23.979,49.761,23.979,49.761,117.407,146.356,37.985,69.943,91.072,110.725,96.885,161.476,73.596,57.342,135.723,93.129,177.859,47.908,83.195,37.985,69.943,179.818,177.859,94.608,100.961,121.239,23.979,49.761,37.985,69.943,179.743,71.214,110.721
trikonasana,avg,1,20260221_082105.mp4,95.192,98.531,26.154,51.872,26.154,51.872,132.916,149.806,41.587,67.487,93.617,109.809,142.891,161.353,92.854,46.062,119.631,90.782,178.747,51.165,94.878,41.587,67.487,179.834,178.747,92.107,100.21,120.706,26.154,51.872,41.587,67.487,179.732,73.11,107.983
trikonasana,avg,1,20260221_082105.mp4,89.503,101.029,29.784,52.596,29.784,52.596,140.7,148.063,55.004,61.12,112.808,112.212,153.244,158.653,97.38,89.66,99.049,70.052,178.489,56.122,112.171,55.004,61.12,179.852,178.489,86.904,98.622,120.809,29.784,52.596,55.004,61.12,179.692,85.128,93.773
trikonasana,avg,1,20260221_082105.mp4,104.563,118.706,19.928,47.062,19.928,47.062,114.491,126.636,75.325,73.258,129.191,146.04,154.563,137.375,93.516,107.441,71.311,54.581,176.948,67.593,129.633,75.325,73.258,179.866,176.948,88.677,105.209,102.149,19.928,47.062,75.325,73.258,179.662,101.236,84.461
trikonasana,avg,1,20260221_082105.mp4,108.722,129.049,19.104,43.472,19.104,43.472,106.458,115.427,41.259,70.793,101.952,101.804,99.672,163.137,84.374,58.112,101.54,77.625,176.394,53.482,95.836,41.259,70.793,179.892,176.394,94.164,120.599,83.786,19.104,43.472,41.259,70.793,179.81,70.079,114.074
trikonasana,avg,1,20260221_082105.mp4,118.0,124.789,15.181,39.773,15.181,39.773,92.595,117.635,43.382,73.18,103.27,105.745,102.564,155.943,101.527,40.323,105.538,78.799,176.898,55.526,96.961,43.382,73.18,179.883,176.898,95.922,120.896,81.27,15.181,39.773,43.382,73.18,179.807,70.927,115.694
trikonasana,avg,1,20260221_082105.mp4,96.808,118.744,15.723,47.912,15.723,47.912,116.713,130.069,52.924,86.982,117.453,116.568,105.537,167.324,78.855,48.575,108.858,104.406,176.333,66.591,100.289,52.924,86.982,179.88,176.333,109.657,124.349,81.58,15.723,47.912,52.924,86.982,179.801,81.901,123.66
trikonasana,avg,1,20260221_082105.mp4,94.862,111.92,18.489,50.068,18.489,50.068,121.986,145.009,55.402,89.936,112.443,116.87,115.96,164.348,73.565,44.465,112.73,104.343,175.088,69.026,96.865,55.402,89.936,179.886,175.088,115.71,123.323,83.461,18.489,50.068,55.402,89.936,179.81,87.489,126.21
trikonasana,avg,1,20260221_082105.mp4,90.733,124.579,16.335,61.437,16.335,61.437,127.438,141.959,59.626,94.111,111.972,121.391,116.548,157.614,66.205,43.699,112.729,106.399,172.962,72.338,96.851,59.626,94.111,179.892,172.962,123.013,130.605,93.113,16.335,61.437,59.626,94.111,179.817,93.849,128.713
trikonasana,avg,1,20260221_082105.mp4,81.871,133.193,18.816,73.763,18.816,73.763,140.242,151.021,53.988,111.289,110.921,125.91,110.0,163.781,71.311,40.72,108.473,100.163,168.059,74.882,90.705,53.988,111.289,179.909,168.059,131.904,135.827,105.082,18.816,73.763,53.988,111.289,179.828,83.114,145.219
trikonasana,avg,1,20260221_082105.mp4,73.971,149.397,24.561,74.846,24.561,74.846,152.753,144.538,73.526,114.862,116.54,122.133,115.829,167.939,55.909,41.578,106.495,106.241,161.956,98.605,101.367,73.526,114.862,179.926,161.956,150.73,141.387,109.988,24.561,74.846,73.526,114.862,179.867,102.554,150.916
trikonasana,avg,1,20260221_082105.mp4,72.398,166.925,23.825,85.843,23.825,85.843,159.702,144.779,88.517,116.995,125.677,118.327,121.308,173.842,57.471,42.946,111.826,118.278,155.505,115.607,109.449,88.517,116.995,179.929,155.505,159.991,137.356,122.345,23.825,85.843,88.517,116.995,179.878,111.587,156.042
trikonasana,avg,1,20260221_082105.mp4,72.01,160.949,18.359,77.569,18.359,77.569,167.238,143.841,118.969,99.737,153.435,106.198,123.367,165.91,48.846,46.314,129.68,146.43,151.127,139.115,126.77,118.969,99.737,179.921,151.127,168.198,131.486,115.921,18.359,77.569,118.969,99.737,179.876,127.484,142.955
trikonasana,avg,1,20260221_082105.mp4,76.231,139.518,17.554,65.515,17.554,65.515,167.074,153.585,120.091,101.443,145.605,110.517,125.422,156.993,46.87,45.972,129.83,142.771,152.522,136.061,122.158,120.091,101.443,179.912,152.522,172.256,127.481,109.314,17.554,65.515,120.091,101.443,179.876,132.995,139.664
trikonasana,avg,1,20260221_082105.mp4,66.118,120.093,31.606,56.85,31.606,56.85,172.224,165.308,117.594,100.036,150.159,111.269,121.879,150.704,49.426,51.51,133.098,148.73,156.202,134.617,125.173,117.594,100.036,179.901,156.202,168.491,132.229,109.303,31.606,56.85,117.594,100.036,179.856,129.76,137.317
trikonasana,avg,1,20260221_082105.mp4,98.717,129.269,58.889,69.165,58.889,69.165,163.333,163.253,113.448,103.65,151.923,114.171,116.936,152.885,52.725,55.533,131.929,149.684,158.07,132.807,127.316,113.448,103.65,179.903,158.07,163.077,136.608,125.234,58.889,69.165,113.448,103.65,179.848,125.014,140.192
trikonasana,avg,1,20260221_082105.mp4,107.172,142.773,78.343,83.706,78.343,83.706,163.362,162.436,112.133,103.344,158.315,113.869,113.064,150.793,54.838,61.803,134.972,152.338,160.665,131.227,130.194,112.133,103.344,179.901,160.665,157.837,145.747,145.179,78.343,83.706,112.133,103.344,179.847,121.252,139.496
trikonasana,avg,1,20260221_082105.mp4,101.936,151.624,80.535,93.423,80.535,93.423,167.144,160.132,110.812,108.362,164.628,117.918,111.541,145.947,60.037,70.813,134.437,153.309,161.786,129.917,134.876,110.812,108.362,179.89,161.786,151.529,154.708,155.292,80.535,93.423,110.812,108.362,179.849,117.322,141.954
trikonasana,avg,1,20260221_082105.mp4,99.13,169.38,64.124,134.413,64.124,134.413,157.124,169.109,117.969,105.763,171.918,122.372,115.644,143.255,65.994,74.854,129.3,156.971,168.091,130.374,143.906,117.969,105.763,179.903,168.091,148.054,159.078,177.19,64.124,134.413,117.969,105.763,179.859,121.502,137.184
trikonasana,avg,1,20260221_082105.mp4,95.04,156.07,62.295,155.277,62.295,155.277,160.31,169.588,110.63,108.307,163.755,115.963,120.382,153.857,59.016,55.944,125.352,155.19,166.953,123.967,134.892,110.63,108.307,179.905,166.953,146.643,154.656,159.55,62.295,155.277,110.63,108.307,179.864,118.629,145.503
trikonasana,avg,1,20260221_082105.mp4,95.909,150.05,63.645,169.166,63.645,169.166,154.599,161.12,117.683,119.012,165.72,115.067,130.201,157.746,42.989,43.665,115.287,162.116,161.309,136.167,145.881,117.683,119.012,179.907,161.309,149.355,152.011,145.065,63.645,169.166,117.683,119.012,179.881,125.359,159.439
trikonasana,avg,1,20260221_082105.mp4,95.221,145.923,77.455,176.481,77.455,176.481,166.73,160.815,90.635,138.293,159.555,126.049,116.958,157.265,44.76,49.482,109.297,155.166,150.286,127.469,143.42,90.635,138.293,179.909,150.286,135.597,142.089,136.282,77.455,176.481,90.635,138.293,179.883,100.978,166.129
trikonasana,avg,1,20260221_082105.mp4,102.027,144.367,67.442,173.713,67.442,173.713,145.449,168.562,105.09,127.374,166.256,121.958,128.988,154.237,40.421,49.442,116.837,163.117,152.736,128.757,149.752,105.09,127.374,179.903,152.736,136.544,151.531,134.683,67.442,173.713,105.09,127.374,179.88,112.276,158.292
trikonasana,avg,1,20260221_082105.mp4,102.785,147.283,81.872,177.145,81.872,177.145,152.639,166.543,90.996,146.433,161.672,136.765,120.273,161.082,43.282,45.562,99.798,156.779,149.324,125.008,153.106,90.996,146.433,179.903,149.324,131.359,138.364,136.938,81.872,177.145,90.996,146.433,179.875,100.501,162.819
trikonasana,avg,1,20260221_082105.mp4,101.644,149.425,85.92,173.189,85.92,173.189,159.516,160.796,76.525,137.698,159.109,127.621,115.081,166.266,47.219,51.733,110.489,147.045,143.26,112.292,140.357,76.525,137.698,179.901,143.26,123.848,138.946,128.828,85.92,173.189,76.525,137.698,179.87,86.753,159.268
trikonasana,avg,1,20260221_082105.mp4,99.9,146.076,86.037,172.591,86.037,172.591,158.668,159.793,69.776,124.519,153.267,117.783,110.73,167.485,49.8,52.072,115.658,137.88,146.595,99.85,125.524,69.776,124.519,179.897,146.595,121.328,139.808,125.532,86.037,172.591,69.776,124.519,179.867,83.03,154.524
trikonasana,avg,1,20260221_082105.mp4,103.955,143.726,93.861,172.815,93.861,172.815,160.649,164.739,55.879,122.783,142.96,106.546,118.244,160.01,50.269,44.9,120.268,128.511,138.499,91.281,109.875,55.879,122.783,179.895,138.499,115.948,136.859,124.73,93.861,172.815,55.879,122.783,179.867,73.419,155.103
trikonasana,avg,1,20260221_082105.mp4,103.36,141.8,93.549,173.583,93.549,173.583,160.838,152.997,58.059,118.636,146.14,108.207,118.726,160.913,56.474,46.747,120.016,126.467,142.707,90.445,111.378,58.059,118.636,179.907,142.707,116.015,136.198,123.882,93.549,173.583,58.059,118.636,179.869,74.009,152.329
trikonasana,avg,1,20260221_082105.mp4,105.485,143.678,97.211,174.345,97.211,174.345,160.57,157.98,58.199,118.293,150.285,109.397,120.552,161.389,60.517,49.721,120.194,126.764,141.986,90.123,113.706,58.199,118.293,179.903,141.986,114.174,133.071,128.593,97.211,174.345,58.199,118.293,179.873,71.919,150.91
trikonasana,avg,1,20260221_082105.mp4,105.568,143.848,92.715,174.943,92.715,174.943,157.699,162.302,60.161,115.875,148.376,106.061,126.612,152.936,59.506,41.165,120.39,126.863,143.409,88.969,111.715,60.161,115.875,179.905,143.409,115.657,136.243,128.804,92.715,174.943,60.161,115.875,179.873,75.288,151.255
trikonasana,avg,1,20260221_082105.mp4,107.519,144.74,96.744,173.385,96.744,173.385,160.105,164.712,57.325,117.36,148.445,105.58,126.38,151.69,61.468,40.111,120.545,125.208,141.768,88.178,110.586,57.325,117.36,179.905,141.768,114.196,133.06,129.628,96.744,173.385,57.325,117.36,179.873,72.312,151.84
trikonasana,avg,1,20260221_082105.mp4,110.079,145.185,94.496,172.938,94.496,172.938,157.843,164.749,61.054,116.614,148.619,107.065,125.808,152.722,60.777,42.847,119.712,126.016,144.03,88.665,111.807,61.054,116.614,179.897,144.03,115.681,133.481,131.649,94.496,172.938,61.054,116.614,179.876,76.457,151.197
trikonasana,avg,1,20260221_082105.mp4,109.169,144.913,93.676,174.437,93.676,174.437,158.074,165.728,62.608,113.939,148.46,106.241,126.232,153.545,58.525,44.596,120.316,127.43,145.548,88.467,111.602,62.608,113.939,179.901,145.548,116.85,133.289,131.678,93.676,174.437,62.608,113.939,179.875,78.427,150.403
trikonasana,avg,1,20260221_082105.mp4,107.611,145.267,90.977,174.903,90.977,174.903,157.22,165.404,64.627,112.437,148.454,107.016,126.72,153.997,57.521,45.212,120.018,127.722,147.241,88.724,112.377,64.627,112.437,179.907,147.241,118.117,134.433,131.36,90.977,174.903,64.627,112.437,179.875,80.665,149.563
trikonasana,avg,1,20260221_082105.mp4,106.062,145.321,90.71,173.94,90.71,173.94,158.894,162.138,64.75,111.26,149.709,106.468,125.465,155.401,58.993,46.003,120.868,127.276,147.733,87.969,112.091,64.75,111.26,179.905,147.733,117.689,134.794,129.403,90.71,173.94,64.75,111.26,179.873,80.029,148.937
trikonasana,avg,1,20260221_082105.mp4,106.86,144.577,92.948,173.658,92.948,173.658,158.761,162.257,63.263,111.75,149.385,106.459,125.692,155.984,58.324,45.704,120.639,126.931,147.466,88.21,111.996,63.263,111.75,179.907,147.466,117.45,133.005,128.866,92.948,173.658,63.263,111.75,179.875,78.583,149.368
trikonasana,avg,1,20260221_082105.mp4,107.271,144.453,93.654,174.362,93.654,174.362,158.794,164.007,61.391,112.533,150.108,106.942,124.049,156.683,59.711,47.341,120.416,125.697,146.768,87.818,111.959,61.391,112.533,179.907,146.768,116.207,132.83,129.687,93.654,174.362,61.391,112.533,179.872,76.082,149.306
trikonasana,avg,1,20260221_082105.mp4,106.573,144.645,93.884,174.444,93.884,174.444,158.976,163.745,61.324,112.105,148.645,105.946,124.804,160.321,58.724,48.208,120.629,125.028,146.809,87.452,110.656,61.324,112.105,179.907,146.809,116.481,132.53,129.844,93.884,174.444,61.324,112.105,179.88,76.865,149.44
trikonasana,avg,1,20260221_082105.mp4,105.78,144.432,93.402,174.17,93.402,174.17,158.42,161.335,61.546,112.064,147.824,105.511,123.26,159.461,56.938,46.895,120.682,125.212,147.173,87.36,109.882,61.546,112.064,179.907,147.173,116.838,132.828,130.115,93.402,174.17,61.546,112.064,179.88,77.711,149.743
trikonasana,avg,1,20260221_082401.mp4,87.719,102.817,20.229,61.604,20.229,61.604,131.911,152.951,54.66,60.521,92.991,116.557,139.948,174.079,50.01,77.181,139.064,96.524,173.603,54.485,88.751,54.66,60.521,179.873,173.603,106.51,102.331,115.667,20.229,61.604,54.66,60.521,179.784,105.778,94.569
trikonasana,avg,1,20260221_082401.mp4,90.553,115.575,31.723,58.621,31.723,58.621,141.061,139.778,48.117,55.292,90.91,106.703,161.673,177.659,72.026,78.767,129.848,101.641,177.165,48.713,84.046,48.117,55.292,179.869,177.165,98.362,97.852,105.051,31.723,58.621,48.117,55.292,179.76,94.699,92.968
trikonasana,avg,1,20260221_082401.mp4,99.998,117.494,42.812,66.064,42.812,66.064,142.217,149.432,47.698,56.05,100.799,107.581,106.608,174.219,72.817,79.172,125.959,93.642,178.357,49.939,91.764,47.698,56.05,179.867,178.357,90.034,114.178,101.846,42.812,66.064,47.698,56.05,179.781,84.668,91.148
trikonasana,avg,1,20260221_082401.mp4,105.019,111.566,32.88,53.668,32.88,53.668,125.234,140.721,46.899,67.03,114.011,120.165,157.545,109.803,105.227,139.172,89.199,91.11,176.036,54.194,116.213,46.899,67.03,179.862,176.036,82.931,101.492,104.685,32.88,53.668,46.899,67.03,179.693,75.328,96.608
trikonasana,avg,1,20260221_082401.mp4,98.639,112.784,28.548,40.419,28.548,40.419,130.257,128.526,55.517,66.186,102.448,89.808,142.685,137.728,80.655,73.966,89.778,92.647,176.509,60.382,94.454,55.517,66.186,179.875,176.509,101.885,111.924,92.24,28.548,40.419,55.517,66.186,179.809,92.541,108.3
trikonasana,avg,1,20260221_082401.mp4,100.564,109.641,29.368,35.262,29.368,35.262,130.495,127.81,52.007,74.75,115.035,102.081,130.099,146.095,76.434,35.13,121.375,96.482,174.718,60.49,94.78,52.007,74.75,179.876,174.718,106.384,119.931,87.578,29.368,35.262,52.007,74.75,179.809,81.929,122.916
trikonasana,avg,1,20260221_082401.mp4,136.878,136.645,20.1,30.232,20.1,30.232,86.817,95.817,54.623,80.514,118.205,104.95,140.176,133.899,83.181,19.98,122.787,101.96,174.357,65.252,96.587,54.623,80.514,179.886,174.357,111.036,119.494,75.775,20.1,30.232,54.623,80.514,179.813,84.422,125.436
trikonasana,avg,1,20260221_082401.mp4,127.849,113.968,16.478,35.972,16.478,35.972,89.077,125.668,57.884,86.48,117.491,107.717,126.204,142.925,74.423,28.213,121.318,107.004,173.722,70.514,96.725,57.884,86.48,179.88,173.722,116.815,111.836,86.242,16.478,35.972,57.884,86.48,179.81,88.75,128.505
trikonasana,avg,1,20260221_082401.mp4,111.105,118.374,21.597,53.387,21.597,53.387,110.553,146.96,58.221,94.178,113.988,110.904,111.878,148.85,64.599,30.949,123.617,112.509,172.062,74.42,93.932,58.221,94.178,179.885,172.062,124.801,121.553,95.853,21.597,53.387,58.221,94.178,179.81,90.069,134.637
trikonasana,avg,1,20260221_082401.mp4,91.078,124.082,23.291,61.502,23.291,61.502,132.011,150.065,56.625,102.708,112.596,113.958,102.12,158.392,63.282,32.529,123.654,107.063,166.817,77.514,90.712,56.625,102.708,179.901,166.817,134.627,129.884,100.047,23.291,61.502,56.625,102.708,179.82,88.738,143.648
trikonasana,avg,1,20260221_082401.mp4,83.372,131.077,33.154,57.885,33.154,57.885,154.834,154.6,79.521,106.132,125.263,112.393,116.79,157.211,65.675,36.567,125.772,132.45,158.249,99.692,101.852,79.521,106.132,179.901,158.249,150.09,130.08,104.461,33.154,57.885,79.521,106.132,179.839,106.144,146.314
trikonasana,avg,1,20260221_082401.mp4,87.268,137.884,50.182,66.515,50.182,66.515,168.211,161.804,92.62,105.486,132.894,104.28,128.789,156.156,58.479,37.699,135.472,144.009,151.751,117.539,106.224,92.62,105.486,179.909,151.751,159.099,133.753,127.003,50.182,66.515,92.62,105.486,179.847,113.293,148.962
trikonasana,avg,1,20260221_082401.mp4,88.576,144.151,59.797,71.799,59.797,71.799,166.143,159.829,92.24,110.771,145.072,110.15,121.029,161.952,66.802,45.424,131.978,146.817,160.463,116.933,117.065,92.24,110.771,179.901,160.463,151.039,148.217,139.626,59.797,71.799,92.24,110.771,179.851,108.481,153.031
trikonasana,avg,1,20260221_082401.mp4,93.254,145.853,71.573,83.18,71.573,83.18,166.727,164.683,103.291,116.311,162.297,115.581,126.757,162.796,65.246,53.07,130.097,156.293,159.406,129.017,136.349,103.291,116.311,179.895,159.406,148.033,162.283,148.732,71.573,83.18,103.291,116.311,179.856,111.666,154.434
trikonasana,avg,1,20260221_082401.mp4,98.892,168.228,58.551,118.331,58.551,118.331,147.81,165.879,117.492,115.632,174.908,117.858,132.575,160.7,55.674,53.261,126.158,160.886,160.853,138.755,154.261,117.492,115.632,179.901,160.853,147.561,170.664,174.058,58.551,118.331,117.492,115.632,179.869,120.035,152.197
trikonasana,avg,1,20260221_082401.mp4,97.721,158.463,53.095,142.422,53.095,142.422,142.997,162.521,118.223,117.745,173.604,121.875,125.524,155.395,44.175,51.48,120.081,163.157,162.998,137.625,154.08,118.223,117.745,179.907,162.998,146.495,169.749,167.656,53.095,142.422,118.223,117.745,179.875,121.359,151.491
trikonasana,avg,1,20260221_082401.mp4,96.088,153.677,55.73,163.441,55.73,163.441,146.955,167.216,114.969,123.74,166.164,119.29,143.612,157.901,41.625,41.961,115.843,165.112,161.804,136.146,150.181,114.969,123.74,179.907,161.804,145.658,165.149,145.015,55.73,163.441,114.969,123.74,179.886,122.686,159.898
trikonasana,avg,1,20260221_082401.mp4,94.86,156.179,61.889,168.384,61.889,168.384,153.657,164.216,101.914,138.652,156.738,125.71,149.885,152.924,44.037,33.909,107.76,164.419,157.859,131.411,149.97,101.914,138.652,179.912,157.859,140.634,161.225,130.072,61.889,168.384,101.914,138.652,179.876,115.621,167.58
trikonasana,avg,1,20260221_082401.mp4,102.774,159.305,60.397,174.621,60.397,174.621,135.137,159.362,104.466,133.808,161.859,123.094,150.546,148.165,43.792,30.149,109.178,167.706,153.982,129.934,154.137,104.466,133.808,179.918,153.982,137.054,163.435,132.06,60.397,174.621,104.466,133.808,179.888,114.743,163.421
trikonasana,avg,1,20260221_082401.mp4,103.283,154.014,74.143,171.11,74.143,171.11,140.101,169.833,83.919,152.515,155.446,136.267,151.008,138.777,50.743,30.621,99.22,158.792,141.326,120.548,151.438,83.919,152.515,179.905,141.326,126.427,154.592,135.274,74.143,171.11,83.919,152.515,179.881,96.965,160.183
trikonasana,avg,1,20260221_082401.mp4,101.644,153.136,81.76,169.31,81.76,169.31,148.488,165.624,74.592,151.133,156.072,131.975,143.247,142.914,55.381,44.113,102.711,156.005,135.994,115.143,147.886,74.592,151.133,179.899,135.994,121.036,151.542,129.534,81.76,169.31,74.592,151.133,179.88,86.903,157.385
trikonasana,avg,1,20260221_082401.mp4,99.204,148.404,89.781,167.03,89.781,167.03,155.059,164.919,61.154,138.579,154.69,122.642,135.772,141.073,52.465,39.97,116.343,146.974,132.745,104.697,133.708,61.154,138.579,179.907,132.745,114.554,147.269,128.861,89.781,167.03,61.154,138.579,179.881,73.209,156.663
trikonasana,avg,1,20260221_082401.mp4,101.699,146.194,96.059,167.812,96.059,167.812,159.996,163.962,61.337,133.634,152.691,115.141,136.594,142.698,53.127,37.653,120.148,144.526,135.461,101.568,126.788,61.337,133.634,179.905,135.461,114.534,138.733,128.884,96.059,167.812,61.337,133.634,179.883,74.72,156.061
trikonasana,avg,1,20260221_082401.mp4,100.282,145.295,101.594,164.608,101.594,164.608,161.752,164.908,56.105,135.081,152.015,113.186,135.218,144.52,51.687,37.821,120.951,142.143,130.087,99.927,124.251,56.105,135.081,179.903,130.087,111.117,135.997,128.432,101.594,164.608,56.105,135.081,179.885,69.28,155.137
trikonasana,avg,1,20260221_082401.mp4,102.745,145.263,99.788,167.3,99.788,167.3,161.721,159.703,60.224,134.001,152.725,117.377,133.58,148.311,51.533,42.029,118.863,142.834,134.303,100.846,127.897,60.224,134.001,179.905,134.303,113.394,133.959,128.902,99.788,167.3,60.224,134.001,179.883,73.748,155.069
trikonasana,avg,1,20260221_082401.mp4,98.315,144.787,100.45,166.039,100.45,166.039,162.956,163.71,57.114,133.579,153.548,115.129,136.429,152.786,55.081,44.63,119.258,141.662,131.577,100.482,126.382,57.114,133.579,179.912,131.577,111.64,134.435,129.616,100.45,166.039,57.114,133.579,179.888,69.769,154.656
trikonasana,avg,1,20260221_082401.mp4,99.395,145.984,97.038,168.509,97.038,168.509,158.363,162.253,61.132,131.483,153.879,114.91,137.068,156.586,53.921,46.834,118.982,142.366,135.422,100.639,126.659,61.132,131.483,179.909,135.422,113.602,137.317,128.215,97.038,168.509,61.132,131.483,179.89,74.16,154.698
trikonasana,avg,1,20260221_082401.mp4,98.785,146.861,96.497,167.183,96.497,167.183,157.405,165.122,59.91,133.672,153.249,115.4,137.888,155.539,53.722,45.342,117.685,142.314,134.148,101.224,126.749,59.91,133.672,179.907,134.148,112.784,140.387,128.062,96.497,167.183,59.91,133.672,179.883,73.34,154.484
trikonasana,avg,1,20260221_082401.mp4,99.158,148.323,94.437,168.316,94.437,168.316,154.783,169.635,59.513,132.487,151.072,114.799,137.862,156.464,53.93,45.513,117.642,140.298,135.621,100.464,124.298,59.513,132.487,179.905,135.621,113.74,141.782,127.908,94.437,168.316,59.513,132.487,179.885,74.199,154.629
trikonasana,avg,1,20260221_082401.mp4,97.623,149.855,90.649,169.247,90.649,169.247,151.576,174.03,60.667,131.253,151.912,113.683,137.989,153.618,53.609,44.943,118.047,141.344,135.152,101.316,124.003,60.667,131.253,179.912,135.152,114.136,146.66,128.132,90.649,169.247,60.667,131.253,179.885,74.867,154.471
trikonasana,avg,1,20260221_082401.mp4,104.14,153.15,85.559,171.775,85.559,171.775,145.345,171.454,66.947,127.296,152.321,113.542,139.65,153.966,53.738,42.953,117.561,142.085,142.023,102.541,124.458,66.947,127.296,179.909,142.023,118.365,146.649,129.28,85.559,171.775,66.947,127.296,179.881,81.646,154.68
trikonasana,avg,1,20260221_082401.mp4,99.76,152.587,91.871,170.013,91.871,170.013,151.326,166.783,62.504,128.53,152.098,113.735,137.647,152.545,54.654,43.204,118.483,140.326,139.561,101.059,122.837,62.504,128.53,179.905,139.561,115.44,142.262,129.039,91.871,170.013,62.504,128.53,179.886,76.836,154.062
trikonasana,avg,1,20260221_082401.mp4,97.847,152.867,90.864,169.699,90.864,169.699,151.36,163.323,63.101,128.364,152.469,114.66,135.953,153.597,52.986,44.51,118.431,140.596,139.089,101.389,123.298,63.101,128.364,179.909,139.089,115.356,143.219,129.006,90.864,169.699,63.101,128.364,179.885,77.186,153.628
trikonasana,avg,1,20260221_082654.mp4,105.21,148.269,78.426,70.776,78.426,70.776,160.531,154.657,58.39,113.732,148.533,107.776,119.138,160.266,75.135,44.243,125.193,132.032,160.829,85.776,108.428,58.39,113.732,179.831,160.829,122.04,170.316,147.484,78.426,70.776,58.39,113.732,179.781,74.5,157.375
trikonasana,avg,1,20260221_082654.mp4,101.766,151.239,82.594,98.255,82.594,98.255,169.572,147.675,74.658,126.127,160.626,123.773,114.992,157.973,74.553,49.844,112.37,144.764,165.945,104.937,131.43,74.658,126.127,179.851,165.945,130.997,173.628,167.05,82.594,98.255,74.658,126.127,179.793,84.233,160.651
trikonasana,avg,1,20260221_082654.mp4,116.558,164.478,100.201,141.624,100.201,141.624,167.864,167.989,74.351,121.477,154.169,117.334,109.467,154.723,62.591,40.431,118.891,145.383,159.83,100.279,125.487,74.351,121.477,179.84,159.83,128.174,154.418,144.918,100.201,141.624,74.351,121.477,179.808,87.866,157.883
trikonasana,avg,1,20260221_082654.mp4,103.515,114.602,84.967,140.934,84.967,140.934,169.442,160.153,84.993,120.087,160.107,119.714,103.141,155.388,67.819,43.564,115.805,151.032,162.558,108.848,134.348,84.993,120.087,179.875,162.558,131.824,150.185,162.976,84.967,140.934,84.993,120.087,179.824,95.666,155.219
trikonasana,avg,1,20260221_082654.mp4,106.496,156.397,79.262,165.746,79.262,165.746,156.467,146.18,86.182,116.89,153.915,116.989,118.411,153.593,48.542,42.475,116.734,149.889,160.99,107.862,129.899,86.182,116.89,179.892,160.99,133.376,145.343,131.913,79.262,165.746,86.182,116.89,179.832,100.967,153.558
trikonasana,avg,1,20260221_082654.mp4,109.533,155.309,91.316,170.408,91.316,170.408,156.16,173.191,67.233,129.4,153.773,116.079,126.154,157.658,50.586,44.417,117.582,149.101,138.342,105.064,128.642,67.233,129.4,179.897,138.342,121.385,140.995,136.33,91.316,170.408,67.233,129.4,179.831,80.885,158.355
trikonasana,avg,1,20260221_082654.mp4,106.4,158.053,91.9,167.188,91.9,167.188,153.131,171.962,61.194,131.431,153.182,115.444,129.709,155.492,52.954,46.809,118.066,148.529,132.56,102.777,128.21,61.194,131.431,179.899,132.56,116.989,143.679,134.618,91.9,167.188,61.194,131.431,179.832,74.56,156.707
trikonasana,avg,1,20260221_082654.mp4,104.757,158.022,92.367,167.493,92.367,167.493,151.597,168.304,60.573,128.442,155.19,113.877,126.316,149.576,55.356,46.089,120.521,147.144,132.717,100.512,126.803,60.573,128.442,179.893,132.717,115.737,142.988,132.656,92.367,167.493,60.573,128.442,179.836,72.912,155.43
trikonasana,avg,1,20260221_082654.mp4,105.918,155.301,98.488,159.903,98.488,159.903,152.766,173.07,55.761,127.387,158.244,110.865,124.376,146.699,52.48,44.397,124.004,145.658,127.103,98.077,124.235,55.761,127.387,179.897,127.103,110.566,139.643,135.873,98.488,159.903,55.761,127.387,179.845,65.755,153.551
trikonasana,avg,1,20260221_082654.mp4,105.456,150.721,103.696,159.141,103.696,159.141,157.929,176.639,52.368,128.108,157.505,110.529,126.82,145.428,54.002,43.873,123.748,141.066,125.863,96.771,122.595,52.368,128.108,179.905,125.863,108.332,132.669,135.456,103.696,159.141,52.368,128.108,179.86,62.383,152.833
trikonasana,avg,1,20260221_082654.mp4,107.274,150.588,103.133,159.055,103.133,159.055,156.408,176.423,53.932,128.909,157.014,114.202,133.312,143.266,61.481,44.333,121.568,138.843,127.307,96.654,124.499,53.932,128.909,179.897,127.307,108.686,132.269,135.848,103.133,159.055,53.932,128.909,179.86,64.591,152.236
trikonasana,avg,1,20260221_082654.mp4,105.095,150.347,105.221,159.407,105.221,159.407,157.914,173.956,52.639,129.111,158.954,114.39,133.663,144.923,64.184,44.704,119.156,135.858,126.658,96.59,125.466,52.639,129.111,179.905,126.658,107.732,130.759,136.698,105.221,159.407,52.639,129.111,179.87,62.272,152.022
trikonasana,avg,1,20260221_082654.mp4,106.232,151.127,103.345,162.81,103.345,162.81,157.134,172.837,55.163,127.48,157.176,113.32,132.489,145.461,63.975,46.507,119.219,133.017,130.971,95.892,122.501,55.163,127.48,179.899,130.971,109.656,131.678,134.328,103.345,162.81,55.163,127.48,179.867,65.698,152.459
trikonasana,avg,1,20260221_082654.mp4,107.2,152.138,104.154,164.701,104.154,164.701,156.097,165.915,54.477,127.767,153.554,113.426,131.042,144.548,63.377,49.744,117.876,129.357,133.708,95.687,119.741,54.477,127.767,179.897,133.708,110.869,129.61,133.507,104.154,164.701,54.477,127.767,179.864,66.817,153.011
trikonasana,avg,1,20260221_082654.mp4,111.695,150.478,104.166,166.702,104.166,166.702,157.112,160.063,54.071,124.231,152.124,111.904,126.333,149.001,61.909,52.227,119.929,126.696,136.491,93.875,116.145,54.071,124.231,179.897,136.491,111.282,126.515,133.499,104.166,166.702,54.071,124.231,179.864,67.063,152.208
trikonasana,avg,1,20260221_082654.mp4,110.609,149.876,104.333,167.842,104.333,167.842,156.215,159.99,55.06,124.235,153.766,112.454,123.115,152.281,60.565,54.16,119.846,127.83,136.59,94.117,117.589,55.06,124.235,179.897,136.59,111.527,126.817,133.021,104.333,167.842,55.06,124.235,179.862,67.544,152.224
trikonasana,avg,1,20260221_082654.mp4,110.998,148.903,104.104,168.652,104.104,168.652,156.532,158.537,51.983,123.578,148.67,111.411,119.647,152.383,56.141,53.314,120.211,124.093,137.951,92.118,113.198,51.983,123.578,179.895,137.951,111.607,126.853,132.5,104.104,168.652,51.983,123.578,179.86,66.951,152.34
trikonasana,avg,1,20260221_082654.mp4,117.067,148.954,105.973,168.815,105.973,168.815,155.038,160.64,52.452,122.136,148.383,112.146,119.089,152.133,58.97,56.302,120.763,122.579,140.575,90.419,112.631,52.452,122.136,179.892,140.575,111.495,123.42,132.049,105.973,168.815,52.452,122.136,179.857,67.729,151.221
trikonasana,avg,1,20260221_082654.mp4,115.357,147.386,106.765,169.241,106.765,169.241,157.008,160.401,52.483,122.079,148.652,111.606,120.964,155.14,59.264,57.628,122.113,124.329,139.493,90.577,112.374,52.483,122.079,179.89,139.493,111.186,123.29,130.408,106.765,169.241,52.483,122.079,179.853,67.648,151.18
trikonasana,avg,1,20260221_082654.mp4,117.57,147.851,111.278,166.152,111.278,166.152,160.301,160.2,49.021,123.924,150.822,109.659,122.21,154.926,62.954,56.617,122.824,125.634,135.512,90.59,112.276,49.021,123.924,179.886,135.512,108.813,120.706,130.008,111.278,166.152,49.021,123.924,179.853,62.37,151.694
trikonasana,avg,1,20260221_082654.mp4,113.805,148.156,109.587,165.831,109.587,165.831,160.652,158.816,48.361,122.877,150.573,108.837,125.971,156.838,63.831,55.375,123.743,126.774,134.472,90.683,111.866,48.361,122.877,179.897,134.472,108.613,124.11,130.465,109.587,165.831,48.361,122.877,179.857,61.602,151.095
trikonasana,avg,1,avg.mp4,173.842,125.891,38.442,50.469,38.442,50.469,149.837,161.898,159.705,147.106,169.968,147.635,152.172,166.424,89.13,122.691,61.843,84.38,80.258,154.785,162.429,159.705,147.106,179.86,80.258,163.842,101.102,89.131,38.442,50.469,159.705,147.106,179.652,163.937,164.269
trikonasana,avg,1,avg.mp4,139.721,149.806,13.288,34.403,13.288,34.403,151.281,166.127,160.069,138.286,154.629,152.487,151.604,145.172,91.163,95.428,103.892,93.791,145.324,151.935,155.318,160.069,138.286,179.83,145.324,163.723,92.638,95.186,13.288,34.403,160.069,138.286,179.69,170.377,149.21
trikonasana,avg,1,avg.mp4,138.262,136.748,10.753,14.058,10.753,14.058,154.027,163.994,161.504,152.818,145.34,140.637,146.195,146.911,89.986,84.522,116.845,78.962,137.794,161.371,142.789,161.504,152.818,179.834,137.794,178.655,96.154,90.928,10.753,14.058,161.504,152.818,179.759,167.621,164.796
trikonasana,avg,1,avg.mp4,133.65,136.399,8.649,11.131,8.649,11.131,156.458,161.425,163.696,158.823,143.657,138.415,146.717,146.279,87.661,79.396,107.266,88.016,135.326,166.342,140.573,163.696,158.823,179.842,135.326,173.215,92.072,94.379,8.649,11.131,163.696,158.823,179.766,165.755,164.049
trikonasana,avg,1,avg.mp4,125.537,136.182,8.75,9.107,8.75,9.107,169.929,164.044,165.538,162.65,143.201,136.431,144.9,149.411,82.198,78.059,99.392,97.593,130.644,171.572,139.208,165.538,162.65,179.842,130.644,166.97,90.941,94.023,8.75,9.107,165.538,162.65,179.754,161.374,161.017
trikonasana,avg,1,avg.mp4,128.426,138.174,8.858,10.249,8.858,10.249,160.319,160.623,166.257,159.391,140.718,133.537,140.89,150.141,80.906,79.268,94.61,103.562,131.978,169.95,136.45,166.257,159.391,179.836,131.978,167.048,93.642,94.076,8.858,10.249,166.257,159.391,179.747,159.661,162.456
trikonasana,avg,1,avg.mp4,128.547,137.42,9.579,11.891,9.579,11.891,159.928,162.907,167.424,158.073,142.05,135.601,142.13,149.549,84.719,81.14,93.35,103.178,131.113,169.314,138.033,167.424,158.073,179.833,131.113,168.479,91.985,96.607,9.579,11.891,167.424,158.073,179.747,160.425,162.742
trikonasana,avg,1,avg.mp4,133.174,136.491,10.048,9.656,10.048,9.656,156.812,160.734,166.387,158.482,139.71,136.782,147.096,150.199,81.014,80.212,93.279,101.388,132.49,168.293,137.388,166.387,158.482,179.844,132.49,168.83,87.276,99.897,10.048,9.656,166.387,158.482,179.763,161.439,162.345
trikonasana,avg,1,avg.mp4,134.402,137.721,9.319,8.372,9.319,8.372,159.446,160.672,166.211,162.028,140.275,138.546,147.637,148.464,79.241,82.921,95.347,100.8,132.06,171.074,138.695,166.211,162.028,179.847,132.06,166.862,86.086,100.462,9.319,8.372,166.211,162.028,179.763,161.399,160.68
trikonasana,avg,1,avg.mp4,138.727,136.101,11.277,7.022,11.277,7.022,159.456,160.173,164.122,164.009,139.943,138.236,146.285,148.291,83.012,82.28,94.9,100.295,131.298,171.257,138.412,164.122,164.009,179.856,131.298,166.553,86.579,100.814,11.277,7.022,164.122,164.009,179.78,161.571,160.428
trikonasana,avg,1,avg.mp4,142.544,133.594,15.12,6.791,15.12,6.791,159.871,162.869,163.079,161.337,141.833,138.344,145.683,150.163,90.887,82.739,93.83,97.523,130.904,168.137,139.387,163.079,161.337,179.88,130.904,170.452,85.615,105.912,15.12,6.791,163.079,161.337,179.807,165.181,161.353
trikonasana,avg,1,avg.mp4,148.546,135.183,28.388,8.947,28.388,8.947,164.873,163.095,164.634,161.537,142.443,143.416,146.212,142.75,94.634,92.211,94.118,94.553,132.242,170.135,142.111,164.634,161.537,179.907,132.242,169.099,92.534,112.509,28.388,8.947,164.634,161.537,179.838,166.403,157.884
trikonasana,avg,1,avg.mp4,144.741,140.275,43.813,16.806,43.813,16.806,158.202,167.145,165.495,161.621,142.122,143.158,149.178,146.112,95.136,92.085,90.36,95.358,122.603,170.491,141.715,165.495,161.621,179.929,122.603,166.469,94.066,111.558,43.813,16.806,165.495,161.621,179.866,169.427,153.113
trikonasana,avg,1,avg.mp4,165.842,134.255,90.827,12.818,90.827,12.818,154.772,140.69,157.694,152.427,136.905,133.529,150.1,146.882,88.35,82.396,90.306,92.671,120.78,157.256,134.283,157.694,152.427,179.926,120.78,170.51,124.891,119.269,90.827,12.818,157.694,152.427,179.89,176.085,157.029
trikonasana,avg,1,avg.mp4,173.81,130.366,126.543,5.58,126.543,5.58,164.664,159.172,153.003,147.265,141.447,135.286,149.394,145.823,90.805,79.343,98.68,90.387,111.205,151.909,137.578,153.003,147.265,179.931,111.205,167.62,148.732,130.586,126.543,5.58,153.003,147.265,179.875,174.297,154.717
trikonasana,avg,1,avg.mp4,169.425,131.864,145.298,13.448,145.298,13.448,161.811,169.869,148.733,141.792,139.354,139.015,152.554,149.448,90.224,82.258,100.265,90.574,102.272,146.808,138.346,148.733,141.792,179.929,102.272,161.316,156.318,133.83,145.298,13.448,148.733,141.792,179.88,170.017,148.944
trikonasana,avg,1,avg.mp4,171.088,131.197,148.275,17.775,148.275,17.775,165.076,162.805,147.623,138.712,142.501,143.414,150.376,148.689,89.336,78.36,103.085,86.419,97.946,144.214,142.123,147.623,138.712,179.929,97.946,156.034,151.287,128.455,148.275,17.775,147.623,138.712,179.88,165.646,144.283
trikonasana,avg,1,avg.mp4,170.686,117.602,142.258,24.324,142.258,24.324,161.968,166.811,146.182,131.954,134.577,148.358,151.646,150.66,76.452,83.838,109.696,85.651,110.798,142.401,140.354,146.182,131.954,179.941,110.798,147.857,142.476,135.859,142.258,24.324,146.182,131.954,179.881,162.448,128.859
trikonasana,avg,1,avg.mp4,157.428,132.529,135.377,41.034,135.377,41.034,154.117,165.663,142.923,119.677,124.037,150.788,154.063,155.286,73.196,85.017,126.257,83.358,125.235,134.675,135.992,142.923,119.677,179.905,125.235,141.294,154.798,149.176,135.377,41.034,142.923,119.677,179.808,156.134,123.414
trikonasana,avg,1,avg.mp4,159.359,136.843,124.499,57.88,124.499,57.88,133.644,170.829,142.68,107.719,126.421,145.467,151.02,159.407,75.842,87.482,134.984,68.878,131.661,127.655,134.621,142.68,107.719,179.899,131.661,137.104,167.335,171.434,124.499,57.88,142.68,107.719,179.75,152.03,117.477
trikonasana,avg,1,avg.mp4,170.991,138.242,108.423,74.771,108.423,74.771,105.324,172.407,135.489,98.29,124.588,147.286,150.71,158.788,74.039,87.394,133.536,68.821,137.412,118.999,134.549,135.489,98.29,179.905,137.412,132.241,157.582,173.131,108.423,74.771,135.489,98.29,179.748,149.102,110.712
trikonasana,avg,1,avg.mp4,134.488,137.065,114.244,89.615,114.244,89.615,152.558,164.638,126.346,82.939,121.998,161.0,152.827,154.152,72.917,88.975,142.863,66.375,136.236,107.812,139.196,126.346,82.939,179.914,136.236,118.459,161.721,175.791,114.244,89.615,126.346,82.939,179.732,139.811,90.088
trikonasana,avg,1,avg.mp4,129.219,144.997,110.418,102.181,110.418,102.181,155.75,170.658,123.735,76.22,123.318,161.712,150.443,155.907,75.778,89.879,146.41,66.001,135.976,103.652,140.151,123.735,76.22,179.905,135.976,114.484,157.478,161.289,110.418,102.181,123.735,76.22,179.732,137.046,84.035
trikonasana,avg,1,avg.mp4,133.798,146.685,114.54,106.393,114.54,106.393,163.955,166.36,124.705,74.013,128.483,167.591,152.314,157.745,73.099,83.441,138.149,74.581,134.583,102.541,145.779,124.705,74.013,179.907,134.583,110.853,159.886,154.002,114.54,106.393,124.705,74.013,179.766,134.083,79.312
trikonasana,avg,1,avg.mp4,142.311,144.734,112.357,108.05,112.357,108.05,158.006,168.247,120.53,73.465,134.109,164.994,153.133,154.933,75.849,85.762,131.079,78.017,140.142,99.128,147.808,120.53,73.465,179.905,140.142,108.312,157.671,148.705,112.357,108.05,120.53,73.465,179.794,131.068,80.016
trikonasana,avg,1,temp_VID20260218165529.mp4,95.994,103.381,15.682,19.111,15.682,19.111,165.2,167.132,143.205,147.46,126.12,122.68,148.678,155.432,66.827,59.806,91.748,102.452,134.463,146.769,124.301,143.205,147.46,179.768,134.463,175.939,98.66,89.661,15.682,19.111,143.205,147.46,179.595,168.735,172.492
trikonasana,avg,1,temp_VID20260218165529.mp4,88.216,120.546,10.568,37.534,10.568,37.534,165.764,166.345,160.532,137.037,138.112,118.099,148.174,145.761,62.13,68.926,95.694,114.633,134.331,152.574,128.438,160.532,137.037,179.797,134.331,173.563,122.526,86.343,10.568,37.534,160.532,137.037,179.69,163.802,170.739
trikonasana,avg,1,temp_VID20260218165529.mp4,88.667,107.341,18.309,37.946,18.309,37.946,162.441,165.151,139.083,124.872,131.933,117.199,148.156,144.208,62.176,68.284,94.011,111.274,147.917,133.811,124.708,139.083,124.872,179.776,147.917,170.83,117.0,79.781,18.309,37.946,139.083,124.872,179.647,167.623,165.76
trikonasana,avg,1,temp_VID20260218165529.mp4,89.203,99.119,24.675,41.012,24.675,41.012,159.494,166.821,123.188,109.592,124.565,107.326,148.687,148.285,62.764,63.947,93.644,113.952,153.732,117.381,115.51,123.188,109.592,179.799,153.732,161.595,124.515,73.436,24.675,41.012,123.188,109.592,179.653,159.634,158.45
trikonasana,avg,1,temp_VID20260218165529.mp4,94.727,73.548,37.179,32.937,37.179,32.937,157.964,162.594,62.005,107.554,75.97,112.269,148.742,144.577,67.128,72.425,92.528,88.583,158.049,82.292,90.836,62.005,107.554,179.837,158.049,139.325,125.095,97.495,37.179,32.937,62.005,107.554,179.646,125.447,151.04
trikonasana,avg,1,temp_VID20260218165529.mp4,105.293,134.797,40.738,35.309,40.738,35.309,145.362,78.172,57.95,93.842,74.78,108.482,143.817,146.589,66.931,72.124,93.158,87.741,163.651,74.669,89.013,57.95,93.842,179.859,163.651,136.21,137.359,105.725,40.738,35.309,57.95,93.842,179.679,131.721,139.428
trikonasana,avg,1,temp_VID20260218165529.mp4,109.73,147.233,67.905,105.465,67.905,105.465,161.458,144.045,92.764,75.973,123.837,92.386,167.082,149.658,51.124,67.134,105.015,110.649,165.06,82.545,105.686,92.764,75.973,179.867,165.06,131.337,167.538,163.923,67.905,105.465,92.764,75.973,179.727,129.773,131.725
trikonasana,avg,1,temp_VID20260218165529.mp4,106.056,157.562,68.908,136.833,68.908,136.833,163.789,165.562,96.697,71.905,126.972,87.351,147.984,150.845,70.492,64.1,107.072,115.013,166.025,81.695,103.982,96.697,71.905,179.87,166.025,132.564,169.459,167.271,68.908,136.833,96.697,71.905,179.733,131.978,131.771
trikonasana,avg,1,temp_VID20260218165529.mp4,99.78,168.24,60.237,158.447,60.237,158.447,162.623,173.879,96.19,65.175,127.832,82.388,139.676,150.846,80.822,64.898,118.714,109.397,164.148,76.912,100.626,96.19,65.175,179.895,164.148,129.095,159.633,166.666,60.237,158.447,96.19,65.175,179.817,130.432,125.715
trikonasana,avg,1,temp_VID20260218165529.mp4,109.086,167.052,70.125,156.47,70.125,156.47,162.077,172.468,107.765,79.951,138.29,90.877,144.542,156.46,74.364,54.032,104.584,121.717,163.72,92.705,112.595,107.765,79.951,179.881,163.72,138.977,159.974,158.855,70.125,156.47,107.765,79.951,179.79,134.646,142.486
trikonasana,avg,1,temp_VID20260218165529.mp4,109.19,151.962,73.652,138.538,73.652,138.538,165.535,169.365,106.094,78.206,137.355,91.983,148.256,156.834,72.081,55.298,102.579,124.378,165.165,90.255,112.319,106.094,78.206,179.876,165.165,135.363,168.827,163.855,73.652,138.538,106.094,78.206,179.787,133.295,136.68
trikonasana,avg,1,temp_VID20260218165529.mp4,112.047,153.77,78.037,140.797,78.037,140.797,165.979,171.058,98.878,83.005,135.036,93.136,139.694,159.145,84.644,48.851,97.736,117.736,167.115,89.697,111.268,98.878,83.005,179.872,167.115,135.463,165.936,160.493,78.037,140.797,98.878,83.005,179.8,126.168,144.062
trikonasana,avg,1,temp_VID20260218165529.mp4,111.031,155.729,78.31,142.766,78.31,142.766,166.423,171.659,95.401,94.063,133.339,105.4,140.237,161.076,85.14,46.79,86.502,115.264,167.212,94.315,117.143,95.401,94.063,179.881,167.212,135.103,161.476,163.286,78.31,142.766,95.401,94.063,179.799,122.905,145.734
trikonasana,avg,1,temp_VID20260218165529.mp4,114.267,145.532,83.719,131.195,83.719,131.195,168.171,170.381,83.805,99.973,132.185,111.028,135.033,160.896,98.87,47.294,81.296,105.503,166.859,91.59,117.598,83.805,99.973,179.873,166.859,130.316,165.904,165.2,83.719,131.195,83.805,99.973,179.792,109.486,146.945
trikonasana,avg,1,temp_VID20260218165529.mp4,113.083,148.141,81.725,129.53,81.725,129.53,168.254,167.338,83.403,99.948,134.549,111.372,134.372,160.874,101.311,48.017,80.182,106.002,167.301,91.482,118.239,83.403,99.948,179.873,167.301,129.543,163.467,171.313,81.725,129.53,83.403,99.948,179.786,107.294,146.798
trikonasana,avg,1,temp_VID20260218165529.mp4,115.855,138.49,85.654,121.446,85.654,121.446,169.465,168.599,81.431,101.142,131.985,112.063,135.089,160.062,99.909,49.004,79.367,104.039,167.563,91.072,117.398,81.431,101.142,179.876,167.563,129.821,162.864,175.397,85.654,121.446,81.431,101.142,179.783,106.778,147.645
trikonasana,avg,1,temp_VID20260218165529.mp4,117.11,142.239,86.705,122.832,86.705,122.832,169.179,165.989,78.843,100.021,130.567,112.164,134.841,158.901,100.442,51.175,79.32,102.958,167.845,89.121,116.685,78.843,100.021,179.87,167.845,128.121,164.828,171.238,86.705,122.832,78.843,100.021,179.774,104.657,146.385
trikonasana,avg,1,temp_VID20260218165529.mp4,113.995,143.975,83.257,125.128,83.257,125.128,169.329,165.639,78.848,99.161,130.955,111.805,134.701,158.218,100.841,52.463,80.364,102.784,167.41,88.71,116.823,78.848,99.161,179.869,167.41,127.33,165.505,171.884,83.257,125.128,78.848,99.161,179.771,104.387,145.434
trikonasana,avg,1,temp_VID20260218165529.mp4,115.001,144.447,85.07,125.183,85.07,125.183,170.254,164.872,79.497,98.42,129.809,110.941,134.917,158.305,98.642,52.243,80.922,103.601,167.542,88.676,116.259,79.497,98.42,179.872,167.542,127.837,163.619,171.687,85.07,125.183,79.497,98.42,179.771,106.024,145.294
trikonasana,avg,1,temp_VID20260218165619.mp4,137.99,175.069,86.551,152.012,86.551,152.012,150.192,177.925,78.298,78.845,123.149,120.217,145.501,168.871,85.502,65.616,123.494,60.008,156.807,78.289,121.281,78.298,78.845,179.549,156.807,111.145,43.651,105.034,86.551,152.012,78.298,78.845,179.213,106.129,116.321
trikonasana,avg,1,temp_VID20260218165619.mp4,125.114,142.116,52.687,111.813,52.687,111.813,136.562,168.247,50.416,68.568,162.903,142.075,161.054,159.875,139.303,103.563,64.988,134.694,169.3,57.744,152.02,50.416,68.568,179.82,169.3,69.63,49.31,74.168,52.687,111.813,50.416,68.568,179.747,57.452,86.287
trikonasana,avg,1,temp_VID20260218165619.mp4,120.41,162.341,63.786,129.497,63.786,129.497,149.561,175.791,66.793,73.548,152.705,136.373,152.418,154.293,115.203,84.261,87.127,101.269,166.212,69.731,144.323,66.793,73.548,179.605,166.212,85.81,91.282,157.154,63.786,129.497,66.793,73.548,179.468,78.512,94.27
trikonasana,avg,1,temp_VID20260218165619.mp4,87.467,103.307,31.49,61.665,31.49,61.665,141.472,154.243,60.26,81.142,145.162,138.197,147.82,135.488,122.261,85.216,75.269,118.16,173.901,69.661,139.932,60.26,81.142,179.558,173.901,88.436,125.367,84.467,31.49,61.665,60.26,81.142,179.04,75.079,102.698
trikonasana,avg,1,temp_VID20260218165619.mp4,148.818,158.784,26.89,15.516,26.89,15.516,80.496,57.265,52.508,70.659,122.04,117.237,133.587,145.826,118.372,84.914,80.043,105.94,178.334,60.388,117.57,52.508,70.659,179.695,178.334,90.667,98.877,88.308,26.89,15.516,52.508,70.659,179.44,77.608,104.853
trikonasana,avg,1,temp_VID20260218165619.mp4,68.851,139.259,22.842,8.91,22.842,8.91,157.888,75.659,59.839,77.363,119.381,113.348,135.628,164.686,107.307,60.518,73.397,116.071,175.492,67.996,114.556,59.839,77.363,179.774,175.492,99.334,96.7,96.226,22.842,8.91,59.839,77.363,179.505,86.148,112.607
trikonasana,avg,1,temp_VID20260218165619.mp4,70.137,92.48,27.762,23.763,27.762,23.763,168.74,142.353,59.346,84.902,105.295,105.86,132.103,163.596,102.168,56.761,77.564,105.245,170.616,72.034,104.363,59.346,84.902,179.803,170.616,110.258,132.411,67.337,27.762,23.763,59.346,84.902,179.59,95.508,123.643
trikonasana,avg,1,temp_VID20260218165619.mp4,82.455,111.819,41.575,38.72,41.575,38.72,168.761,137.346,81.669,84.437,114.766,97.285,133.635,159.806,85.004,54.11,93.052,107.209,165.609,83.148,104.746,81.669,84.437,179.856,165.609,128.797,153.526,57.772,41.575,38.72,81.669,84.437,179.683,122.22,132.999
trikonasana,avg,1,temp_VID20260218165619.mp4,114.487,80.757,77.401,44.436,77.401,44.436,167.977,147.81,86.257,83.809,122.063,91.034,132.97,159.382,85.091,50.791,95.224,114.311,164.267,84.339,103.881,86.257,83.809,179.866,164.267,133.506,159.795,103.329,77.401,44.436,86.257,83.809,179.699,122.009,142.871
trikonasana,avg,1,temp_VID20260218165619.mp4,125.283,155.707,93.433,137.962,93.433,137.962,167.424,165.775,71.124,77.266,114.251,88.604,126.818,159.675,95.085,50.925,107.522,92.326,167.056,73.251,98.677,71.124,77.266,179.866,167.056,124.43,158.27,155.351,93.433,137.962,71.124,77.266,179.768,110.622,136.616
trikonasana,avg,1,temp_VID20260218165619.mp4,122.788,157.809,91.649,137.736,91.649,137.736,168.0,162.639,71.313,80.584,111.123,91.017,127.61,161.133,92.503,49.255,104.318,93.169,169.629,74.974,98.906,71.313,80.584,179.872,169.629,127.366,165.952,153.428,91.649,137.736,71.313,80.584,179.778,113.712,139.679
trikonasana,avg,1,temp_VID20260218165619.mp4,125.961,166.03,95.781,151.667,95.781,151.667,167.669,164.315,78.145,92.67,111.091,104.181,133.973,157.229,79.533,53.185,96.024,95.748,172.571,84.746,106.939,78.145,92.67,179.87,172.571,133.267,160.723,142.385,95.781,151.667,78.145,92.67,179.812,123.818,142.273
trikonasana,avg,1,temp_VID20260218165619.mp4,118.647,168.627,89.178,155.576,89.178,155.576,167.439,164.229,83.656,100.127,114.692,111.812,135.727,156.659,74.005,52.558,88.651,99.354,172.347,91.538,113.005,83.656,100.127,179.876,172.347,136.434,159.638,145.605,89.178,155.576,83.656,100.127,179.839,127.933,144.561
trikonasana,avg,1,temp_VID20260218165619.mp4,122.569,161.293,89.328,154.295,89.328,154.295,164.606,162.471,73.877,100.297,97.772,106.156,149.563,163.87,54.404,41.742,89.384,90.762,172.571,86.639,101.789,73.877,100.297,179.87,172.571,141.73,162.336,141.915,89.328,154.295,73.877,100.297,179.831,132.696,150.65
trikonasana,avg,1,temp_VID20260218165619.mp4,114.919,158.253,80.908,169.865,80.908,169.865,163.587,171.137,66.463,103.73,89.839,107.37,148.514,161.622,55.884,41.751,86.649,82.706,172.113,84.697,98.294,66.463,103.73,179.881,172.113,142.795,155.151,141.168,80.908,169.865,66.463,103.73,179.849,130.672,153.875
trikonasana,avg,1,temp_VID20260218165619.mp4,111.445,166.113,71.806,170.799,71.806,170.799,162.888,174.626,59.147,107.134,83.323,105.89,140.095,161.769,66.445,41.786,86.854,76.381,166.538,82.17,93.423,59.147,107.134,179.883,166.538,141.829,160.331,132.567,71.806,170.799,59.147,107.134,179.843,123.916,157.006
trikonasana,avg,1,temp_VID20260218165619.mp4,110.071,167.465,74.456,172.315,74.456,172.315,164.668,172.23,56.921,100.296,82.331,103.026,143.2,160.711,63.221,42.913,91.26,72.748,168.42,77.303,91.343,56.921,100.296,179.883,168.42,138.687,157.822,134.884,74.456,172.315,56.921,100.296,179.857,121.999,153.029
trikonasana,avg,1,temp_VID20260218165619.mp4,104.864,167.542,68.33,171.236,68.33,171.236,167.272,170.598,59.078,102.288,85.661,102.007,140.701,162.767,67.016,39.747,90.983,74.657,166.197,79.699,92.368,59.078,102.288,179.888,166.197,140.04,159.799,139.018,68.33,171.236,59.078,102.288,179.855,120.657,155.89
trikonasana,avg,1,temp_VID20260218165619.mp4,104.596,167.222,69.98,171.658,69.98,171.658,167.168,169.19,59.379,104.142,86.937,103.137,140.533,163.443,67.074,37.817,88.652,75.48,166.646,80.846,93.361,59.379,104.142,179.89,166.646,140.951,158.234,139.182,69.98,171.658,59.379,104.142,179.855,119.798,157.498
trikonasana,avg,1,temp_VID20260218165619.mp4,105.228,167.261,69.23,170.877,69.23,170.877,166.167,169.941,60.732,110.401,85.696,107.365,143.844,165.379,61.495,34.854,82.481,77.588,165.929,84.367,94.578,60.732,110.401,179.89,165.929,144.318,160.055,136.362,69.23,170.877,60.732,110.401,179.853,121.945,160.834
trikonasana,avg,1,temp_VID20260218165658.mp4,160.237,169.022,69.687,52.331,69.687,52.331,157.536,172.38,118.25,153.753,167.528,162.167,168.178,168.357,145.318,132.959,58.811,134.241,128.605,136.67,165.016,118.25,153.753,179.914,128.605,143.019,142.111,35.928,69.687,52.331,118.25,153.753,179.897,124.0,157.557
trikonasana,avg,1,temp_VID20260218165658.mp4,136.345,90.105,77.758,64.355,77.758,64.355,143.218,172.492,46.164,64.172,146.452,142.345,161.206,164.49,126.888,108.578,68.178,128.309,168.549,53.388,143.374,46.164,64.172,179.914,168.549,69.489,78.474,116.24,77.758,64.355,46.164,64.172,179.885,59.925,82.284
trikonasana,avg,1,temp_VID20260218165658.mp4,153.272,166.28,14.402,8.559,14.402,8.559,153.501,173.253,171.442,152.828,158.889,159.169,162.811,177.715,130.865,111.091,73.551,118.904,161.422,163.226,158.738,171.442,152.828,179.893,161.422,153.242,137.18,37.815,14.402,8.559,171.442,152.828,179.872,162.644,143.149
trikonasana,avg,1,temp_VID20260218165658.mp4,154.182,171.082,15.111,8.808,15.111,8.808,154.422,173.509,178.232,142.523,159.336,164.096,168.134,172.539,133.627,113.329,68.277,133.19,162.535,161.494,161.276,178.232,142.523,179.903,162.535,152.839,139.422,35.4,15.111,8.808,178.232,142.523,179.875,168.547,136.154
trikonasana,avg,1,temp_VID20260218165658.mp4,113.157,83.527,54.018,44.777,54.018,44.777,134.445,158.172,47.642,71.448,146.27,144.206,156.36,168.385,128.943,100.209,61.261,142.82,171.873,58.1,145.065,47.642,71.448,179.888,171.873,73.785,59.624,129.524,54.018,44.777,47.642,71.448,179.856,62.691,87.578
trikonasana,avg,1,temp_VID20260218165658.mp4,150.748,174.216,10.325,6.186,10.325,6.186,154.597,169.771,156.017,135.081,158.279,162.278,160.582,176.828,129.302,111.486,74.197,123.543,168.193,146.866,160.689,156.017,135.081,179.873,168.193,138.409,144.094,24.521,10.325,6.186,156.017,135.081,179.862,145.802,129.604
trikonasana,avg,1,temp_VID20260218165658.mp4,152.653,175.668,13.706,4.379,13.706,4.379,165.817,162.878,124.98,114.344,168.926,167.169,154.662,159.66,145.398,107.473,93.166,97.519,173.017,119.92,169.748,124.98,114.344,179.856,173.017,123.841,144.958,33.052,13.706,4.379,124.98,114.344,179.857,130.785,115.243
trikonasana,avg,1,temp_VID20260218165658.mp4,122.638,114.544,64.66,86.617,64.66,86.617,144.618,169.232,58.615,75.582,166.232,166.386,156.142,167.994,135.459,113.819,73.674,124.056,170.904,66.485,166.631,58.615,75.582,179.857,170.904,72.743,66.877,99.034,64.66,86.617,58.615,75.582,179.833,65.202,81.782
trikonasana,avg,1,temp_VID20260218165658.mp4,110.267,116.642,54.515,74.09,54.515,74.09,144.864,154.019,62.509,87.1,160.68,164.303,152.765,150.633,131.913,115.031,69.132,134.714,166.656,73.757,162.409,62.509,87.1,179.468,166.656,81.848,124.614,87.254,54.515,74.09,62.509,87.1,179.17,71.667,93.558
trikonasana,avg,1,temp_VID20260218165658.mp4,171.095,176.788,80.973,118.903,80.973,118.903,147.917,170.767,128.65,130.276,157.728,166.014,162.287,162.918,88.077,83.236,98.836,91.194,56.809,129.091,162.014,128.65,130.276,179.452,56.809,138.653,72.221,133.489,80.973,118.903,128.65,130.276,179.21,140.819,137.279
trikonasana,avg,1,temp_VID20260218165658.mp4,169.429,173.261,20.423,3.214,20.423,3.214,164.837,172.625,92.503,85.155,177.417,174.151,160.776,169.214,92.775,84.485,96.23,93.957,172.665,88.845,176.191,92.503,85.155,179.67,172.665,90.745,74.346,116.958,20.423,3.214,92.503,85.155,179.442,93.085,87.947
trikonasana,avg,1,temp_VID20260218165658.mp4,72.013,169.746,31.531,7.574,31.531,7.574,164.686,38.32,69.781,78.633,112.334,99.961,135.729,155.035,90.191,65.537,88.39,100.64,174.526,74.393,105.256,69.781,78.633,179.781,174.526,116.096,119.738,88.062,31.531,7.574,69.781,78.633,179.539,107.35,123.629
trikonasana,avg,1,temp_VID20260218165658.mp4,89.892,60.767,52.931,28.908,52.931,28.908,169.739,154.149,85.167,92.366,123.404,103.3,134.364,151.756,92.283,67.171,90.642,109.056,166.004,88.688,111.962,85.167,92.366,179.839,166.004,130.758,142.747,100.075,52.931,28.908,85.167,92.366,179.651,120.219,139.746
trikonasana,avg,1,temp_VID20260218165658.mp4,97.259,93.772,58.016,67.159,58.016,67.159,168.477,149.328,120.951,89.92,144.33,95.599,142.557,153.118,67.587,64.547,96.453,136.152,161.324,103.764,117.776,120.951,89.92,179.87,161.324,144.918,154.913,130.337,58.016,67.159,120.951,89.92,179.741,144.093,143.27
trikonasana,avg,1,temp_VID20260218165658.mp4,98.614,163.167,61.431,148.112,61.431,148.112,164.938,167.051,100.326,77.679,127.145,86.478,141.008,151.072,68.298,63.897,112.876,114.977,163.613,85.332,103.081,100.326,77.679,179.888,163.613,137.108,172.415,159.313,61.431,148.112,100.326,77.679,179.833,136.607,136.043
trikonasana,avg,1,temp_VID20260218165658.mp4,96.652,174.673,63.225,163.529,63.225,163.529,168.757,172.654,114.186,70.187,137.483,83.233,147.631,155.737,55.446,57.308,120.274,123.703,165.868,88.15,106.093,114.186,70.187,179.912,165.868,139.91,156.6,166.895,63.225,163.529,114.186,70.187,179.895,143.629,131.752
trikonasana,avg,1,temp_VID20260218165658.mp4,92.142,171.537,54.646,163.449,54.646,163.449,161.792,173.208,110.394,78.712,137.313,86.751,149.495,159.798,58.061,46.352,108.793,122.621,166.677,92.688,109.946,110.394,78.712,179.909,166.677,142.608,169.689,163.085,54.646,163.449,110.394,78.712,179.867,139.323,145.306
trikonasana,avg,1,temp_VID20260218165658.mp4,97.808,164.702,64.309,159.004,64.309,159.004,164.633,174.27,94.435,89.325,123.516,97.971,149.094,159.149,60.039,46.888,95.477,111.15,166.515,90.87,109.51,94.435,89.325,179.897,166.515,140.255,166.996,161.166,64.309,159.004,94.435,89.325,179.853,132.894,147.394
trikonasana,avg,1,temp_VID20260218165658.mp4,103.915,163.771,73.988,160.546,73.988,160.546,169.938,175.613,86.045,89.767,115.016,99.598,147.432,160.01,59.046,46.7,94.767,102.952,164.589,86.993,106.44,86.045,89.767,179.897,164.589,137.648,157.308,159.358,73.988,160.546,86.045,89.767,179.87,130.111,145.152
trikonasana,avg,1,temp_VID20260218165658.mp4,105.169,163.006,73.446,157.425,73.446,157.425,167.263,174.831,104.299,85.986,132.589,96.968,148.532,156.354,56.879,52.525,98.67,120.151,165.476,93.589,113.579,104.299,85.986,179.897,165.476,138.78,156.865,162.681,73.446,157.425,104.299,85.986,179.883,135.714,142.049
trikonasana,avg,1,temp_VID20260218165658.mp4,108.642,163.874,77.686,159.87,77.686,159.87,167.912,176.564,115.462,79.59,142.255,89.555,152.335,161.967,51.612,47.666,107.959,129.124,165.515,94.99,113.868,115.462,79.59,179.903,165.515,140.109,144.943,167.86,77.686,159.87,115.462,79.59,179.899,140.627,138.462
trikonasana,avg,1,temp_VID20260218165658.mp4,110.31,163.239,78.488,159.177,78.488,159.177,167.262,176.431,114.778,82.176,141.595,91.903,153.961,160.576,50.013,48.342,104.918,129.511,165.315,95.627,114.5,114.778,82.176,179.897,165.315,140.338,146.535,166.205,78.488,159.177,114.778,82.176,179.893,140.881,138.792
trikonasana,avg,1,temp_VID20260218165658.mp4,116.013,164.927,85.125,161.072,85.125,161.072,166.946,177.03,115.156,80.453,141.881,90.96,153.577,165.158,49.832,42.873,105.099,130.571,165.962,94.8,114.025,115.156,80.453,179.899,165.962,140.276,140.857,162.454,85.125,161.072,115.156,80.453,179.895,141.253,138.106
trikonasana,avg,1,temp_VID20260218165658.mp4,115.96,161.855,85.54,156.694,85.54,156.694,167.207,176.377,116.01,81.881,143.571,92.712,152.788,166.931,50.449,41.191,104.049,131.491,165.404,96.223,116.111,116.01,81.881,179.899,165.404,139.95,141.739,166.173,85.54,156.694,116.01,81.881,179.892,140.706,138.207
trikonasana,avg,1,temp_VID20260218165658.mp4,113.814,163.631,83.854,158.085,83.854,158.085,167.275,175.668,120.132,81.36,146.172,90.625,155.264,166.688,46.713,40.258,103.774,135.883,165.766,98.437,116.798,120.132,81.36,179.897,165.766,142.69,145.083,162.849,83.854,158.085,120.132,81.36,179.89,143.229,141.141
trikonasana,avg,1,temp_VID20260218165658.mp4,115.439,163.552,86.529,157.796,86.529,157.796,168.059,175.269,118.707,81.042,145.072,90.211,154.728,165.439,47.386,41.687,104.029,134.735,165.707,97.283,115.759,118.707,81.042,179.895,165.707,142.211,144.458,161.141,86.529,157.796,118.707,81.042,179.892,142.572,141.008
trikonasana,avg,1,temp_VID20260218165658.mp4,117.94,162.934,89.348,156.154,89.348,156.154,167.984,174.56,116.473,87.126,144.528,95.535,153.926,166.304,49.951,39.281,97.539,132.0,167.171,99.875,118.758,116.473,87.126,179.89,167.171,142.518,147.336,156.833,89.348,156.154,116.473,87.126,179.893,140.251,145.257
trikonasana,avg,1,temp_VID20260218165744.mp4,164.055,159.907,20.144,9.881,20.144,9.881,156.434,159.325,128.965,139.836,106.792,163.379,121.601,147.256,137.788,161.658,164.456,6.282,173.04,135.069,146.397,128.965,139.836,179.591,173.04,153.829,57.346,129.399,20.144,9.881,128.965,139.836,179.697,165.409,148.386
trikonasana,avg,1,temp_VID20260218165744.mp4,142.355,177.431,28.752,12.34,28.752,12.34,163.884,151.845,107.355,98.509,152.095,153.906,154.515,97.617,95.87,35.364,127.783,54.099,169.505,103.186,173.025,107.355,98.509,179.829,169.505,106.443,111.856,51.108,28.752,12.34,107.355,98.509,179.756,98.43,112.281
trikonasana,avg,1,temp_VID20260218165744.mp4,171.253,173.949,39.561,16.746,39.561,16.746,151.05,177.472,127.324,107.32,156.52,163.775,147.125,142.023,123.17,79.711,106.591,93.38,115.389,118.167,162.173,127.324,107.32,179.856,115.389,109.94,121.068,37.812,39.561,16.746,127.324,107.32,179.731,116.767,102.583
trikonasana,avg,1,temp_VID20260218165744.mp4,167.013,177.406,43.424,6.292,43.424,6.292,151.761,171.123,129.183,107.424,161.582,166.405,160.218,145.617,112.468,118.592,106.385,92.258,154.506,118.53,169.41,129.183,107.424,179.452,154.506,113.39,95.891,47.149,43.424,6.292,129.183,107.424,179.6,121.675,105.146
trikonasana,avg,1,temp_VID20260218165744.mp4,123.252,107.919,32.313,18.711,32.313,18.711,157.956,158.191,114.745,145.663,159.304,168.213,156.648,164.504,121.181,92.459,82.969,119.804,110.505,128.816,164.378,114.745,145.663,179.857,110.505,136.223,76.617,119.931,32.313,18.711,114.745,145.663,179.826,124.67,150.452
trikonasana,avg,1,temp_VID20260218165744.mp4,84.794,143.349,33.749,19.384,33.749,19.384,148.008,140.262,63.666,83.795,134.708,145.905,143.773,145.92,111.213,87.559,74.163,125.633,176.298,73.505,142.642,63.666,83.795,179.845,176.298,91.392,48.712,150.918,33.749,19.384,63.666,83.795,179.782,86.091,96.567
trikonasana,avg,1,temp_VID20260218165744.mp4,79.695,118.72,27.419,21.508,27.419,21.508,148.967,107.212,70.346,74.338,131.151,132.831,142.042,150.362,105.363,91.532,69.877,120.884,176.378,72.375,131.657,70.346,74.338,179.811,176.378,95.005,57.74,135.795,27.419,21.508,70.346,74.338,179.709,93.33,96.152
trikonasana,avg,1,temp_VID20260218165744.mp4,137.98,136.557,50.272,38.351,50.272,38.351,138.666,163.758,163.017,153.759,137.09,137.782,153.039,156.02,110.904,95.733,69.134,124.131,70.57,167.174,136.777,163.017,153.759,179.878,70.57,149.095,83.509,75.61,50.272,38.351,163.017,153.759,179.74,160.316,135.001
trikonasana,avg,1,temp_VID20260218165744.mp4,107.452,109.929,33.444,59.794,33.444,59.794,127.955,145.548,53.377,64.141,127.003,122.084,149.973,153.956,115.022,91.413,68.283,129.67,172.504,57.94,122.649,53.377,64.141,179.819,172.504,81.663,58.601,117.59,33.444,59.794,53.377,64.141,179.716,73.127,91.07
trikonasana,avg,1,temp_VID20260218165744.mp4,144.882,172.595,17.2,13.533,17.2,13.533,151.992,121.194,58.089,80.59,172.136,177.986,161.009,165.84,76.462,77.784,96.204,107.321,168.829,67.002,175.168,58.089,80.59,179.83,168.829,69.087,32.277,163.928,17.2,13.533,58.089,80.59,179.739,61.034,80.072
trikonasana,avg,1,temp_VID20260218165744.mp4,177.521,136.862,51.357,13.293,51.357,13.293,157.587,146.33,53.87,92.088,173.668,149.303,62.331,174.264,164.855,77.544,75.429,142.091,172.333,71.262,163.276,53.87,92.088,179.748,172.333,64.73,131.989,93.832,51.357,13.293,53.87,92.088,179.642,51.479,79.974
trikonasana,avg,1,temp_VID20260218165744.mp4,152.715,155.917,85.338,140.695,85.338,140.695,138.937,136.843,91.444,83.184,126.579,137.319,94.196,159.66,127.689,76.444,121.998,75.891,48.822,87.498,129.862,91.444,83.184,179.252,48.822,116.917,105.228,161.321,85.338,140.695,91.444,83.184,179.59,123.021,107.875
trikonasana,avg,1,temp_VID20260218165744.mp4,127.636,102.96,102.154,96.659,102.154,96.659,131.647,174.758,39.6,54.664,77.49,86.86,144.478,172.479,77.114,44.459,56.355,152.779,155.614,44.799,78.778,39.6,54.664,179.885,155.614,106.071,109.566,98.71,102.154,96.659,39.6,54.664,179.67,92.434,116.856
trikonasana,avg,1,temp_VID20260218165744.mp4,141.764,161.039,97.073,127.531,97.073,127.531,147.597,161.649,38.489,35.412,68.134,54.854,135.995,155.457,76.989,57.41,46.505,154.226,167.619,34.775,59.145,38.489,35.412,179.848,167.619,112.259,134.245,97.233,97.073,127.531,38.489,35.412,179.684,110.786,113.063
trikonasana,avg,1,temp_VID20260218165846.mp4,98.867,96.925,29.403,19.476,29.403,19.476,170.118,167.888,130.755,141.892,111.343,112.45,140.051,154.589,67.693,49.986,91.664,112.688,141.128,139.135,111.598,130.755,141.892,179.807,141.128,169.83,91.639,106.81,29.403,19.476,130.755,141.892,179.676,162.87,165.832
trikonasana,avg,1,temp_VID20260218165846.mp4,104.33,113.384,40.875,42.083,40.875,42.083,174.945,171.807,125.104,136.099,98.607,111.708,146.502,151.559,58.589,50.316,100.185,103.917,144.182,131.84,104.237,125.104,136.099,179.774,144.182,172.422,100.0,108.537,40.875,42.083,125.104,136.099,179.667,165.318,168.836
trikonasana,avg,1,temp_VID20260218165846.mp4,105.006,109.014,67.585,41.688,67.585,41.688,171.685,171.542,119.266,146.013,100.54,133.029,146.221,150.423,62.244,54.981,113.399,102.84,150.175,135.141,116.237,119.266,146.013,179.806,150.175,176.315,121.773,118.985,67.585,41.688,119.266,146.013,179.698,171.284,165.477
trikonasana,avg,1,temp_VID20260218165846.mp4,170.765,114.708,145.554,57.178,145.554,57.178,172.557,169.269,74.858,149.68,59.058,148.849,150.369,153.158,60.955,50.497,132.641,131.875,153.509,98.488,87.377,74.858,149.68,179.814,153.509,162.391,114.873,131.851,145.554,57.178,74.858,149.68,179.778,136.122,164.764
trikonasana,avg,1,temp_VID20260218165846.mp4,153.568,103.713,145.282,49.464,145.282,49.464,162.312,162.969,77.392,148.464,76.677,156.32,165.155,155.121,44.518,49.798,142.433,119.953,165.188,112.65,113.611,77.392,148.464,179.866,165.188,159.205,170.053,147.45,145.282,49.464,77.392,148.464,179.804,143.351,161.567
trikonasana,avg,1,temp_VID20260218165846.mp4,157.915,90.855,150.623,42.894,150.623,42.894,170.187,163.664,85.319,142.843,80.28,153.06,157.317,155.476,48.592,47.938,141.403,113.703,165.896,116.697,117.086,85.319,142.843,179.901,165.896,161.309,168.516,162.885,150.623,42.894,85.319,142.843,179.82,157.723,158.528
trikonasana,avg,1,temp_VID20260218165846.mp4,153.851,93.187,141.217,47.64,141.217,47.64,161.159,163.721,81.38,134.199,76.633,148.533,125.804,152.046,79.925,51.057,138.756,115.89,166.469,107.225,110.064,81.38,134.199,179.907,166.469,157.371,161.46,168.788,141.217,47.64,81.38,134.199,179.826,155.907,154.031
trikonasana,avg,1,temp_VID20260218165846.mp4,129.903,103.552,122.632,59.994,122.632,59.994,171.419,163.091,89.488,117.28,85.296,140.052,153.804,140.185,53.665,69.393,131.147,104.186,166.549,101.717,109.346,89.488,117.28,179.89,166.549,150.748,155.276,176.528,122.632,59.994,89.488,117.28,179.794,157.163,143.04
trikonasana,avg,1,temp_VID20260218165846.mp4,141.981,101.109,119.153,66.514,119.153,66.514,154.953,167.571,100.833,112.99,103.452,136.893,155.191,137.847,53.404,70.007,131.882,87.571,168.714,106.901,119.118,100.833,112.99,179.888,168.714,148.443,149.679,168.443,119.153,66.514,100.833,112.99,179.789,154.843,140.996
trikonasana,avg,1,temp_VID20260218165846.mp4,159.049,98.967,146.735,69.583,146.735,69.583,162.011,171.65,119.851,111.997,120.296,134.672,160.652,149.836,44.062,56.224,131.513,70.03,167.013,116.487,126.687,119.851,111.997,179.901,167.013,152.558,161.085,154.19,146.735,69.583,119.851,111.997,179.792,161.685,141.611
trikonasana,avg,1,temp_VID20260218165846.mp4,159.023,99.111,144.37,70.21,144.37,70.21,161.723,166.511,110.105,123.506,113.603,145.614,158.018,154.827,48.22,48.957,139.674,77.976,167.199,118.012,129.914,110.105,123.506,179.909,167.199,151.469,161.173,149.314,144.37,70.21,110.105,123.506,179.824,156.567,145.29
trikonasana,avg,1,temp_VID20260218165846.mp4,159.602,96.066,149.335,68.16,149.335,68.16,166.215,168.183,113.304,113.581,114.914,137.052,160.689,145.805,43.96,58.285,132.298,74.726,167.188,114.061,125.463,113.304,113.581,179.909,167.188,151.066,166.389,153.199,149.335,68.16,113.304,113.581,179.826,159.452,141.301
trikonasana,avg,1,temp_VID20260218165846.mp4,152.784,94.931,145.639,67.652,145.639,67.652,168.084,169.908,111.086,114.965,112.874,140.676,159.01,149.339,45.914,55.188,133.077,78.096,167.512,113.66,126.267,111.086,114.965,179.909,167.512,149.591,165.889,157.468,145.639,67.652,111.086,114.965,179.822,158.277,139.738
trikonasana,avg,1,temp_VID20260218165846.mp4,156.507,98.946,147.923,71.932,147.923,71.932,169.24,171.816,109.257,121.981,112.184,149.681,156.731,150.857,47.993,57.025,138.062,80.206,167.774,116.635,130.717,109.257,121.981,179.909,167.774,148.672,167.053,151.194,147.923,71.932,109.257,121.981,179.838,156.142,140.219
trikonasana,avg,1,temp_VID20260218165846.mp4,147.925,108.608,138.736,80.614,138.736,80.614,168.41,169.554,108.998,118.944,111.53,146.066,158.063,136.457,46.691,71.399,134.985,81.15,167.214,114.915,128.372,108.998,118.944,179.916,167.214,148.679,158.422,138.726,138.736,80.614,108.998,118.944,179.838,156.279,139.804
trikonasana,avg,1,temp_VID20260218165846.mp4,146.256,110.844,137.619,84.3,137.619,84.3,169.309,170.978,113.307,119.369,114.567,147.934,158.937,147.945,44.854,60.758,135.393,77.645,167.953,117.238,130.51,113.307,119.369,179.914,167.953,149.203,158.538,136.48,137.619,84.3,113.307,119.369,179.839,158.237,138.723
trikonasana,avg,1,temp_VID20260218165846.mp4,146.563,111.949,139.243,85.288,139.243,85.288,170.325,170.32,119.155,120.218,120.041,148.34,158.709,152.698,44.579,55.552,136.132,72.662,168.342,120.564,133.521,119.155,120.218,179.912,168.342,150.203,160.821,137.11,139.243,85.288,119.155,120.218,179.837,159.705,139.217
trikonasana,avg,1,temp_VID20260218165846.mp4,146.515,122.979,138.239,95.812,138.239,95.812,169.99,170.358,117.284,121.03,119.221,149.244,157.818,153.831,46.399,54.508,137.944,73.736,169.14,119.825,133.821,117.284,121.03,179.903,169.14,149.274,165.723,135.927,138.239,95.812,117.284,121.03,179.82,158.238,139.498
trikonasana,avg,1,temp_VID20260218165846.mp4,149.979,121.252,139.28,94.29,139.28,94.29,168.923,170.747,115.621,123.845,118.218,152.523,157.725,154.462,46.809,54.314,140.312,74.854,169.409,120.713,135.225,115.621,123.845,179.901,169.409,149.069,166.402,136.285,139.28,94.29,115.621,123.845,179.822,157.337,140.009
trikonasana,avg,1,temp_VID20260218165846.mp4,149.878,119.047,139.383,92.422,139.383,92.422,169.557,170.812,114.741,124.679,116.955,152.9,159.0,155.696,45.423,52.775,141.083,75.734,169.401,120.874,134.982,114.741,124.679,179.905,169.401,149.551,166.546,137.945,139.383,92.422,114.741,124.679,179.822,157.666,140.651
trikonasana,avg,1,temp_VID20260218165846.mp4,149.648,120.762,139.17,93.989,139.17,93.989,170.241,171.246,114.252,123.202,116.457,151.147,158.5,156.257,46.22,51.479,139.9,76.346,169.438,119.773,133.801,114.252,123.202,179.905,169.438,149.33,167.015,136.88,139.17,93.989,114.252,123.202,179.821,157.505,140.385
trikonasana,avg,1,temp_VID20260218165846.mp4,147.92,119.803,137.593,92.819,137.593,92.819,169.611,171.107,113.98,123.711,116.278,152.193,158.482,156.11,46.594,52.282,140.312,76.57,169.323,119.985,134.23,113.98,123.711,179.905,169.323,149.138,165.834,137.281,137.593,92.819,113.98,123.711,179.823,157.357,140.084
trikonasana,avg,1,temp_VID_20260218_002107666.mp4,166.947,122.958,156.327,40.677,156.327,40.677,155.498,171.108,152.384,164.08,146.346,129.569,140.163,166.975,83.581,63.933,131.28,57.934,156.495,159.352,136.946,152.384,164.08,179.912,156.495,160.453,151.351,149.745,156.327,40.677,152.384,164.08,179.801,155.028,163.724
trikonasana,avg,1,temp_VID_20260218_002107666.mp4,128.273,113.788,78.175,122.643,78.175,122.643,144.87,172.331,158.022,42.869,170.778,116.332,144.17,170.76,45.64,90.322,146.874,129.518,78.14,170.917,168.968,158.022,42.869,179.777,78.14,164.224,158.586,138.248,78.175,122.643,158.022,42.869,179.842,159.748,77.859
trikonasana,avg,1,temp_VID_20260218_002107666.mp4,135.619,136.391,120.28,95.522,120.28,95.522,165.13,145.317,142.938,133.5,100.576,160.967,175.305,163.308,135.136,121.215,157.986,71.544,103.817,167.008,141.358,142.938,133.5,179.849,103.817,158.094,118.833,99.764,120.28,95.522,142.938,133.5,179.87,159.88,139.176
trikonasana,avg,1,temp_VID_20260218_002107666.mp4,162.006,143.594,117.029,120.445,117.029,120.445,153.319,157.701,148.301,100.17,123.76,133.299,166.994,168.138,123.971,102.489,157.913,53.448,56.754,129.745,166.829,148.301,100.17,179.821,56.754,124.239,127.055,92.884,117.029,120.445,148.301,100.17,179.86,121.625,127.404
trikonasana,avg,1,temp_VID_20260218_002107666.mp4,137.151,132.441,137.801,127.812,137.801,127.812,143.495,143.229,129.27,70.739,159.345,138.639,152.975,175.337,41.477,117.457,168.928,53.963,31.404,106.064,168.369,129.27,70.739,179.873,31.404,108.072,131.693,108.5,137.801,127.812,129.27,70.739,179.839,119.5,93.247
trikonasana,avg,1,temp_VID_20260218_002107666.mp4,171.809,160.359,117.877,96.662,117.877,96.662,148.93,102.248,132.04,78.081,162.496,143.627,145.378,176.384,52.356,99.953,165.497,53.612,36.372,111.78,170.83,132.04,78.081,179.864,36.372,111.358,114.393,139.256,117.877,96.662,132.04,78.081,179.813,123.418,95.983
trikonasana,avg,1,temp_VID_20260218_002107666.mp4,163.914,142.61,100.699,72.946,100.699,72.946,107.085,169.908,133.585,115.557,126.287,152.32,151.755,151.826,75.96,72.573,128.059,80.02,148.22,127.067,138.563,133.585,115.557,179.888,148.22,143.257,122.13,157.845,100.699,72.946,133.585,115.557,179.729,157.952,125.741
trikonasana,avg,1,temp_VID_20260218_002142529.mp4,129.156,132.714,24.856,42.52,24.856,42.52,150.774,157.692,109.751,104.439,136.205,138.637,159.669,107.9,73.221,136.039,66.725,116.508,168.025,107.753,137.424,109.751,104.439,179.817,168.025,128.221,93.506,100.173,24.856,42.52,109.751,104.439,179.753,130.566,124.197
trikonasana,avg,1,temp_VID_20260218_002142529.mp4,126.88,123.702,13.194,20.115,13.194,20.115,154.871,161.072,134.45,103.838,123.885,98.26,152.025,153.231,75.35,74.669,76.361,125.467,146.018,117.787,108.767,134.45,103.838,179.823,146.018,154.658,94.518,96.737,13.194,20.115,134.45,103.838,179.738,163.496,142.32
trikonasana,avg,1,temp_VID_20260218_002142529.mp4,125.648,126.135,17.004,22.344,17.004,22.344,160.203,168.671,159.648,120.444,139.943,109.988,152.552,146.7,72.855,89.227,89.308,112.392,141.354,140.096,122.823,159.648,120.444,179.815,141.354,171.6,96.136,97.201,17.004,22.344,159.648,120.444,179.705,170.152,153.154
trikonasana,avg,1,temp_VID_20260218_002142529.mp4,122.202,129.399,11.939,23.201,11.939,23.201,158.345,167.514,158.765,142.355,143.133,127.267,149.192,151.132,80.662,78.646,95.834,106.038,141.434,153.378,134.755,158.765,142.355,179.815,141.434,177.07,98.522,95.245,11.939,23.201,158.765,142.355,179.722,170.288,163.937
trikonasana,avg,1,temp_VID_20260218_002142529.mp4,123.638,130.018,13.72,21.9,13.72,21.9,159.003,163.191,157.404,157.571,136.86,129.325,152.712,152.035,72.98,71.807,98.706,102.454,139.621,161.647,132.762,157.404,157.571,179.796,139.621,170.801,98.594,99.769,13.72,21.9,157.404,157.571,179.717,165.187,165.421
trikonasana,avg,1,temp_VID_20260218_002142529.mp4,118.85,132.942,13.83,25.3,13.83,25.3,161.777,164.486,157.114,158.932,142.026,139.274,151.746,150.465,78.71,76.484,98.294,102.449,143.867,163.269,140.398,157.114,158.932,179.815,143.867,174.175,94.263,100.86,13.83,25.3,157.114,158.932,179.702,166.302,165.71
trikonasana,avg,1,temp_VID_20260218_002142529.mp4,127.894,137.003,21.968,29.069,21.968,29.069,164.88,171.875,158.388,161.78,141.196,139.967,150.142,147.17,80.146,77.882,101.767,99.095,140.815,166.139,140.346,158.388,161.78,179.826,140.815,171.236,91.153,99.794,21.968,29.069,158.388,161.78,179.711,165.855,163.164
trikonasana,avg,1,temp_VID_20260218_002142529.mp4,131.03,134.239,17.516,23.891,17.516,23.891,162.391,167.463,162.832,157.796,140.964,131.588,150.215,146.629,77.785,74.665,99.849,98.078,138.654,165.555,135.875,162.832,157.796,179.822,138.654,169.597,91.999,100.637,17.516,23.891,162.832,157.796,179.711,163.383,163.885
trikonasana,avg,1,temp_VID_20260218_002142529.mp4,127.298,132.034,13.908,19.977,13.908,19.977,163.927,165.556,163.282,154.834,143.053,128.959,153.642,146.656,78.299,75.8,99.677,96.234,137.918,163.651,135.59,163.282,154.834,179.82,137.918,171.861,92.047,99.605,13.908,19.977,163.282,154.834,179.713,165.194,164.747
trikonasana,avg,1,temp_VID_20260218_002142529.mp4,122.767,132.43,15.265,23.455,15.265,23.455,162.845,170.764,158.569,151.235,136.901,126.717,150.049,147.675,79.832,74.559,100.591,96.58,139.582,158.587,131.362,158.569,151.235,179.821,139.582,174.516,94.67,99.912,15.265,23.455,158.569,151.235,179.715,166.697,165.617
trikonasana,avg,1,temp_VID_20260218_002142529.mp4,131.856,130.429,29.777,24.065,29.777,24.065,166.19,168.011,151.268,163.046,131.156,141.007,149.388,146.001,79.488,73.938,106.603,94.969,142.052,161.61,135.799,151.268,163.046,179.825,142.052,173.372,98.486,102.518,29.777,24.065,151.268,163.046,179.731,169.437,162.549
trikonasana,avg,1,temp_VID_20260218_002142529.mp4,122.134,135.136,34.716,27.363,34.716,27.363,161.395,160.846,154.919,160.388,132.716,141.588,151.212,148.59,75.876,70.851,109.016,92.148,142.146,162.626,136.863,154.919,160.388,179.831,142.146,172.066,107.452,105.988,34.716,27.363,154.919,160.388,179.725,169.285,161.679
trikonasana,avg,1,temp_VID_20260218_002142529.mp4,110.975,130.937,50.656,27.859,50.656,27.859,160.324,165.115,154.292,157.564,128.158,137.763,146.427,153.949,79.601,66.06,112.857,89.285,140.857,160.682,132.562,154.292,157.564,179.839,140.857,169.436,113.747,119.172,50.656,27.859,154.292,157.564,179.735,170.749,158.487
trikonasana,avg,1,temp_VID_20260218_002142529.mp4,113.071,132.603,80.923,31.498,80.923,31.498,160.212,167.06,156.298,153.031,126.049,136.296,152.473,156.825,70.32,66.408,119.17,83.303,141.03,159.032,130.596,156.298,153.031,179.847,141.03,167.487,135.576,130.743,80.923,31.498,156.298,153.031,179.737,169.896,156.932
trikonasana,avg,1,temp_VID_20260218_002142529.mp4,132.372,129.162,116.176,39.763,116.176,39.763,173.092,165.714,146.516,138.883,123.554,135.132,154.024,160.429,66.87,66.671,123.183,79.459,147.776,145.448,128.543,146.516,138.883,179.869,147.776,169.725,160.505,143.121,116.176,39.763,146.516,138.883,179.744,177.728,156.014
trikonasana,avg,1,temp_VID_20260218_002142529.mp4,147.604,127.514,135.656,43.166,135.656,43.166,169.526,164.351,142.295,132.78,124.682,135.749,151.777,156.08,69.526,68.509,123.062,79.882,150.847,139.94,129.489,142.295,132.78,179.885,150.847,165.778,175.3,149.301,135.656,43.166,142.295,132.78,179.759,175.475,152.675
trikonasana,avg,1,temp_VID_20260218_002142529.mp4,151.898,125.48,142.757,43.864,142.757,43.864,168.193,161.392,129.71,132.918,113.687,141.452,151.874,155.979,66.91,67.581,126.263,86.496,153.046,133.759,126.415,129.71,132.918,179.897,153.046,161.631,176.715,157.091,142.757,43.864,129.71,132.918,179.767,168.85,150.423
trikonasana,avg,1,temp_VID_20260218_002142529.mp4,154.225,127.585,148.668,43.661,148.668,43.661,163.975,160.2,130.237,127.318,115.954,137.773,149.595,155.55,70.714,67.481,126.473,85.815,146.155,131.239,125.628,130.237,127.318,179.903,146.155,158.276,170.752,162.891,148.668,43.661,130.237,127.318,179.774,165.935,146.884
trikonasana,avg,1,temp_VID_20260218_002142529.mp4,143.471,129.068,141.757,43.992,141.757,43.992,165.916,161.187,125.99,127.253,116.851,142.787,148.527,153.66,77.724,76.009,128.67,87.095,144.638,129.087,127.966,125.99,127.253,179.907,144.638,153.006,154.568,163.796,141.757,43.992,125.99,127.253,179.773,158.499,142.562
trikonasana,avg,1,temp_VID_20260218_002142529.mp4,145.282,124.337,122.592,46.304,122.592,46.304,139.078,162.373,131.082,114.321,117.43,147.158,149.741,153.91,75.213,85.298,125.99,81.858,144.639,125.125,129.995,131.082,114.321,179.899,144.639,147.718,141.359,173.548,122.592,46.304,131.082,114.321,179.761,162.42,129.306
trikonasana,avg,1,temp_VID_20260218_002142529.mp4,156.629,131.618,108.223,54.788,108.223,54.788,116.15,161.956,130.524,113.987,115.902,145.661,152.739,155.414,73.146,76.428,130.584,80.164,146.945,123.791,128.494,130.524,113.987,179.901,146.945,147.514,136.386,173.759,108.223,54.788,130.524,113.987,179.759,161.784,130.775
trikonasana,avg,1,temp_VID_20260218_002142529.mp4,152.456,134.474,110.769,63.027,110.769,63.027,123.493,165.851,131.427,124.588,118.598,152.491,152.717,159.592,73.577,68.262,139.407,78.068,147.599,129.057,133.626,131.427,124.588,179.903,147.599,150.056,143.513,175.313,110.769,63.027,131.427,124.588,179.757,160.942,138.038
trikonasana,avg,1,temp_VID_20260218_002142529.mp4,144.172,130.926,120.672,68.159,120.672,68.159,142.387,164.085,131.514,122.042,122.914,151.683,153.76,158.831,69.799,65.122,138.734,73.947,150.992,127.894,135.858,131.514,122.042,179.901,150.992,148.999,153.084,171.376,120.672,68.159,131.514,122.042,179.757,160.22,136.4
trikonasana,avg,1,temp_VID_20260218_002142529.mp4,164.563,131.391,106.34,66.663,106.34,66.663,112.163,161.973,134.495,121.117,124.76,151.496,152.903,161.0,71.587,63.422,139.316,71.043,149.158,128.81,136.835,134.495,121.117,179.899,149.158,148.511,143.542,176.07,106.34,66.663,134.495,121.117,179.74,160.979,134.963
trikonasana,avg,1,temp_VID_20260218_002142529.mp4,156.511,132.681,107.012,68.008,107.012,68.008,119.531,163.16,127.83,125.316,120.952,155.617,152.158,162.292,75.766,67.38,140.817,74.411,148.56,127.626,136.775,127.83,125.316,179.897,148.56,147.002,140.662,174.507,107.012,68.008,127.83,125.316,179.747,156.489,136.23
trikonasana,avg,1,temp_VID_20260218_002142529.mp4,157.858,134.156,98.2,71.559,98.2,71.559,112.209,163.763,124.553,121.075,121.722,152.548,150.783,154.392,76.87,75.501,140.104,73.404,152.438,123.128,135.468,124.553,121.075,179.897,152.438,144.231,137.835,176.071,98.2,71.559,124.553,121.075,179.751,153.211,134.312
trikonasana,avg,1,temp_VID_20260218_002142529.mp4,159.385,133.395,106.294,70.619,106.294,70.619,114.165,164.951,123.037,124.268,120.717,159.173,150.973,162.856,77.095,65.544,141.341,75.294,152.256,124.204,138.275,123.037,124.268,179.893,152.256,143.163,142.632,174.132,106.294,70.619,123.037,124.268,179.755,151.649,133.424
trikonasana,avg,1,temp_VID_20260218_002142529.mp4,150.579,134.276,114.009,73.491,114.009,73.491,132.077,166.033,120.92,126.315,120.38,162.877,151.619,157.842,75.681,72.588,142.287,76.122,155.248,124.379,140.07,120.92,126.315,179.893,155.248,142.651,146.901,165.72,114.009,73.491,120.92,126.315,179.767,150.318,133.449
trikonasana,avg,1,temp_VID_20260218_002142529.mp4,151.778,132.774,107.079,72.459,107.079,72.459,126.071,164.998,118.624,126.071,118.212,162.429,151.789,155.456,75.077,74.204,142.185,78.083,156.084,122.895,138.657,118.624,126.071,179.895,156.084,142.258,139.743,165.169,107.079,72.459,118.624,126.071,179.775,149.482,133.614
trikonasana,avg,1,temp_VID_20260218_002142529.mp4,154.806,135.279,110.952,77.037,110.952,77.037,129.887,165.572,118.024,122.805,119.419,161.528,151.26,152.735,75.285,78.234,140.058,77.748,156.394,121.033,138.743,118.024,122.805,179.893,156.394,140.535,141.457,157.536,110.952,77.037,118.024,122.805,179.777,148.74,130.721
trikonasana,avg,1,temp_VID_20260218_002142529.mp4,152.016,136.641,116.534,80.002,116.534,80.002,140.722,165.612,116.378,120.936,120.193,161.561,150.923,152.655,76.343,78.988,138.92,78.131,155.63,119.261,139.133,116.378,120.936,179.895,155.63,138.812,146.114,153.123,116.534,80.002,116.378,120.936,179.781,146.982,128.898
trikonasana,avg,1,temp_VID_20260218_002142529.mp4,155.416,134.34,121.047,78.854,121.047,78.854,142.77,165.763,109.189,121.147,117.305,163.844,150.391,157.314,79.573,74.73,138.275,84.107,153.018,115.532,138.652,109.189,121.147,179.903,153.018,135.345,146.845,150.197,121.047,78.854,109.189,121.147,179.797,140.725,127.785
trikonasana,avg,1,temp_VID_20260218_002142529.mp4,158.85,134.627,102.017,78.177,102.017,78.177,135.102,165.957,111.467,119.461,119.002,161.345,150.195,155.6,79.744,75.147,137.194,81.907,148.0,115.722,138.345,111.467,119.461,179.903,148.0,135.891,131.177,154.262,102.017,78.177,111.467,119.461,179.797,142.538,127.47
trikonasana,avg,1,temp_VID_20260218_002142529.mp4,172.344,139.279,95.776,81.929,95.776,81.929,99.806,165.678,114.397,109.619,122.651,151.745,149.798,154.919,81.73,76.487,130.163,80.254,143.961,112.068,135.404,114.397,109.619,179.903,143.961,133.974,129.312,156.437,95.776,81.929,114.397,109.619,179.794,143.293,123.34
trikonasana,avg,1,temp_VID_20260218_002142529.mp4,174.791,135.19,102.265,78.621,102.265,78.621,102.955,165.318,115.933,111.309,126.009,153.026,148.889,154.118,85.437,76.57,131.756,79.141,137.728,113.751,137.872,115.933,111.309,179.903,137.728,134.005,135.203,159.689,102.265,78.621,115.933,111.309,179.796,142.397,124.256
trikonasana,avg,1,temp_VID_20260218_002405704.mp4,118.535,129.765,9.928,16.139,9.928,16.139,157.625,162.997,160.691,158.094,139.341,135.593,151.479,160.511,82.918,79.445,85.905,91.004,135.09,159.554,137.451,160.691,158.094,179.823,135.09,177.57,97.274,93.054,9.928,16.139,160.691,158.094,179.695,175.726,177.75
trikonasana,avg,1,temp_VID_20260218_002405704.mp4,119.771,130.86,9.659,15.872,9.659,15.872,157.91,163.251,162.88,158.424,141.676,137.675,151.406,159.742,84.832,84.138,85.985,91.432,136.779,160.879,139.66,162.88,158.424,179.825,136.779,177.538,97.05,93.037,9.659,15.872,162.88,158.424,179.695,174.838,178.665
trikonasana,avg,1,temp_VID_20260218_002405704.mp4,118.516,129.663,8.963,15.318,8.963,15.318,158.864,163.032,162.3,158.974,141.568,138.698,151.266,158.696,84.917,85.706,85.664,91.916,138.047,160.88,140.109,162.3,158.974,179.823,138.047,177.296,96.433,92.683,8.963,15.318,162.3,158.974,179.698,174.601,179.212
trikonasana,avg,1,temp_VID_20260218_002405704.mp4,120.593,127.836,8.922,13.369,8.922,13.369,156.917,165.295,163.829,159.153,145.904,138.43,150.967,158.692,87.135,84.816,87.35,95.82,138.932,162.578,142.51,163.829,159.153,179.831,138.932,175.728,95.272,91.78,8.922,13.369,163.829,159.153,179.698,172.641,178.497
trikonasana,avg,1,temp_VID_20260218_002405704.mp4,124.423,126.04,9.781,8.361,9.781,8.361,158.385,165.125,156.598,120.497,135.891,99.741,151.214,153.904,87.596,82.711,91.435,101.644,134.124,137.412,115.276,156.598,120.497,179.833,134.124,170.949,93.302,92.194,9.781,8.361,156.598,120.497,179.705,170.784,157.987
trikonasana,avg,1,temp_VID_20260218_002405704.mp4,123.489,128.148,10.13,10.468,10.13,10.468,159.267,164.727,164.531,145.415,142.455,125.071,149.447,152.367,84.655,84.156,92.694,105.48,136.497,159.636,133.793,164.531,145.415,179.83,136.497,174.577,97.064,90.522,10.13,10.468,164.531,145.415,179.716,164.781,167.596
trikonasana,avg,1,temp_VID_20260218_002405704.mp4,121.559,127.494,9.385,12.379,9.385,12.379,161.045,166.645,163.888,155.033,141.33,133.618,148.177,146.621,82.311,80.739,95.383,103.9,136.352,165.697,137.482,163.888,155.033,179.83,136.352,170.039,96.63,92.083,9.385,12.379,163.888,155.033,179.716,164.24,163.32
trikonasana,avg,1,temp_VID_20260218_002405704.mp4,126.884,126.197,9.166,11.261,9.166,11.261,159.194,165.829,158.58,160.939,145.447,140.966,143.639,147.72,92.921,79.272,97.642,101.424,135.461,166.2,142.923,158.58,160.939,179.842,135.461,173.178,90.789,94.683,9.166,11.261,158.58,160.939,179.736,164.392,165.238
trikonasana,avg,1,temp_VID_20260218_002405704.mp4,124.96,124.653,11.557,10.449,11.557,10.449,163.916,164.904,157.806,159.211,141.738,138.333,144.896,148.186,90.947,77.053,98.707,99.949,134.575,164.694,139.869,157.806,159.211,179.847,134.575,172.735,88.806,99.827,11.557,10.449,157.806,159.211,179.747,164.416,165.211
trikonasana,avg,1,temp_VID_20260218_002405704.mp4,122.431,125.955,10.278,9.164,10.278,9.164,163.265,164.201,158.351,159.221,141.68,139.502,145.931,147.588,90.646,77.484,100.036,98.617,133.382,165.677,140.432,158.351,159.221,179.853,133.382,172.55,85.253,100.78,10.278,9.164,158.351,159.221,179.748,165.008,163.708
trikonasana,avg,1,temp_VID_20260218_002405704.mp4,123.913,128.935,9.971,9.48,9.971,9.48,165.368,163.968,160.566,161.963,143.459,143.995,147.342,147.53,90.777,77.162,102.195,98.636,132.512,170.034,143.62,160.566,161.963,179.849,132.512,170.066,86.339,99.475,9.971,9.48,160.566,161.963,179.745,164.868,161.48
trikonasana,avg,1,temp_VID_20260218_002405704.mp4,123.172,130.714,9.996,10.597,9.996,10.597,164.282,162.512,163.155,159.992,146.728,140.143,148.778,148.858,89.553,75.832,99.454,98.005,132.161,169.277,143.271,163.155,159.992,179.838,132.161,170.717,87.207,99.411,9.996,10.597,163.155,159.992,179.743,164.308,163.631
trikonasana,avg,1,temp_VID_20260218_002405704.mp4,119.278,122.087,11.813,9.616,11.813,9.616,157.034,163.914,160.038,154.718,148.887,142.144,145.969,143.849,94.638,82.741,101.061,94.034,136.933,161.56,145.169,160.038,154.718,179.837,136.933,178.228,83.168,107.501,11.813,9.616,160.038,154.718,179.747,169.142,165.361
trikonasana,avg,1,temp_VID_20260218_002405704.mp4,112.807,123.416,33.001,23.187,33.001,23.187,172.843,164.993,151.401,140.816,144.341,142.766,145.904,146.021,92.709,80.374,107.931,87.699,148.461,148.403,143.174,151.401,140.816,179.845,148.461,167.49,79.528,127.14,33.001,23.187,151.401,140.816,179.743,168.94,157.373
trikonasana,avg,1,temp_VID_20260218_002405704.mp4,157.077,128.377,104.545,33.643,104.545,33.643,170.82,168.183,144.377,144.987,134.548,148.338,146.38,148.251,90.066,76.374,117.367,89.693,144.729,147.587,140.561,144.377,144.987,179.886,144.729,166.064,127.098,138.1,104.545,33.643,144.377,144.987,179.81,168.3,156.738
trikonasana,avg,1,temp_VID_20260218_002405704.mp4,142.025,125.261,129.447,35.885,129.447,35.885,153.85,160.775,130.571,131.562,129.586,143.403,149.711,149.517,92.19,75.081,118.513,93.383,140.723,133.244,134.917,130.571,131.562,179.905,140.723,155.344,156.403,156.441,129.447,35.885,130.571,131.562,179.819,156.006,148.627
trikonasana,avg,1,temp_VID_20260218_002405704.mp4,177.846,137.33,92.881,61.418,92.881,61.418,97.537,168.352,118.381,118.049,133.965,144.012,151.384,148.687,97.794,75.429,119.596,94.144,140.617,118.876,137.223,118.381,118.049,179.893,140.617,139.947,121.324,163.098,92.881,61.418,118.381,118.049,179.793,140.291,136.621
trikonasana,avg,1,temp_VID_20260218_002405704.mp4,171.967,141.844,97.477,65.149,97.477,65.149,103.365,167.682,122.708,95.484,132.37,145.07,152.449,153.9,93.954,87.013,114.333,84.103,140.859,110.76,137.803,122.708,95.484,179.886,140.859,129.604,125.733,170.935,97.477,65.149,122.708,95.484,179.749,144.659,111.491
trikonasana,avg,1,temp_VID_20260218_002405704.mp4,178.125,139.433,85.002,73.743,85.002,73.743,91.487,166.505,109.964,83.045,123.317,147.91,152.853,151.744,90.12,89.328,116.653,82.007,152.541,97.556,133.891,109.964,83.045,179.892,152.541,118.614,123.419,177.568,85.002,73.743,109.964,83.045,179.748,136.813,97.934
trikonasana,avg,1,temp_VID_20260218_002405704.mp4,162.271,140.343,85.339,76.69,85.339,76.69,66.638,161.846,97.048,82.733,123.98,142.403,153.636,150.147,93.447,83.991,121.895,82.423,163.003,89.679,131.711,97.048,82.733,179.899,163.003,113.262,129.34,179.557,85.339,76.69,97.048,82.733,179.751,123.78,102.086
trikonasana,avg,1,temp_VID_20260218_002405704.mp4,174.168,136.524,96.346,72.171,96.346,72.171,80.046,160.712,106.149,83.707,125.978,147.24,152.666,151.146,90.906,86.289,124.098,78.984,159.305,95.454,135.122,106.149,83.707,179.899,159.305,117.067,136.815,174.708,96.346,72.171,106.149,83.707,179.747,132.261,100.196
trikonasana,avg,1,temp_VID_20260218_002405704.mp4,168.683,134.81,165.879,72.224,165.879,72.224,163.717,159.344,107.92,83.2,128.959,144.032,150.312,152.313,91.404,85.534,117.758,81.98,160.983,96.659,135.407,107.92,83.2,179.903,160.983,118.318,141.498,174.301,165.879,72.224,107.92,83.2,179.767,132.85,101.434
trikonasana,avg,1,temp_VID_20260218_002405704.mp4,158.681,134.216,155.714,81.681,155.714,81.681,159.02,164.979,109.022,64.058,129.811,129.471,151.254,153.479,91.054,86.499,104.455,80.355,160.653,87.431,128.533,109.022,64.058,179.905,160.653,111.647,154.648,172.674,155.714,81.681,109.022,64.058,179.768,133.063,87.864
trikonasana,avg,1,temp_VID_20260218_002405704.mp4,162.482,141.882,158.789,92.499,158.789,92.499,155.354,166.401,110.484,55.64,136.363,130.979,153.436,155.727,88.194,89.992,103.174,75.518,168.588,82.706,131.264,110.484,55.64,179.903,168.588,105.71,142.662,166.096,158.789,92.499,110.484,55.64,179.752,131.859,77.49
trikonasana,avg,1,temp_VID_20260218_002405704.mp4,161.594,153.695,141.515,104.478,141.515,104.478,112.013,162.581,121.645,38.0,147.351,120.002,153.184,157.67,85.981,91.65,132.306,70.568,170.645,74.648,125.575,121.645,38.0,179.905,170.645,100.594,138.888,171.146,141.515,104.478,121.645,38.0,179.748,137.515,61.104
trikonasana,avg,1,temp_VID_20260218_002544868.mp4,142.659,170.351,36.348,28.454,36.348,28.454,173.542,150.999,143.451,153.626,167.703,149.031,165.049,97.807,112.45,88.487,127.78,67.35,128.564,151.966,158.473,143.451,153.626,179.856,128.564,145.958,83.943,111.269,36.348,28.454,143.451,153.626,179.779,138.589,151.972
trikonasana,avg,1,temp_VID_20260218_002544868.mp4,160.063,156.804,39.322,43.151,39.322,43.151,163.953,159.992,123.813,134.274,175.578,174.545,174.682,142.708,116.021,148.986,121.936,64.693,111.814,129.056,177.016,123.813,134.274,179.821,111.814,129.182,66.201,119.506,39.322,43.151,123.813,134.274,179.722,125.849,132.581
trikonasana,avg,1,temp_VID_20260218_002544868.mp4,147.923,176.886,37.93,40.939,37.93,40.939,171.116,159.805,147.467,143.6,177.079,164.229,168.276,157.61,111.282,102.757,123.295,63.114,103.144,146.072,171.265,147.467,143.6,179.772,103.144,144.182,86.782,103.536,37.93,40.939,147.467,143.6,179.661,146.063,142.307
trikonasana,avg,1,temp_VID_20260218_002544868.mp4,142.199,168.995,48.721,34.539,48.721,34.539,173.309,157.796,147.135,146.528,170.273,166.209,171.612,176.375,116.877,114.012,113.651,69.471,115.011,148.289,169.307,147.135,146.528,179.833,115.011,143.515,84.634,104.804,48.721,34.539,147.135,146.528,179.644,142.742,143.056
trikonasana,avg,1,temp_VID_20260218_002544868.mp4,143.01,176.023,50.034,45.094,50.034,45.094,172.071,150.918,151.176,144.027,172.754,162.614,173.78,157.549,113.068,105.566,82.526,101.743,109.791,149.749,167.876,151.176,144.027,179.806,109.791,144.807,91.093,97.831,50.034,45.094,151.176,144.027,179.659,147.691,138.881
trikonasana,avg,1,temp_VID_20260218_002544868.mp4,147.057,162.913,30.557,44.473,30.557,44.473,167.833,156.245,163.209,151.706,170.164,165.227,171.979,159.923,108.102,113.547,85.547,102.927,108.244,161.655,167.47,163.209,151.706,179.781,108.244,158.877,82.008,103.853,30.557,44.473,163.209,151.706,179.618,158.999,151.229
trikonasana,avg,1,temp_VID_20260218_002544868.mp4,124.487,133.635,44.615,35.302,44.615,35.302,150.506,130.559,89.322,71.795,162.93,155.385,171.092,161.947,98.197,101.548,75.232,113.749,166.95,80.756,159.439,89.322,71.795,179.785,166.95,90.925,90.74,90.014,44.615,35.302,89.322,71.795,179.643,97.105,84.311
trikonasana,avg,1,temp_VID_20260218_002544868.mp4,131.832,145.672,32.118,24.669,32.118,24.669,128.51,110.086,90.181,74.071,137.156,146.237,160.288,173.149,80.463,93.69,97.42,95.083,168.531,82.6,141.548,90.181,74.071,179.788,168.531,100.898,83.875,103.302,32.118,24.669,90.181,74.071,179.637,110.456,90.376
trikonasana,avg,1,temp_VID_20260218_002544868.mp4,137.062,152.168,20.26,15.403,20.26,15.403,118.481,99.767,104.193,65.928,136.433,127.409,153.835,163.665,77.883,92.244,121.858,83.527,175.663,85.425,131.338,104.193,65.928,179.784,175.663,109.145,92.993,92.805,20.26,15.403,104.193,65.928,179.638,125.236,90.853
trikonasana,avg,1,temp_VID_20260218_002544868.mp4,134.548,131.829,16.236,17.55,16.236,17.55,131.446,129.355,125.263,84.771,138.707,124.855,152.911,158.285,81.623,90.262,102.804,103.889,177.712,105.316,130.883,125.263,84.771,179.848,177.712,128.69,100.48,79.647,16.236,17.55,125.263,84.771,179.677,144.334,109.83
trikonasana,avg,1,temp_VID_20260218_002544868.mp4,134.317,125.531,17.743,16.437,17.743,16.437,152.271,172.502,155.337,125.397,138.189,123.174,150.326,156.132,81.421,88.943,105.302,89.727,136.286,142.104,129.209,155.337,125.397,179.843,136.286,166.532,88.102,102.076,17.743,16.437,155.337,125.397,179.667,173.277,147.633
trikonasana,avg,1,temp_VID_20260218_002544868.mp4,143.385,108.678,58.001,23.646,58.001,23.646,164.888,177.844,153.827,130.076,133.556,125.49,151.138,150.442,80.146,76.56,103.474,92.533,133.105,145.149,129.238,153.827,130.076,179.838,133.105,171.208,98.887,132.972,58.001,23.646,153.827,130.076,179.728,173.842,155.571
trikonasana,avg,1,temp_VID_20260218_002544868.mp4,141.53,126.411,107.898,51.466,107.898,51.466,168.536,166.356,131.412,113.291,128.928,129.795,147.268,147.341,85.202,83.2,102.671,96.051,144.024,124.934,128.768,131.412,113.291,179.885,144.024,153.314,139.912,145.887,107.898,51.466,131.412,113.291,179.734,159.463,140.386
trikonasana,avg,1,temp_VID_20260218_002544868.mp4,153.586,127.367,134.88,69.157,134.88,69.157,166.876,162.99,114.473,91.787,127.478,125.278,143.665,150.173,91.027,83.054,97.046,100.962,152.833,104.81,125.527,114.473,91.787,179.893,152.833,134.815,171.661,154.566,134.88,69.157,114.473,91.787,179.749,142.819,122.499
trikonasana,avg,1,temp_VID_20260218_002544868.mp4,150.139,128.794,110.113,73.26,110.113,73.26,145.092,161.283,110.094,51.413,135.221,103.444,143.104,153.075,100.947,90.445,77.722,100.962,157.756,79.268,116.409,110.094,51.413,179.888,157.756,110.779,158.186,176.871,110.113,73.26,110.094,51.413,179.731,132.857,86.768
trikonasana,avg,1,temp_VID_20260218_002544868.mp4,169.284,132.482,77.086,79.306,77.086,79.306,89.469,163.933,103.703,57.713,131.109,117.505,146.417,154.318,96.197,92.107,94.298,98.659,161.85,80.218,123.39,103.703,57.713,179.878,161.85,109.631,134.435,174.662,77.086,79.306,103.703,57.713,179.717,128.638,90.051
trikonasana,avg,1,temp_VID_20260218_002544868.mp4,159.874,132.721,68.593,89.593,68.593,89.593,74.672,163.751,99.373,62.645,131.309,119.899,146.96,154.542,96.965,85.163,105.131,92.83,165.724,80.828,125.145,99.373,62.645,179.883,165.724,109.769,130.456,174.54,68.593,89.593,99.373,62.645,179.713,123.289,96.453
trikonasana,avg,1,temp_VID_20260218_002544868.mp4,172.151,137.14,71.973,90.925,71.973,90.925,91.169,159.761,102.14,61.694,128.354,124.77,148.013,154.052,91.023,90.72,124.484,83.263,165.576,81.544,125.671,102.14,61.694,179.893,165.576,109.828,145.691,170.208,71.973,90.925,102.14,61.694,179.688,128.711,90.497
trikonasana,avg,1,temp_VID_20260218_002544868.mp4,167.99,145.295,50.434,89.956,50.434,89.956,90.202,157.564,115.268,69.281,136.641,123.601,150.033,168.541,87.096,81.706,132.452,84.043,164.708,92.239,129.358,115.268,69.281,179.892,164.708,119.447,128.34,164.383,50.434,89.956,115.268,69.281,179.729,138.199,99.051
trikonasana,avg,1,temp_VID_20260218_002544868.mp4,170.306,117.697,60.979,70.99,60.979,70.99,91.658,121.646,112.425,72.505,134.39,122.953,149.77,162.013,88.05,81.447,128.987,83.254,165.664,91.944,127.984,112.425,72.505,179.89,165.664,119.731,143.001,140.268,60.979,70.99,112.425,72.505,179.711,136.245,102.985
trikonasana,avg,1,temp_VID_20260218_002544868.mp4,162.918,137.938,60.214,80.919,60.214,80.919,89.495,160.129,109.765,67.384,135.42,127.911,148.806,158.476,88.078,91.142,134.514,79.827,166.026,87.515,130.119,109.765,67.384,179.883,166.026,113.32,145.877,147.018,60.214,80.919,109.765,67.384,179.726,133.134,92.946
trikonasana,avg,1,temp_VID_20260218_002544868.mp4,165.083,134.373,59.191,72.063,59.191,72.063,93.773,158.207,120.496,57.869,140.609,115.722,149.668,153.333,83.446,84.977,137.929,87.163,165.305,87.162,125.247,120.496,57.869,179.886,165.305,116.289,142.638,139.007,59.191,72.063,120.496,57.869,179.748,141.553,88.437
trikonasana,avg,1,temp_VID_20260218_002544868.mp4,169.863,140.971,54.591,70.43,54.591,70.43,91.809,151.399,114.28,53.141,136.34,113.625,148.522,152.425,84.888,86.956,138.397,84.692,164.475,81.013,121.411,114.28,53.141,179.886,164.475,111.373,139.152,136.348,54.591,70.43,114.28,53.141,179.747,137.683,83.332
trikonasana,avg,1,temp_VID_20260218_002544868.mp4,173.369,148.907,54.317,86.626,54.317,86.626,93.872,158.626,123.201,43.063,143.32,110.917,149.11,151.618,85.065,90.047,145.544,91.527,164.542,76.818,119.368,123.201,43.063,179.895,164.542,107.238,145.339,143.805,54.317,86.626,123.201,43.063,179.781,142.512,70.371
trikonasana,avg,1,temp_VID_20260218_002544868.mp4,154.531,141.457,69.227,87.376,69.227,87.376,107.344,160.274,114.991,48.294,138.204,106.475,148.977,146.51,84.946,91.015,141.277,87.067,164.972,77.877,118.024,114.991,48.294,179.885,164.972,110.166,150.042,151.479,69.227,87.376,114.991,48.294,179.758,137.153,81.338
trikonasana,avg,1,temp_VID_20260218_002544868.mp4,153.246,134.082,119.004,86.1,119.004,86.1,142.274,160.582,117.367,65.782,139.822,126.849,148.975,152.231,81.257,86.394,127.336,88.263,164.745,91.074,131.991,117.367,65.782,179.885,164.745,116.78,163.609,160.483,119.004,86.1,117.367,65.782,179.695,138.474,92.936
trikonasana,avg,1,temp_VID_20260218_002544868.mp4,159.455,128.762,133.903,86.831,133.903,86.831,153.976,164.906,106.776,76.865,131.94,138.446,148.067,154.304,83.415,86.257,110.638,91.785,164.682,91.722,134.307,106.776,76.865,179.89,164.682,115.878,163.086,160.476,133.903,86.831,106.776,76.865,179.724,131.71,99.12
trikonasana,avg,1,temp_VID_20260218_002544868.mp4,160.901,130.488,151.149,91.215,151.149,91.215,158.094,167.437,106.183,86.95,129.437,138.484,148.327,154.939,80.011,78.851,111.075,92.142,160.999,96.659,133.31,106.183,86.95,179.907,160.999,122.227,145.707,146.307,151.149,91.215,106.183,86.95,179.779,133.173,110.121
trikonasana,avg,1,temp_VID_20260218_002544868.mp4,162.554,137.448,135.374,99.224,135.374,99.224,144.173,166.763,107.707,70.415,126.18,127.813,152.918,153.489,74.097,83.381,103.344,88.142,159.224,89.115,124.868,107.707,70.415,179.903,159.224,119.2,110.343,139.439,135.374,99.224,107.707,70.415,179.749,138.383,96.601
trikonasana,avg,1,temp_VID_20260218_002745205.mp4,147.817,168.358,24.943,27.051,24.943,27.051,168.946,155.175,142.127,149.288,177.19,176.46,169.437,166.059,103.664,91.668,73.169,111.319,144.951,146.067,176.935,142.127,149.288,179.666,144.951,145.647,89.309,112.945,24.943,27.051,142.127,149.288,179.408,142.334,148.135
trikonasana,avg,1,temp_VID_20260218_002745205.mp4,147.145,177.732,16.936,26.298,16.936,26.298,165.668,137.231,163.813,154.542,170.137,170.724,163.366,171.946,83.405,91.976,80.667,100.364,141.317,160.114,171.297,163.813,154.542,179.637,141.317,161.017,91.415,103.066,16.936,26.298,163.813,154.542,179.141,164.677,154.786
trikonasana,avg,1,temp_VID_20260218_002745205.mp4,83.719,133.158,8.196,25.744,8.196,25.744,159.713,146.922,109.407,104.821,145.37,163.098,164.011,172.476,101.366,87.119,91.965,86.982,174.028,107.079,153.797,109.407,104.821,179.796,174.028,120.217,105.288,87.118,8.196,25.744,109.407,104.821,179.498,126.986,113.173
trikonasana,avg,1,temp_VID_20260218_002745205.mp4,116.175,137.177,20.087,32.343,20.087,32.343,145.213,132.3,118.739,96.857,137.704,131.88,154.297,158.3,87.967,74.394,108.39,84.455,172.158,107.686,133.995,118.739,96.857,179.794,172.158,129.369,112.033,82.343,20.087,32.343,118.739,96.857,179.577,139.766,117.942
trikonasana,avg,1,temp_VID_20260218_002745205.mp4,125.124,123.881,11.575,22.476,11.575,22.476,149.361,159.468,139.659,114.512,132.195,112.785,155.221,152.566,80.981,71.82,104.466,82.422,150.872,127.364,122.262,139.659,114.512,179.794,150.872,157.837,87.629,104.222,11.575,22.476,139.659,114.512,179.669,165.504,148.126
trikonasana,avg,1,temp_VID_20260218_002745205.mp4,119.32,124.509,10.594,24.262,10.594,24.262,152.662,161.713,146.703,129.502,134.696,119.086,150.863,154.228,81.398,71.676,107.677,81.535,145.58,138.885,126.785,146.703,129.502,179.8,145.58,167.81,89.29,106.76,10.594,24.262,146.703,129.502,179.701,170.502,160.469
trikonasana,avg,1,temp_VID_20260218_002745205.mp4,121.541,121.102,14.45,20.929,14.45,20.929,158.293,163.053,149.824,142.312,133.058,123.823,150.374,153.329,77.467,69.111,103.002,90.706,141.765,148.477,128.158,149.824,142.312,179.826,141.765,177.453,84.522,110.61,14.45,20.929,149.824,142.312,179.693,170.141,165.695
trikonasana,avg,1,temp_VID_20260218_002745205.mp4,117.165,119.82,12.935,15.805,12.935,15.805,158.729,165.85,158.867,143.737,138.344,123.857,147.059,154.667,78.621,74.151,98.146,97.394,136.366,154.162,130.897,158.867,143.737,179.811,136.366,177.414,92.181,104.114,12.935,15.805,158.867,143.737,179.728,166.457,170.413
trikonasana,avg,1,temp_VID_20260218_002745205.mp4,120.545,120.406,16.398,16.641,16.398,16.641,162.452,167.129,159.927,151.673,139.786,128.34,145.515,150.44,82.741,76.616,93.984,101.573,135.31,158.678,133.817,159.927,151.673,179.807,135.31,174.765,93.013,108.209,16.398,16.641,159.927,151.673,179.733,165.975,171.867
trikonasana,avg,1,temp_VID_20260218_002745205.mp4,119.781,117.241,20.888,21.724,20.888,21.724,165.541,164.622,156.05,152.859,133.848,129.86,148.257,149.046,77.717,71.664,98.248,98.339,141.866,156.797,131.543,156.05,152.859,179.796,141.866,174.775,96.19,117.034,20.888,21.724,156.05,152.859,179.718,169.372,168.135
trikonasana,avg,1,temp_VID_20260218_002745205.mp4,104.01,120.558,28.419,26.348,28.419,26.348,158.423,166.612,159.874,156.317,133.652,131.227,146.499,149.418,82.33,73.412,101.558,95.903,132.245,163.055,132.136,159.874,156.317,179.844,132.245,168.593,89.436,123.452,28.419,26.348,159.874,156.317,179.719,166.938,159.353
trikonasana,avg,1,temp_VID_20260218_002745205.mp4,97.113,112.422,47.711,32.037,47.711,32.037,165.904,166.423,150.565,140.355,129.035,126.959,146.096,151.075,84.618,76.477,101.039,96.57,131.595,148.46,127.585,150.565,140.355,179.862,131.595,171.304,91.336,153.805,47.711,32.037,150.565,140.355,179.737,176.469,157.807
trikonasana,avg,1,temp_VID_20260218_002745205.mp4,121.566,119.862,70.005,32.557,70.005,32.557,145.702,163.709,129.851,120.729,122.843,117.234,144.677,155.78,90.354,72.928,95.155,101.821,131.595,127.238,119.11,129.851,120.729,179.888,131.595,158.345,101.104,159.18,70.005,32.557,129.851,120.729,179.766,159.32,150.112
trikonasana,avg,1,temp_VID_20260218_002745205.mp4,170.266,143.781,59.585,42.28,59.585,42.28,91.312,136.004,105.764,81.214,110.33,95.204,145.229,157.114,90.18,75.505,83.099,107.073,130.004,95.013,101.788,105.764,81.214,179.892,130.004,132.844,87.69,162.513,59.585,42.28,105.764,81.214,179.764,138.674,122.788
trikonasana,avg,1,temp_VID_20260218_002745205.mp4,163.417,137.423,67.794,57.746,67.794,57.746,45.273,160.501,107.891,73.463,127.845,97.935,144.62,157.697,97.558,78.339,83.072,102.179,126.376,91.338,111.389,107.891,73.463,179.881,126.376,125.438,98.799,153.809,67.794,57.746,107.891,73.463,179.763,132.962,115.364
trikonasana,avg,1,temp_VID_20260218_002745205.mp4,146.884,140.407,82.801,69.146,82.801,69.146,76.615,172.63,103.869,65.239,121.796,95.705,146.26,157.71,95.823,79.367,81.267,104.827,121.462,84.937,107.294,103.869,65.239,179.862,121.462,119.886,119.043,153.526,82.801,69.146,103.869,65.239,179.757,131.309,106.433
trikonasana,avg,1,temp_VID_20260218_002745205.mp4,168.28,139.265,67.682,74.707,67.682,74.707,88.539,170.204,117.893,64.109,130.297,104.875,147.66,159.431,88.233,81.316,85.219,94.13,118.622,91.36,116.3,117.893,64.109,179.876,118.622,124.309,100.253,153.722,67.682,74.707,117.893,64.109,179.76,143.448,102.154
trikonasana,avg,1,temp_VID_20260218_002745205.mp4,170.901,141.942,63.693,77.934,63.693,77.934,102.203,166.435,123.066,57.776,130.167,101.886,150.693,166.082,79.004,77.026,86.811,87.204,121.152,90.351,114.157,123.066,57.776,179.876,121.152,125.784,103.11,159.802,63.693,77.934,123.066,57.776,179.764,149.529,97.289
trikonasana,avg,1,temp_VID_20260218_002745205.mp4,170.214,142.821,65.096,81.285,65.096,81.285,89.586,168.314,118.238,89.587,131.647,127.82,149.93,161.802,81.516,66.717,114.768,85.14,120.29,105.148,129.57,118.238,89.587,179.885,120.29,133.228,104.651,156.513,65.096,81.285,118.238,89.587,179.772,143.225,121.623
trikonasana,avg,1,temp_VID_20260218_002745205.mp4,168.269,141.784,73.116,86.959,73.116,86.959,92.028,170.148,111.344,80.236,125.859,135.719,148.945,158.341,86.022,78.737,113.682,87.752,131.411,97.165,130.413,111.344,80.236,179.892,131.411,123.211,115.901,157.989,73.116,86.959,111.344,80.236,179.768,137.605,106.528
trikonasana,avg,1,temp_VID_20260218_002745205.mp4,176.293,144.972,71.996,91.622,71.996,91.622,95.547,171.877,111.216,53.912,123.659,113.141,147.119,153.789,84.66,72.797,95.966,88.277,135.383,84.675,118.454,111.216,53.912,179.897,135.383,115.571,116.021,158.238,71.996,91.622,111.216,53.912,179.763,138.05,89.593
trikonasana,avg,1,temp_VID_20260218_002745205.mp4,164.834,142.851,82.841,94.079,82.841,94.079,111.054,171.049,114.341,52.266,124.556,116.375,147.061,153.034,82.536,79.804,94.884,88.335,137.169,85.357,120.29,114.341,52.266,179.899,137.169,114.956,130.476,160.549,82.841,94.079,114.341,52.266,179.752,140.571,85.524
trikonasana,avg,1,temp_VID_20260218_002745205.mp4,174.686,147.935,74.447,100.977,74.447,100.977,93.376,171.612,114.459,47.122,127.584,113.656,146.263,154.736,83.624,79.563,97.022,85.163,142.049,82.292,120.249,114.459,47.122,179.899,142.049,111.591,125.595,159.267,74.447,100.977,114.459,47.122,179.741,138.895,80.783
trikonasana,avg,1,temp_VID_20260218_003012364.mp4,133.377,143.389,24.764,76.798,24.764,76.798,130.413,131.278,117.798,104.296,151.582,150.306,168.741,121.152,104.912,81.826,112.105,72.959,127.163,110.593,151.059,117.798,104.296,179.855,127.163,124.282,146.183,96.07,24.764,76.798,117.798,104.296,179.671,130.659,118.762
trikonasana,avg,1,temp_VID_20260218_003012364.mp4,149.424,172.58,24.777,26.816,24.777,26.816,159.992,134.439,129.827,132.395,154.155,169.002,172.835,164.265,113.2,113.911,119.125,54.954,149.229,131.131,161.808,129.827,132.395,179.81,149.229,140.011,98.128,96.499,24.777,26.816,129.827,132.395,179.583,142.065,137.909
trikonasana,avg,1,temp_VID_20260218_003012364.mp4,123.443,132.274,42.476,38.906,42.476,38.906,151.902,137.262,90.618,88.332,140.69,147.202,166.656,174.138,100.724,92.566,91.318,86.777,169.482,89.419,144.145,90.618,88.332,179.824,169.482,107.604,97.595,93.257,42.476,38.906,90.618,88.332,179.642,109.909,105.549
trikonasana,avg,1,temp_VID_20260218_003012364.mp4,130.432,129.573,43.677,44.403,43.677,44.403,148.483,149.008,94.668,87.793,143.226,143.078,154.735,169.061,98.43,97.339,100.669,75.266,168.691,91.453,143.609,94.668,87.793,179.834,168.691,110.198,88.015,103.845,43.677,44.403,94.668,87.793,179.69,112.403,108.053
trikonasana,avg,1,temp_VID_20260218_003012364.mp4,119.21,139.28,25.603,33.67,25.603,33.67,167.527,152.932,127.272,105.19,147.581,136.707,159.084,163.727,95.117,80.563,117.543,69.413,152.895,116.95,142.885,127.272,105.19,179.82,152.895,135.548,92.63,101.113,25.603,33.67,127.272,105.19,179.674,142.415,128.234
trikonasana,avg,1,temp_VID_20260218_003012364.mp4,124.352,129.152,16.5,28.42,16.5,28.42,159.242,162.12,133.767,114.442,137.036,128.381,156.616,158.412,86.232,76.623,115.657,73.847,147.022,124.817,132.888,133.767,114.442,179.809,147.022,146.878,90.104,107.252,16.5,28.42,133.767,114.442,179.669,153.983,138.291
trikonasana,avg,1,temp_VID_20260218_003012364.mp4,124.957,129.787,12.506,25.777,12.506,25.777,152.862,161.741,141.711,115.398,137.684,118.497,156.319,156.897,85.631,79.472,108.796,83.282,142.598,129.164,127.755,141.711,115.398,179.847,142.598,154.579,95.025,98.582,12.506,25.777,141.711,115.398,179.69,162.64,143.175
trikonasana,avg,1,temp_VID_20260218_003012364.mp4,129.033,127.128,10.757,16.822,10.757,16.822,152.401,161.112,144.163,131.036,135.454,124.971,151.969,151.044,85.924,80.636,111.2,79.845,134.39,138.851,130.091,144.163,131.036,179.844,134.39,163.869,83.155,108.99,10.757,16.822,144.163,131.036,179.715,167.483,155.525
trikonasana,avg,1,temp_VID_20260218_003012364.mp4,127.675,134.365,9.267,20.672,9.267,20.672,157.512,165.344,154.205,142.052,141.589,134.197,150.737,152.285,90.106,83.117,113.161,83.679,128.752,150.469,137.432,154.205,142.052,179.831,128.752,172.761,86.932,108.95,9.267,20.672,154.205,142.052,179.722,170.05,160.664
trikonasana,avg,1,temp_VID_20260218_003012364.mp4,128.617,128.868,15.443,17.991,15.443,17.991,160.942,166.157,152.911,149.462,142.832,129.738,150.235,152.677,94.125,79.569,108.74,97.886,119.371,157.861,135.437,152.911,149.462,179.838,119.371,177.231,87.006,115.66,15.443,17.991,152.911,149.462,179.713,161.979,163.192
trikonasana,avg,1,temp_VID_20260218_003012364.mp4,122.748,130.038,20.118,18.727,20.118,18.727,164.881,167.672,156.758,144.899,140.846,126.705,147.865,153.118,90.906,78.487,113.312,99.063,120.203,158.331,133.262,156.758,144.899,179.831,120.203,174.813,94.428,115.398,20.118,18.727,156.758,144.899,179.732,163.632,162.2
trikonasana,avg,1,temp_VID_20260218_003012364.mp4,122.63,132.707,25.797,18.531,25.797,18.531,164.407,168.179,160.164,150.333,142.685,134.851,147.31,150.967,91.599,82.373,110.592,101.176,117.877,164.477,138.247,160.164,150.333,179.831,117.877,171.832,100.809,113.79,25.797,18.531,160.164,150.333,179.727,161.095,161.626
trikonasana,avg,1,temp_VID_20260218_003012364.mp4,125.117,130.676,26.812,17.932,26.812,17.932,157.438,166.467,159.399,149.645,141.004,134.854,144.342,150.311,89.448,83.016,109.994,99.999,120.166,162.47,137.206,159.399,149.645,179.831,120.166,173.386,105.067,110.027,26.812,17.932,159.399,149.645,179.721,161.481,161.698
trikonasana,avg,1,temp_VID_20260218_003012364.mp4,116.329,130.745,25.286,18.736,25.286,18.736,167.798,167.741,157.882,152.58,141.592,140.563,148.845,149.451,82.16,84.014,109.668,98.664,123.81,162.251,140.302,157.882,152.58,179.824,123.81,175.24,103.518,110.174,25.286,18.736,157.882,152.58,179.724,163.966,162.069
trikonasana,avg,1,temp_VID_20260218_003012364.mp4,117.058,128.351,27.851,17.773,27.851,17.773,169.867,167.925,157.408,156.122,142.443,146.17,145.598,148.134,87.695,85.342,110.434,98.528,122.785,165.121,143.553,157.408,156.122,179.824,122.785,174.104,103.55,111.113,27.851,17.773,157.408,156.122,179.72,164.448,160.656
trikonasana,avg,1,temp_VID_20260218_003012364.mp4,114.442,130.674,37.198,18.729,37.198,18.729,167.539,165.792,157.503,156.644,142.158,148.877,145.144,147.667,89.915,83.99,113.165,96.046,125.302,165.495,144.789,157.503,156.644,179.824,125.302,174.032,108.031,116.562,37.198,18.729,157.503,156.644,179.722,165.655,160.319
trikonasana,avg,1,temp_VID_20260218_003012364.mp4,118.673,126.464,67.431,16.28,67.431,16.28,162.772,162.66,160.941,156.271,140.843,150.351,145.313,148.235,86.652,79.091,119.806,89.943,128.417,167.275,144.874,160.941,156.271,179.855,128.417,170.126,117.609,136.171,67.431,16.28,160.941,156.271,179.752,168.256,156.904
trikonasana,avg,1,temp_VID_20260218_003012364.mp4,136.683,120.613,116.965,19.596,116.965,19.596,165.778,163.928,151.899,151.03,136.059,152.023,144.888,151.056,87.133,74.766,123.731,88.954,135.27,157.586,143.216,151.899,151.03,179.888,135.27,170.96,149.414,152.038,116.965,19.596,151.899,151.03,179.787,173.872,156.099
trikonasana,avg,1,temp_VID_20260218_003012364.mp4,153.802,121.414,141.966,37.078,141.966,37.078,155.867,160.809,134.229,128.058,126.3,140.956,141.499,152.517,86.359,74.019,120.555,90.488,141.823,133.921,132.388,134.229,128.058,179.907,141.823,160.586,165.947,164.973,141.966,37.078,134.229,128.058,179.808,165.419,148.461
trikonasana,avg,1,temp_VID_20260218_003012364.mp4,174.409,126.429,157.44,52.773,157.44,52.773,158.286,166.457,127.355,112.235,128.164,141.326,146.276,154.063,84.997,82.744,116.667,88.678,144.686,121.601,133.333,127.355,112.235,179.909,144.686,147.268,172.373,158.617,157.44,52.773,127.355,112.235,179.818,156.571,133.486
trikonasana,avg,1,temp_VID_20260218_003012364.mp4,173.924,127.552,159.859,51.222,159.859,51.222,156.37,164.301,125.031,92.02,131.184,120.032,147.878,154.4,90.529,82.26,95.213,92.718,137.987,110.467,124.932,125.031,92.02,179.903,137.987,140.155,165.633,147.467,159.859,51.222,125.031,92.02,179.84,150.992,125.214
trikonasana,avg,1,temp_VID_20260218_003012364.mp4,178.999,131.152,162.194,45.077,162.194,45.077,166.138,164.863,131.357,72.946,129.965,107.087,143.027,157.806,92.99,95.983,67.72,95.372,125.467,97.545,111.154,131.357,72.946,179.912,125.467,126.782,161.631,141.283,162.194,45.077,131.357,72.946,179.823,156.086,96.646
trikonasana,avg,1,temp_VID_20260218_003012364.mp4,176.168,134.183,157.667,58.965,157.667,58.965,164.88,164.814,134.803,73.921,125.12,104.24,150.01,152.717,80.364,83.047,87.72,88.77,126.584,105.82,112.325,134.803,73.921,179.907,126.584,138.974,160.679,142.306,157.667,58.965,134.803,73.921,179.819,161.906,108.521
trikonasana,avg,1,temp_VID_20260218_003012364.mp4,168.193,133.439,164.033,65.456,164.033,65.456,169.438,165.193,130.742,92.156,120.249,127.036,151.515,151.963,76.835,78.899,113.871,89.386,131.382,116.027,123.402,130.742,92.156,179.916,131.382,144.73,166.664,139.122,164.033,65.456,130.742,92.156,179.828,161.387,121.827
trikonasana,poor,0,1.mp4,154.526,157.321,124.292,67.327,124.292,67.327,151.237,154.059,127.418,97.039,139.679,155.711,148.57,172.399,66.753,137.308,154.343,25.838,156.671,113.068,147.775,127.418,97.039,179.952,156.671,127.934,169.62,166.271,124.292,67.327,127.418,97.039,179.905,147.025,107.841
trikonasana,poor,0,1.mp4,163.269,135.409,109.013,100.79,109.013,100.79,158.599,164.168,102.251,66.04,132.544,100.325,103.452,127.01,78.084,50.732,123.4,107.34,171.06,83.914,112.064,102.251,66.04,179.926,171.06,121.288,172.253,117.099,109.013,100.79,102.251,66.04,179.89,127.437,102.78
trikonasana,poor,0,1.mp4,164.46,129.851,120.777,96.882,120.777,96.882,151.321,163.795,105.278,62.611,123.231,100.056,134.101,126.599,57.687,51.351,119.056,116.643,169.564,80.868,107.477,105.278,62.611,179.914,169.564,127.205,176.497,117.559,120.777,96.882,105.278,62.611,179.886,139.706,99.886
trikonasana,poor,0,1.mp4,156.426,126.932,127.675,98.773,127.675,98.773,161.826,169.047,111.409,53.187,120.279,86.095,120.062,127.215,57.162,48.256,112.093,120.425,166.536,75.423,98.218,111.409,53.187,179.907,166.536,128.902,176.078,117.093,127.675,98.773,111.409,53.187,179.89,147.403,95.965
trikonasana,poor,0,1.mp4,159.562,114.803,140.381,90.108,140.381,90.108,167.669,169.847,100.991,67.941,109.092,99.952,145.742,131.057,62.859,55.824,120.76,122.353,167.478,80.031,102.629,100.991,67.941,179.916,167.478,131.725,170.766,125.229,140.381,90.108,100.991,67.941,179.903,143.659,109.742
trikonasana,poor,0,1.mp4,156.711,122.318,139.888,96.068,139.888,96.068,164.288,172.653,102.393,73.912,111.725,102.504,130.952,129.153,53.868,47.965,126.024,122.353,167.828,84.41,104.256,102.393,73.912,179.912,167.828,135.363,167.071,123.438,139.888,96.068,102.393,73.912,179.901,143.204,117.788
trikonasana,poor,0,1.mp4,159.127,122.043,146.19,96.925,146.19,96.925,167.442,172.636,103.073,72.992,113.221,104.639,132.484,128.81,61.828,50.956,125.277,120.524,167.775,84.06,105.383,103.073,72.992,179.905,167.775,133.495,161.495,123.05,146.19,96.925,103.073,72.992,179.901,143.51,114.243
trikonasana,poor,0,1.mp4,160.655,117.622,149.739,91.093,149.739,91.093,167.738,172.192,101.596,76.899,106.335,109.47,128.888,138.076,55.556,53.925,128.674,122.531,166.223,85.319,105.566,101.596,76.899,179.909,166.223,134.726,158.21,127.856,149.739,91.093,101.596,76.899,179.903,145.867,116.377
trikonasana,poor,0,1.mp4,160.953,119.232,151.445,93.845,151.445,93.845,168.327,169.722,102.569,74.913,116.034,108.75,123.745,133.448,81.868,51.022,125.048,120.691,165.587,84.294,108.867,102.569,74.913,179.918,165.587,128.601,163.019,120.431,151.445,93.845,102.569,74.913,179.907,137.997,111.113
trikonasana,poor,0,1.mp4,158.912,116.438,155.565,91.661,155.565,91.661,168.038,171.853,104.394,74.377,114.326,112.583,122.183,149.458,72.833,54.924,124.639,118.731,165.736,85.629,111.005,104.394,74.377,179.921,165.736,128.244,157.921,119.913,155.565,91.661,104.394,74.377,179.912,140.883,108.392
trikonasana,poor,0,2.mp4,76.738,101.253,66.036,64.966,66.036,64.966,155.812,151.776,162.533,171.776,145.635,148.799,122.721,123.075,87.674,69.782,83.012,86.01,124.045,169.63,147.255,162.533,171.776,179.948,124.045,167.822,133.811,139.743,66.036,64.966,162.533,171.776,179.893,158.014,170.735
trikonasana,poor,0,2.mp4,76.82,100.263,65.399,64.736,65.399,64.736,152.919,151.294,164.413,171.289,149.249,142.189,121.488,123.187,80.607,61.284,84.715,83.479,122.303,173.866,145.787,164.413,171.289,179.941,122.303,162.581,131.821,140.537,65.399,64.736,164.413,171.289,179.895,153.959,165.854
trikonasana,poor,0,2.mp4,76.169,100.196,66.048,64.794,66.048,64.794,150.552,150.38,163.697,170.996,151.416,139.389,119.608,121.062,78.719,61.597,87.216,81.22,119.296,175.549,145.56,163.697,170.996,179.934,119.296,159.56,128.879,142.215,66.048,64.794,163.697,170.996,179.895,151.31,163.781
trikonasana,poor,0,2.mp4,82.644,101.181,65.426,62.117,65.426,62.117,143.857,152.012,163.333,162.884,151.154,132.026,119.735,130.289,78.619,65.513,94.959,81.058,116.444,176.266,141.642,163.333,162.884,179.948,116.444,161.01,128.748,142.27,65.426,62.117,163.333,162.884,179.895,151.937,164.422
trikonasana,poor,0,2.mp4,83.355,101.247,65.605,62.143,65.605,62.143,146.423,151.59,163.039,147.227,153.93,133.808,118.884,114.69,80.748,73.465,106.319,80.864,113.473,170.994,142.752,163.039,147.227,179.948,113.473,166.895,129.794,141.427,65.605,62.143,163.039,147.227,179.897,153.302,156.187
trikonasana,poor,0,2.mp4,88.057,101.017,60.957,64.457,60.957,64.457,142.444,152.006,162.811,143.991,153.769,133.081,118.742,115.452,79.322,72.253,105.654,83.621,112.609,168.008,142.027,162.811,143.991,179.944,112.609,168.61,125.201,140.287,60.957,64.457,162.811,143.991,179.899,155.658,152.046
trikonasana,poor,0,2.mp4,88.741,94.467,57.901,72.541,57.901,72.541,140.012,153.788,159.875,144.315,153.65,126.436,114.515,118.861,79.159,59.834,99.95,91.028,114.52,166.588,139.249,159.875,144.315,179.941,114.52,169.856,125.712,141.904,57.901,72.541,159.875,144.315,179.899,155.994,153.382
trikonasana,poor,0,2.mp4,90.564,95.61,56.889,73.803,56.889,73.803,138.308,149.538,157.2,145.349,155.322,125.167,108.595,120.307,81.521,56.219,94.645,94.707,115.511,165.293,139.927,157.2,145.349,179.948,115.511,172.228,127.72,143.044,56.889,73.803,157.2,145.349,179.897,154.545,157.386
trikonasana,poor,0,2.mp4,87.875,93.69,56.035,73.566,56.035,73.566,140.107,148.309,153.392,142.884,154.851,119.928,108.849,123.593,74.909,52.994,90.726,99.429,116.131,162.152,137.198,153.392,142.884,179.944,116.131,172.786,127.652,142.431,56.035,73.566,153.392,142.884,179.899,153.219,159.463
trikonasana,poor,0,2.mp4,91.139,92.742,52.981,72.908,52.981,72.908,134.899,145.127,153.092,139.492,167.583,124.373,103.308,120.835,100.828,62.69,92.653,98.688,120.127,156.49,145.896,153.092,139.492,179.937,120.127,173.889,124.946,141.815,52.981,72.908,153.092,139.492,179.903,152.339,157.976
trikonasana,poor,0,2.mp4,88.053,94.785,54.549,71.223,54.549,71.223,138.844,146.147,151.831,136.34,161.645,122.284,101.929,119.372,96.806,62.189,93.864,96.885,121.261,152.996,142.074,151.831,136.34,179.944,121.261,171.614,124.12,142.299,54.549,71.223,151.831,136.34,179.899,149.775,157.435
trikonasana,poor,0,2.mp4,88.841,103.448,57.59,66.657,57.59,66.657,141.604,148.768,149.74,134.946,161.674,123.576,106.667,116.031,94.882,65.708,100.658,98.839,116.862,156.412,141.056,149.74,134.946,179.952,116.862,176.413,124.31,135.22,57.59,66.657,149.74,134.946,179.901,151.104,152.715
trikonasana,poor,0,2.mp4,84.913,107.435,61.234,61.812,61.234,61.812,144.757,149.383,151.26,134.971,158.325,121.039,109.448,111.866,90.487,65.572,101.701,95.946,116.498,157.065,137.757,151.26,134.971,179.944,116.498,179.582,126.003,133.853,61.234,61.812,151.26,134.971,179.899,152.376,151.478
trikonasana,poor,0,2.mp4,83.624,104.657,61.753,62.516,61.753,62.516,144.528,152.052,151.743,132.648,157.587,118.996,108.859,109.732,87.723,65.234,100.766,95.66,117.79,154.54,136.113,151.743,132.648,179.944,117.79,178.011,126.931,134.368,61.753,62.516,151.743,132.648,179.899,154.199,149.884
trikonasana,poor,0,2.mp4,84.893,104.475,63.355,60.206,63.355,60.206,143.201,149.682,148.759,135.35,157.963,127.26,111.3,107.151,90.847,68.564,98.661,96.965,116.952,154.372,140.584,148.759,135.35,179.941,116.952,174.998,126.583,135.524,63.355,60.206,148.759,135.35,179.897,152.951,150.355
trikonasana,poor,0,2.mp4,82.504,113.454,65.903,48.933,65.903,48.933,144.476,145.763,148.1,134.569,157.061,127.782,110.84,103.177,95.658,68.722,99.688,95.274,117.93,152.398,140.075,148.1,134.569,179.941,117.93,173.334,125.584,127.878,65.903,48.933,148.1,134.569,179.901,152.792,149.161
trikonasana,poor,0,2.mp4,81.491,117.881,69.915,37.401,69.915,37.401,144.082,155.66,151.971,134.502,148.784,131.509,110.851,113.319,95.285,57.252,101.349,90.771,113.927,153.427,137.069,151.971,134.502,179.944,113.927,175.589,126.738,124.505,69.915,37.401,151.971,134.502,179.903,155.634,147.731
trikonasana,poor,0,2.mp4,82.25,116.252,72.587,29.769,72.587,29.769,141.66,154.78,150.59,145.591,139.799,146.212,115.411,110.048,91.615,63.412,102.024,90.866,111.706,159.314,139.927,150.59,145.591,179.952,111.706,177.204,124.724,121.507,72.587,29.769,150.59,145.591,179.905,156.52,149.209
trikonasana,poor,0,2.mp4,80.709,118.426,74.113,16.971,74.113,16.971,140.87,166.956,149.768,151.955,138.705,143.547,126.766,110.267,75.947,62.523,100.944,89.286,112.028,163.867,138.354,149.768,151.955,179.948,112.028,172.734,120.234,106.904,74.113,16.971,149.768,151.955,179.912,155.613,150.012
trikonasana,poor,0,2.mp4,85.605,125.555,73.287,10.42,73.287,10.42,139.462,172.145,150.538,156.123,140.748,145.951,125.12,113.511,74.999,61.906,106.395,85.821,111.379,170.506,141.442,150.538,156.123,179.952,111.379,167.049,117.889,92.701,73.287,10.42,150.538,156.123,179.916,154.732,146.699
trikonasana,poor,0,2.mp4,85.103,125.348,72.414,16.585,72.414,16.585,139.846,168.401,154.565,153.466,138.733,147.193,125.939,117.225,70.588,60.28,111.135,83.561,113.136,173.234,140.957,154.565,153.466,179.952,113.136,163.082,118.326,92.22,72.414,16.585,154.565,153.466,179.916,157.624,143.14
trikonasana,poor,0,2.mp4,84.974,118.361,72.64,21.45,72.64,21.45,139.925,169.079,157.441,153.995,140.291,141.53,119.072,116.323,77.708,61.081,104.979,83.67,114.237,169.111,138.764,157.441,153.995,179.948,114.237,165.772,120.475,103.645,72.64,21.45,157.441,153.995,179.914,159.158,147.274
trikonasana,poor,0,2.mp4,91.783,107.731,70.858,16.851,70.858,16.851,138.882,162.393,159.702,146.113,140.93,137.365,119.55,117.436,77.71,60.565,103.697,84.416,119.137,163.497,137.195,159.702,146.113,179.944,119.137,167.48,122.528,109.526,70.858,16.851,159.702,146.113,179.916,162.272,145.913
trikonasana,poor,0,2.mp4,107.957,109.44,63.417,22.964,63.417,22.964,141.73,161.286,164.32,142.959,139.276,146.035,123.22,118.106,72.761,57.928,114.68,83.326,121.973,166.045,141.298,164.32,142.959,179.956,121.973,158.896,120.256,110.959,63.417,22.964,164.32,142.959,179.916,163.102,136.63
trikonasana,poor,0,2.mp4,126.625,113.488,48.533,27.39,48.533,27.39,137.097,160.495,168.244,132.528,139.632,138.877,127.834,118.008,67.199,55.063,111.341,81.079,127.525,156.304,137.644,168.244,132.528,179.944,127.525,158.02,113.165,102.533,48.533,27.39,168.244,132.528,179.916,164.056,134.843
trikonasana,poor,0,2.mp4,134.374,107.475,54.955,26.371,54.955,26.371,146.183,163.197,161.965,133.995,138.091,137.492,127.235,119.019,69.027,52.112,113.033,82.621,131.698,154.311,136.684,161.965,133.995,179.944,131.698,158.292,117.934,106.377,54.955,26.371,161.965,133.995,179.916,170.224,135.139
trikonasana,poor,0,2.mp4,162.845,135.102,67.244,43.052,67.244,43.052,155.799,165.714,171.646,138.25,138.481,137.605,122.964,115.101,74.865,54.254,110.819,84.169,116.722,162.556,136.796,171.646,138.25,179.948,116.722,151.086,136.74,98.816,67.244,43.052,171.646,138.25,179.918,159.388,129.64
trikonasana,poor,0,2.mp4,161.559,149.532,76.149,79.486,76.149,79.486,170.267,172.441,171.292,140.494,137.421,137.837,121.834,113.543,76.096,55.922,110.465,85.121,114.131,165.351,136.303,171.292,140.494,179.941,114.131,149.561,149.803,109.937,76.149,79.486,171.292,140.494,179.912,151.634,131.975
trikonasana,poor,0,2.mp4,151.803,158.601,82.604,94.358,82.604,94.358,167.637,171.296,171.329,142.713,129.574,126.94,120.734,115.487,76.49,55.328,106.1,89.999,104.692,165.877,126.929,171.329,142.713,179.941,104.692,141.884,161.178,114.609,82.604,94.358,171.329,142.713,179.909,145.073,127.252
trikonasana,poor,0,2.mp4,150.052,163.238,84.504,93.033,84.504,93.033,169.76,179.411,170.839,145.551,122.072,126.459,121.289,114.148,75.212,57.528,104.879,94.325,100.538,167.194,122.877,170.839,145.551,179.934,100.538,139.539,162.611,104.804,84.504,93.033,170.839,145.551,179.909,144.754,125.088
trikonasana,poor,0,2.mp4,143.849,166.242,86.239,93.93,86.239,93.93,175.629,178.524,168.235,147.305,123.455,129.299,114.618,108.311,84.404,64.336,104.223,96.027,102.324,167.901,125.041,168.235,147.305,179.934,102.324,145.541,166.081,108.128,86.239,93.93,168.235,147.305,179.909,150.915,129.276
trikonasana,poor,0,2.mp4,138.09,160.834,88.582,90.423,88.582,90.423,178.619,176.667,157.917,142.621,107.771,123.059,126.25,117.819,68.811,55.195,106.244,100.696,100.34,165.02,114.165,157.917,142.621,179.941,100.34,137.492,158.674,107.718,88.582,90.423,157.917,142.621,179.907,151.237,116.902
trikonasana,poor,0,2.mp4,149.598,163.624,94.004,98.391,94.004,98.391,171.639,174.052,153.618,130.296,108.794,138.255,131.338,119.079,61.424,53.587,115.131,97.487,106.432,159.623,122.939,153.618,130.296,179.952,106.432,136.24,160.124,99.041,94.004,98.391,153.618,130.296,179.907,155.748,110.927
trikonasana,poor,0,2.mp4,152.636,141.314,96.15,94.472,96.15,94.472,175.709,178.141,147.532,123.903,103.026,136.303,125.722,123.964,66.514,47.755,116.728,99.429,107.983,150.774,119.041,147.532,123.903,179.952,107.983,133.094,167.321,113.134,96.15,94.472,147.532,123.903,179.903,156.568,106.519
trikonasana,poor,0,2.mp4,155.361,130.032,104.499,95.463,104.499,95.463,175.293,171.826,127.963,123.059,96.361,146.802,133.76,129.789,58.624,47.65,126.177,103.614,125.989,140.502,122.164,127.963,123.059,179.96,125.989,141.248,169.366,121.594,104.499,95.463,127.963,123.059,179.914,166.096,116.665
trikonasana,poor,0,2.mp4,175.537,115.686,80.681,85.681,80.681,85.681,114.731,172.035,110.418,122.172,86.777,138.156,149.828,138.434,41.156,39.872,125.613,106.561,144.473,121.519,111.566,110.418,122.172,179.941,144.473,147.993,139.361,145.299,80.681,85.681,110.418,122.172,179.916,165.096,132.868
trikonasana,poor,0,2.mp4,173.403,126.271,91.624,97.947,91.624,97.947,125.951,174.894,107.351,122.259,93.653,150.206,147.376,128.108,45.07,47.901,130.558,103.402,147.152,119.744,122.237,107.351,122.259,179.944,147.152,143.932,149.109,125.671,91.624,97.947,107.351,122.259,179.912,158.562,129.839
trikonasana,poor,0,2.mp4,161.095,89.363,98.48,61.026,98.48,61.026,141.069,172.524,84.825,124.44,81.941,149.835,142.706,138.408,52.295,43.035,134.288,113.432,155.944,108.061,115.679,84.825,124.44,179.934,155.944,143.083,141.224,143.795,98.48,61.026,84.825,124.44,179.914,145.989,136.373
trikonasana,poor,0,2.mp4,166.542,96.68,129.731,59.11,129.731,59.11,167.84,170.009,92.01,125.398,86.29,159.424,139.78,133.608,55.03,50.539,137.568,110.223,153.225,113.455,124.96,92.01,125.398,179.934,153.225,138.325,171.104,132.92,129.731,59.11,92.01,125.398,179.916,146.488,129.914
trikonasana,poor,0,2.mp4,167.257,96.065,134.588,59.261,134.588,59.261,171.774,171.745,93.273,124.152,96.853,158.718,136.849,130.438,62.913,51.911,137.98,106.123,153.984,112.7,129.822,93.273,124.152,179.934,153.984,135.81,174.94,124.239,134.588,59.261,93.273,124.152,179.907,139.97,129.595
trikonasana,poor,0,2.mp4,164.971,100.209,134.975,65.413,134.975,65.413,171.523,172.898,90.524,122.035,96.938,154.57,137.58,134.895,61.866,50.951,137.041,103.558,157.061,108.769,126.717,90.524,122.035,179.931,157.061,136.389,176.81,117.867,134.975,65.413,90.524,122.035,179.912,139.568,131.372
trikonasana,poor,0,2.mp4,162.984,102.009,132.04,66.424,132.04,66.424,168.921,173.518,92.095,124.775,100.497,160.922,141.155,131.081,60.384,53.077,140.739,101.748,156.441,111.822,133.41,92.095,124.775,179.929,156.441,134.328,175.477,117.365,132.04,66.424,92.095,124.775,179.909,136.891,130.252
trikonasana,poor,0,2.mp4,160.244,100.599,129.701,62.382,129.701,62.382,168.048,172.632,98.968,125.018,105.776,161.775,153.554,134.889,46.818,51.003,142.658,98.614,155.508,115.641,137.468,98.968,125.018,179.921,155.508,133.778,176.065,121.047,129.701,62.382,98.968,125.018,179.916,137.07,130.127
trikonasana,poor,0,2.mp4,157.404,94.76,128.737,55.679,128.737,55.679,173.892,171.415,92.779,129.685,97.27,166.795,149.747,139.994,50.015,49.288,148.05,103.718,154.516,117.939,139.748,92.779,129.685,179.929,154.516,134.404,178.214,123.844,128.737,55.679,92.779,129.685,179.916,135.276,132.307
trikonasana,poor,0,2.mp4,143.739,89.288,121.023,48.61,121.023,48.61,175.788,168.498,92.106,132.431,91.64,168.833,157.931,138.245,37.925,49.714,148.219,104.121,159.453,119.51,139.731,92.106,132.431,179.921,159.453,136.279,176.493,129.499,121.023,48.61,92.106,132.431,179.916,139.456,133.898
trikonasana,poor,0,2.mp4,149.971,101.004,124.624,55.114,124.624,55.114,178.714,165.037,97.586,128.488,87.069,165.887,157.968,135.888,37.584,50.799,144.318,105.919,156.964,114.918,133.482,97.586,128.488,179.897,156.964,132.472,130.255,117.744,124.624,55.114,97.586,128.488,179.909,137.996,131.077
trikonasana,poor,0,2.mp4,148.359,102.144,128.621,59.972,128.621,59.972,177.856,166.918,95.378,129.877,87.496,165.85,155.907,138.273,38.597,49.602,141.429,103.056,159.698,116.03,134.19,95.378,129.877,179.895,159.698,134.801,135.102,119.928,128.621,59.972,95.378,129.877,179.909,140.041,132.815
trikonasana,poor,0,2.mp4,139.927,103.558,127.121,61.973,127.121,61.973,176.189,167.045,98.938,126.418,94.152,163.79,153.372,138.254,41.787,50.138,137.983,98.224,160.603,114.916,134.829,98.938,126.418,179.899,160.603,133.569,139.042,118.385,127.121,61.973,98.938,126.418,179.899,139.438,130.878
trikonasana,poor,0,2.mp4,145.027,100.745,130.03,58.924,130.03,58.924,174.997,167.711,98.259,125.526,94.238,163.078,153.38,139.101,41.862,49.447,138.172,98.866,160.675,114.346,134.291,98.259,125.526,179.901,160.675,133.578,141.84,119.316,130.03,58.924,98.259,125.526,179.901,139.473,130.631
trikonasana,poor,0,2.mp4,146.201,98.131,128.954,53.766,128.954,53.766,176.514,164.42,96.605,123.806,90.048,161.011,155.853,140.608,39.198,48.785,138.111,100.717,162.332,111.721,130.231,96.605,123.806,179.899,162.332,133.194,139.725,116.698,128.954,53.766,96.605,123.806,179.903,139.418,130.171
trikonasana,poor,0,2.mp4,144.707,104.708,125.183,55.87,125.183,55.87,176.65,161.851,98.636,122.483,89.651,161.377,157.437,141.017,39.069,48.664,138.588,100.427,160.929,111.402,130.395,98.636,122.483,179.903,160.929,131.706,137.612,115.093,125.183,55.87,98.636,122.483,179.901,138.41,128.774
trikonasana,poor,0,2.mp4,142.123,100.462,126.675,55.656,126.675,55.656,176.909,161.788,91.822,128.712,90.752,163.146,155.993,143.232,40.496,47.207,138.954,100.62,165.248,114.029,133.639,91.822,128.712,179.901,165.248,136.338,139.733,114.0,126.675,55.656,91.822,128.712,179.901,139.161,135.085
trikonasana,poor,0,20260222_163549.mp4,109.15,126.122,30.196,54.417,30.196,54.417,155.407,160.59,132.613,132.581,129.354,127.363,148.658,161.669,85.466,67.037,82.785,84.464,147.278,132.211,128.058,132.613,132.581,179.901,147.278,162.341,103.522,109.393,30.196,54.417,132.613,132.581,179.832,161.208,163.481
trikonasana,poor,0,20260222_163549.mp4,107.132,118.685,30.668,46.497,30.668,46.497,151.795,156.603,124.012,128.698,130.018,129.994,142.28,159.438,94.375,71.189,82.973,84.204,149.224,125.874,129.668,124.012,128.698,179.897,149.224,154.546,101.569,108.789,30.668,46.497,124.012,128.698,179.83,151.746,157.71
trikonasana,poor,0,20260222_163549.mp4,110.345,117.932,31.854,43.886,31.854,43.886,150.778,152.559,121.017,125.246,132.566,134.335,142.961,159.954,97.177,76.623,83.053,84.292,148.495,122.628,133.152,121.017,125.246,179.905,148.495,148.458,98.862,109.51,31.854,43.886,121.017,125.246,179.83,146.926,150.572
trikonasana,poor,0,20260222_163549.mp4,105.181,114.751,27.737,42.48,27.737,42.48,150.643,152.792,118.975,123.37,130.049,131.184,146.143,162.704,91.059,70.516,82.605,85.011,147.323,120.674,130.308,118.975,123.37,179.903,147.323,148.657,96.834,113.16,27.737,42.48,118.975,123.37,179.828,146.759,151.149
trikonasana,poor,0,20260222_163549.mp4,104.232,106.787,27.911,35.371,27.911,35.371,152.993,153.571,116.921,114.864,122.667,120.899,147.827,162.025,87.36,70.725,83.72,84.974,144.451,115.435,121.46,116.921,114.864,179.899,144.451,148.611,97.623,112.275,27.911,35.371,116.921,114.864,179.828,149.12,148.561
trikonasana,poor,0,20260222_163549.mp4,107.632,114.423,30.577,40.8,30.577,40.8,155.48,158.752,123.129,122.788,115.202,119.577,157.524,130.335,71.568,85.2,88.27,84.164,137.419,122.752,117.098,123.129,122.788,179.897,137.419,158.895,94.872,116.455,30.577,40.8,123.129,122.788,179.83,159.95,157.291
trikonasana,poor,0,20260222_163549.mp4,98.622,113.855,25.05,39.879,25.05,39.879,153.981,160.758,120.521,121.139,115.216,119.727,154.553,135.571,74.532,70.403,101.043,84.178,139.731,121.52,117.363,120.521,121.139,179.901,139.731,157.676,92.128,118.329,25.05,39.879,120.521,121.139,179.833,156.681,155.09
trikonasana,poor,0,20260222_163549.mp4,104.277,117.682,24.695,36.391,24.695,36.391,149.585,155.292,123.171,118.635,115.503,125.188,157.438,117.482,71.521,72.707,108.712,84.956,139.782,122.4,119.366,123.171,118.635,179.895,139.782,157.135,93.487,118.978,24.695,36.391,123.171,118.635,179.837,157.787,147.529
trikonasana,poor,0,20260222_163549.mp4,100.512,119.864,17.996,38.27,17.996,38.27,148.523,144.916,121.481,112.148,117.009,128.408,157.874,130.451,67.922,81.584,111.359,88.84,144.639,118.571,120.897,121.481,112.148,179.895,144.639,152.821,93.196,118.555,17.996,38.27,121.481,112.148,179.838,155.482,139.001
trikonasana,poor,0,20260222_163549.mp4,100.499,123.943,19.473,42.149,19.473,42.149,147.253,144.16,126.466,113.906,120.468,127.518,160.038,129.206,70.773,81.522,102.015,93.521,142.134,121.732,122.498,126.466,113.906,179.897,142.134,154.488,104.412,114.97,19.473,42.149,126.466,113.906,179.838,155.53,141.36
trikonasana,poor,0,20260222_163549.mp4,95.779,135.356,12.307,49.334,12.307,49.334,156.997,150.463,132.3,119.512,119.499,119.239,151.592,138.505,75.868,77.371,95.539,98.694,134.053,127.941,118.65,132.3,119.512,179.899,134.053,163.638,104.322,109.402,12.307,49.334,132.3,119.512,179.834,157.569,152.353
trikonasana,poor,0,20260222_163549.mp4,98.446,132.838,16.753,51.206,16.753,51.206,152.887,149.819,138.587,119.132,126.434,117.238,150.481,136.775,75.837,75.451,94.75,97.045,134.079,130.257,121.208,138.587,119.132,179.901,134.079,164.221,110.523,110.826,16.753,51.206,138.587,119.132,179.838,161.001,153.222
trikonasana,poor,0,20260222_163549.mp4,99.841,137.633,14.976,51.041,14.976,51.041,150.398,145.522,136.165,114.606,131.114,118.26,136.945,130.432,77.78,76.829,93.4,103.946,137.956,127.008,123.581,136.165,114.606,179.899,137.956,159.249,110.42,108.378,14.976,51.041,136.165,114.606,179.844,158.346,146.716
trikonasana,poor,0,20260222_163549.mp4,106.091,134.325,14.97,52.277,14.97,52.277,147.084,151.221,130.551,116.214,138.111,121.598,109.552,133.779,89.571,82.657,95.628,105.046,139.556,125.785,129.247,130.551,116.214,179.901,139.556,152.932,107.377,109.246,14.97,52.277,130.551,116.214,179.845,143.718,146.135
trikonasana,poor,0,20260222_163549.mp4,115.518,141.164,16.722,44.518,16.722,44.518,147.597,147.675,137.983,123.581,148.525,126.215,112.67,136.457,91.023,89.438,99.683,109.021,132.712,136.149,136.118,137.983,123.581,179.899,132.712,158.05,101.11,112.539,16.722,44.518,137.983,123.581,179.84,143.272,147.716
trikonasana,poor,0,20260222_163549.mp4,128.622,147.804,24.963,42.974,24.963,42.974,142.679,144.108,149.868,118.37,156.33,139.856,117.078,142.466,86.829,96.764,113.519,99.147,137.396,138.273,146.255,149.868,118.37,179.899,137.396,155.407,109.921,104.332,24.963,42.974,149.868,118.37,179.839,154.355,135.846
trikonasana,poor,0,20260222_163549.mp4,132.101,142.461,26.636,36.664,26.636,36.664,142.724,149.393,151.493,121.27,155.074,137.739,125.965,134.91,89.782,94.157,111.607,94.78,136.071,140.287,144.613,151.493,121.27,179.899,136.071,158.408,104.747,104.396,26.636,36.664,151.493,121.27,179.842,157.477,137.207
trikonasana,poor,0,20260222_163549.mp4,131.748,142.159,26.576,37.848,26.576,37.848,139.745,152.409,150.665,125.733,156.179,135.93,125.319,131.913,93.66,92.428,108.082,98.544,131.273,144.707,144.149,150.665,125.733,179.899,131.273,163.074,103.301,106.574,26.576,37.848,150.665,125.733,179.838,154.572,141.638
trikonasana,poor,0,20260222_163549.mp4,137.398,142.099,24.511,36.445,24.511,36.445,137.123,157.739,151.184,132.59,158.643,139.361,124.164,123.44,94.575,83.652,103.907,99.183,134.276,149.527,147.775,151.184,132.59,179.897,134.276,166.069,99.571,107.628,24.511,36.445,151.184,132.59,179.836,153.564,145.268
trikonasana,poor,0,20260222_163549.mp4,133.742,140.981,22.261,42.407,22.261,42.407,139.576,156.876,149.663,132.115,159.864,140.237,125.226,120.759,90.591,84.3,104.144,98.906,138.992,147.874,148.784,149.663,132.115,179.897,138.992,163.884,97.164,110.744,22.261,42.407,149.663,132.115,179.843,152.869,145.357
trikonasana,poor,0,20260222_163549.mp4,136.358,142.332,22.728,46.152,22.728,46.152,137.842,157.168,148.312,133.957,161.963,139.385,124.37,118.842,86.059,81.935,103.092,101.3,137.81,149.17,148.774,148.312,133.957,179.895,137.81,164.896,95.112,120.295,22.728,46.152,148.312,133.957,179.842,150.845,149.507
trikonasana,poor,0,20260222_163549.mp4,133.962,152.203,25.171,58.128,25.171,58.128,139.806,153.606,144.566,125.42,165.6,138.916,122.388,124.685,91.427,90.168,102.209,101.013,144.585,141.55,150.224,144.566,125.42,179.895,144.585,156.105,95.138,124.624,25.171,58.128,144.566,125.42,179.839,146.257,143.075
trikonasana,poor,0,20260222_163549.mp4,132.214,156.749,24.291,59.374,24.291,59.374,141.698,150.701,143.823,125.209,165.64,136.857,121.875,138.172,87.11,95.381,103.599,102.792,140.683,141.314,149.377,143.823,125.209,179.895,140.683,156.101,98.409,129.948,24.291,59.374,143.823,125.209,179.842,144.756,144.386
trikonasana,poor,0,20260222_163549.mp4,128.129,157.165,23.57,58.423,23.57,58.423,144.89,144.532,143.14,123.041,160.07,138.633,120.675,138.226,77.6,92.849,104.4,104.151,137.487,139.724,147.258,143.14,123.041,179.892,137.487,155.799,102.823,132.608,23.57,58.423,143.14,123.041,179.84,145.408,141.641
trikonasana,poor,0,20260222_163549.mp4,122.122,158.456,28.157,61.957,28.157,61.957,152.869,143.784,140.105,121.991,158.331,138.147,118.023,136.716,76.967,91.214,104.494,104.919,138.125,137.589,146.241,140.105,121.991,179.899,138.125,154.129,106.192,137.173,28.157,61.957,140.105,121.991,179.838,143.382,141.123
trikonasana,poor,0,20260222_163549.mp4,120.163,159.197,39.816,74.357,39.816,74.357,159.642,147.016,130.599,118.492,161.702,143.306,115.651,133.648,83.672,96.851,103.691,105.68,146.071,128.127,151.074,130.599,118.492,179.888,146.071,142.249,111.202,150.372,39.816,74.357,130.599,118.492,179.839,135.55,135.941
trikonasana,poor,0,20260222_163549.mp4,122.245,165.002,35.917,80.584,35.917,80.584,155.301,140.036,129.169,124.878,165.54,144.774,115.675,133.99,79.468,94.589,103.087,107.154,147.407,130.218,153.49,129.169,124.878,179.883,147.407,142.067,108.702,149.079,35.917,80.584,129.169,124.878,179.839,131.843,141.757
trikonasana,poor,0,20260222_163549.mp4,134.917,172.795,42.485,77.333,42.485,77.333,153.305,157.957,130.056,122.354,167.313,131.295,111.995,138.768,75.47,91.37,104.182,108.876,144.737,129.432,146.439,130.056,122.354,179.872,144.737,143.262,107.017,149.927,42.485,77.333,130.056,122.354,179.838,131.509,145.855
trikonasana,poor,0,20260222_163549.mp4,140.925,171.524,48.603,81.299,48.603,81.299,145.059,165.438,123.711,116.439,166.156,120.987,115.648,133.088,73.318,81.79,102.814,111.405,149.81,120.851,138.866,123.711,116.439,179.876,149.81,138.008,112.079,140.393,48.603,81.299,123.711,116.439,179.839,126.883,143.953
trikonasana,poor,0,20260222_163549.mp4,143.028,167.654,49.806,86.327,49.806,86.327,147.441,159.34,119.542,111.548,157.246,108.614,118.383,128.165,66.145,72.471,100.666,115.463,148.898,114.892,126.349,119.542,111.548,179.869,148.898,136.987,115.374,142.735,49.806,86.327,119.542,111.548,179.839,126.552,143.67
trikonasana,poor,0,20260222_163549.mp4,132.408,163.766,42.038,91.409,42.038,91.409,151.804,165.017,115.114,113.431,152.953,103.787,118.269,130.577,67.063,73.407,99.2,119.18,145.071,112.863,121.197,115.114,113.431,179.873,145.071,135.661,107.943,138.068,42.038,91.409,115.114,113.431,179.842,124.545,145.948
trikonasana,poor,0,20260222_163549.mp4,125.838,158.185,51.423,101.107,51.423,101.107,149.346,158.94,112.228,89.565,150.205,97.059,116.379,135.402,69.396,60.034,98.185,121.763,162.714,96.527,116.094,112.228,89.565,179.864,162.714,129.383,108.956,144.346,51.423,101.107,112.228,89.565,179.833,126.633,129.793
trikonasana,poor,0,20260222_163549.mp4,114.116,157.254,46.46,110.132,46.46,110.132,154.22,162.153,110.663,87.209,150.31,97.481,116.656,141.421,74.701,62.203,104.714,123.93,163.063,95.172,116.891,110.663,87.209,179.848,163.063,127.66,112.297,155.104,46.46,110.132,110.663,87.209,179.837,124.016,128.772
trikonasana,poor,0,20260222_163549.mp4,115.04,158.739,47.886,120.589,47.886,120.589,152.177,161.957,116.075,81.858,152.14,93.086,114.935,152.382,66.964,60.224,108.244,126.197,162.268,93.678,114.714,116.075,81.858,179.844,162.268,128.406,113.748,147.235,47.886,120.589,116.075,81.858,179.843,128.402,125.284
trikonasana,poor,0,20260222_163549.mp4,116.852,160.747,45.329,126.37,45.329,126.37,146.511,163.689,112.25,97.725,153.062,113.171,112.553,140.567,70.558,70.831,99.877,124.896,161.639,102.995,129.623,112.25,97.725,179.844,161.639,127.984,112.204,138.925,45.329,126.37,112.25,97.725,179.839,123.023,132.57
trikonasana,poor,0,20260222_163549.mp4,114.625,162.54,38.834,131.739,38.834,131.739,141.348,166.885,113.922,105.74,148.666,118.099,113.64,146.965,64.411,66.318,97.871,124.415,163.183,109.02,130.962,113.922,105.74,179.839,163.183,133.018,116.021,140.804,38.834,131.739,113.922,105.74,179.843,126.55,138.976
trikonasana,poor,0,20260222_163549.mp4,144.069,158.776,58.571,123.496,58.571,123.496,129.74,164.748,111.997,109.735,144.496,116.288,120.92,154.395,59.508,63.936,98.901,124.432,159.054,109.659,127.526,111.997,109.735,179.839,159.054,133.361,120.986,144.958,58.571,123.496,111.997,109.735,179.845,126.176,141.432
trikonasana,poor,0,20260222_163549.mp4,116.352,158.255,39.827,126.162,39.827,126.162,142.185,167.827,113.014,112.862,145.167,120.578,120.9,158.636,60.956,62.859,96.216,123.167,160.26,112.187,130.551,113.014,112.862,179.837,160.26,135.085,118.375,147.013,39.827,126.162,113.014,112.862,179.844,127.13,143.499
trikonasana,poor,0,20260222_163549.mp4,114.207,156.187,39.349,124.201,39.349,124.201,143.585,169.095,112.007,115.229,145.528,121.291,123.533,161.064,62.944,61.721,95.223,123.584,160.19,112.913,131.202,112.007,115.229,179.84,160.19,135.365,114.446,145.24,39.349,124.201,112.007,115.229,179.843,126.238,145.246
trikonasana,poor,0,20260222_163549.mp4,111.451,155.212,40.481,124.378,40.481,124.378,146.572,170.396,110.666,113.089,143.82,123.588,123.449,159.68,63.579,68.873,96.329,123.068,160.015,111.131,131.051,110.666,113.089,179.842,160.015,133.864,116.074,148.792,40.481,124.378,110.666,113.089,179.847,126.356,141.598
trikonasana,poor,0,20260222_163549.mp4,114.633,152.044,43.024,120.348,43.024,120.348,143.612,167.317,108.501,113.341,142.075,122.877,121.883,159.581,65.997,66.982,95.876,121.418,161.151,110.006,129.91,108.501,113.341,179.847,161.151,133.969,113.476,148.612,43.024,120.348,108.501,113.341,179.847,125.492,142.961
trikonasana,poor,0,20260222_163549.mp4,114.065,148.826,37.219,117.63,37.219,117.63,141.243,168.803,107.556,110.635,142.021,116.9,121.79,162.711,66.251,62.117,99.091,121.383,159.708,108.278,126.464,107.556,110.635,179.845,159.708,133.627,119.098,165.16,37.219,117.63,107.556,110.635,179.852,124.307,143.164
trikonasana,poor,0,20260222_163549.mp4,113.603,151.445,36.135,120.455,36.135,120.455,140.877,170.7,104.765,110.749,141.372,117.879,121.479,160.957,68.257,65.918,99.529,120.439,159.866,106.709,126.444,104.765,110.749,179.843,159.866,131.807,116.6,156.076,36.135,120.455,104.765,110.749,179.849,122.113,142.069
trikonasana,poor,0,20260222_163549.mp4,116.005,158.946,42.9,126.773,42.9,126.773,142.97,170.157,105.12,113.769,141.556,124.151,122.177,159.591,67.717,67.207,97.049,121.238,161.176,108.61,129.911,105.12,113.769,179.842,161.176,132.251,118.381,146.499,42.9,126.773,105.12,113.769,179.851,123.01,141.861
trikonasana,poor,0,20260222_163549.mp4,117.467,157.7,42.673,124.616,42.673,124.616,141.715,169.144,105.562,114.283,140.805,124.292,124.791,159.391,65.557,67.649,97.552,121.256,160.537,108.967,129.434,105.562,114.283,179.84,160.537,132.55,117.613,146.37,42.673,124.616,105.562,114.283,179.847,123.82,141.861
trikonasana,poor,0,20260222_163549.mp4,116.167,157.505,42.343,126.289,42.343,126.289,140.453,171.467,108.262,113.743,141.961,123.247,124.961,160.784,63.893,64.58,96.837,122.779,161.869,110.004,129.637,108.262,113.743,179.843,161.869,134.44,117.009,143.515,42.343,126.289,108.262,113.743,179.848,126.481,142.825
trikonasana,poor,0,20260222_163549.mp4,115.024,154.672,40.933,122.745,40.933,122.745,140.232,169.396,108.259,112.697,142.824,122.613,123.826,161.067,65.013,63.856,97.494,122.989,161.053,109.472,129.742,108.259,112.697,179.842,161.053,133.789,117.783,149.561,40.933,122.745,108.259,112.697,179.847,125.793,142.122
trikonasana,poor,0,20260222_163549.mp4,113.32,154.004,36.722,123.072,36.722,123.072,139.319,170.741,108.354,116.137,142.769,125.56,122.711,160.834,64.999,65.32,96.405,122.789,159.067,111.59,131.361,108.354,116.137,179.84,159.067,134.314,119.951,154.007,36.722,123.072,108.354,116.137,179.847,125.455,143.467
trikonasana,poor,0,20260222_165138.mp4,136.923,163.198,11.22,31.24,11.22,31.24,166.872,151.078,149.032,130.617,164.866,166.528,171.587,173.777,115.592,107.629,105.614,73.936,157.047,139.569,165.677,149.032,130.617,179.815,157.047,146.508,101.35,95.778,11.22,31.24,149.032,130.617,179.67,156.861,136.445
trikonasana,poor,0,20260222_165138.mp4,130.322,152.715,24.79,35.005,24.79,35.005,162.197,149.035,109.951,105.463,154.842,165.621,170.781,173.902,115.817,111.1,99.741,74.921,167.372,107.455,160.311,109.951,105.463,179.779,167.372,117.321,111.462,83.074,24.79,35.005,109.951,105.463,179.665,122.664,112.445
trikonasana,poor,0,20260222_165138.mp4,130.648,135.081,34.075,44.92,34.075,44.92,151.878,155.345,97.381,86.819,154.406,148.136,165.53,171.236,112.959,107.154,84.875,87.01,169.24,91.729,151.185,97.381,86.819,179.768,169.24,106.342,94.975,92.616,34.075,44.92,97.381,86.819,179.627,110.419,102.454
trikonasana,poor,0,20260222_165138.mp4,116.578,149.581,36.611,37.041,36.611,37.041,153.535,110.953,100.964,85.447,155.962,145.068,160.852,164.538,103.472,92.612,96.001,81.417,172.392,92.97,150.415,100.964,85.447,179.786,172.392,107.934,107.853,78.934,36.611,37.041,100.964,85.447,179.587,113.053,102.973
trikonasana,poor,0,20260222_165138.mp4,122.313,119.743,24.244,34.9,24.244,34.9,147.418,159.652,118.56,113.185,137.369,138.789,154.577,161.599,94.027,79.437,79.046,102.335,156.436,115.897,137.964,118.56,113.185,179.793,156.436,137.561,86.943,99.469,24.244,34.9,118.56,113.185,179.676,141.147,133.783
trikonasana,poor,0,20260222_165138.mp4,122.213,121.359,17.677,22.98,17.677,22.98,148.28,156.115,124.955,126.335,134.732,142.525,155.161,150.832,93.016,83.186,86.829,95.72,148.166,125.785,138.574,124.955,126.335,179.797,148.166,147.715,84.732,100.823,17.677,22.98,124.955,126.335,179.666,149.191,145.843
trikonasana,poor,0,20260222_165138.mp4,122.459,126.02,20.6,30.413,20.6,30.413,151.009,156.219,124.076,127.358,134.067,142.734,153.456,148.476,90.258,87.189,90.951,92.221,149.618,125.888,138.304,124.076,127.358,179.794,149.618,148.298,86.725,95.28,20.6,30.413,124.076,127.358,179.653,149.281,146.8
trikonasana,poor,0,20260222_165138.mp4,117.661,126.226,18.254,30.646,18.254,30.646,151.995,154.995,129.543,125.197,136.089,144.123,146.493,150.197,87.699,94.129,94.056,88.927,147.737,127.55,139.717,129.543,125.197,179.789,147.737,148.917,90.171,92.533,18.254,30.646,129.543,125.197,179.647,153.665,143.398
trikonasana,poor,0,20260222_165138.mp4,123.111,128.642,18.054,28.167,18.054,28.167,146.369,149.944,124.938,121.985,138.065,141.499,146.422,153.225,95.482,92.62,95.057,88.535,148.401,123.641,139.627,124.938,121.985,179.789,148.401,144.878,88.084,96.511,18.054,28.167,124.938,121.985,179.651,147.522,141.534
trikonasana,poor,0,20260222_165138.mp4,126.506,129.737,21.303,29.702,21.303,29.702,145.976,152.701,124.379,123.175,142.082,142.128,142.521,146.07,94.852,100.684,93.871,91.697,147.342,124.022,142.078,124.379,123.175,179.782,147.342,143.616,88.088,100.746,21.303,29.702,124.379,123.175,179.653,144.107,142.444
trikonasana,poor,0,20260222_165138.mp4,121.133,128.017,28.849,28.445,28.849,28.445,149.793,155.715,134.152,131.803,144.991,146.983,142.641,151.082,94.074,93.094,98.116,90.345,146.364,133.453,146.051,134.152,131.803,179.781,146.364,151.199,98.179,104.963,28.849,28.445,134.152,131.803,179.661,152.358,149.009
trikonasana,poor,0,20260222_165138.mp4,93.0,136.262,37.88,46.373,37.88,46.373,162.891,158.71,135.761,125.351,149.118,144.921,145.934,150.779,95.262,92.592,101.166,85.935,153.203,130.856,147.051,135.761,125.351,179.802,153.203,148.217,121.182,109.082,37.88,46.373,135.761,125.351,179.655,151.93,143.848
trikonasana,poor,0,20260222_165138.mp4,102.547,152.904,65.859,63.375,65.859,63.375,165.327,154.21,133.472,118.675,152.032,146.083,144.847,150.703,96.063,94.275,103.868,84.443,165.091,126.096,149.06,133.472,118.675,179.856,165.091,142.261,139.584,113.23,65.859,63.375,133.472,118.675,179.64,147.917,136.571
trikonasana,poor,0,20260222_165138.mp4,123.607,157.455,99.793,65.346,99.793,65.346,162.924,154.622,135.351,122.899,153.945,148.988,144.466,149.237,101.173,92.715,104.568,82.22,168.947,129.281,151.352,135.351,122.899,179.855,168.947,144.173,154.741,122.519,99.793,65.346,135.351,122.899,179.636,148.709,138.957
trikonasana,poor,0,20260222_165138.mp4,133.185,158.775,117.469,66.581,117.469,66.581,164.667,154.77,135.0,114.699,153.764,146.522,145.685,149.794,102.215,97.15,106.579,80.66,168.156,125.057,150.197,135.0,114.699,179.863,168.156,140.269,148.467,125.716,117.469,66.581,135.0,114.699,179.655,148.391,131.565
trikonasana,poor,0,20260222_165138.mp4,146.159,155.233,134.139,68.144,134.139,68.144,167.983,156.855,134.358,112.835,152.284,146.326,146.082,151.135,98.504,95.54,107.256,79.581,169.424,123.925,149.406,134.358,112.835,179.863,169.424,139.653,137.359,132.232,134.139,68.144,134.358,112.835,179.658,148.486,130.145
trikonasana,poor,0,20260222_165138.mp4,140.722,145.094,122.507,56.289,122.507,56.289,164.589,152.089,128.718,113.875,148.837,147.958,148.042,153.066,96.061,94.562,106.673,78.316,166.336,121.591,148.409,128.718,113.875,179.844,166.336,137.782,158.526,131.57,122.507,56.289,128.718,113.875,179.652,144.745,130.108
trikonasana,poor,0,20260222_165138.mp4,138.288,151.242,119.389,61.351,119.389,61.351,166.657,149.607,128.707,106.722,148.68,147.624,147.821,153.491,95.283,98.453,109.299,76.834,167.222,118.084,148.151,128.707,106.722,179.862,167.222,134.311,159.376,137.14,119.389,61.351,128.707,106.722,179.654,144.857,122.976
trikonasana,poor,0,20260222_165138.mp4,139.097,147.466,124.158,60.281,124.158,60.281,170.521,152.315,126.946,106.859,146.656,147.69,147.871,153.306,96.252,97.916,113.014,72.846,166.269,117.337,147.131,126.946,106.859,179.863,166.269,134.051,160.149,141.79,124.158,60.281,126.946,106.859,179.659,144.079,123.091
trikonasana,poor,0,20260222_165138.mp4,144.076,147.52,128.175,65.504,128.175,65.504,170.217,157.624,125.297,106.217,146.28,146.125,147.943,152.817,97.507,94.396,112.518,73.534,167.083,116.205,146.181,125.297,106.217,179.859,167.083,133.575,158.499,144.654,128.175,65.504,125.297,106.217,179.655,142.684,123.579
trikonasana,poor,0,20260222_165138.mp4,144.603,140.781,128.451,61.83,128.451,61.83,169.894,159.363,124.359,111.229,145.791,150.443,148.356,151.767,97.204,93.654,111.557,74.688,167.181,118.128,147.988,124.359,111.229,179.857,167.181,134.615,163.184,144.278,128.451,61.83,124.359,111.229,179.658,141.928,126.501
trikonasana,poor,0,20260222_165138.mp4,146.598,143.456,127.87,61.324,127.87,61.324,168.684,156.8,121.204,110.046,145.396,150.011,147.665,151.331,98.414,92.907,111.528,74.624,168.741,115.87,147.573,121.204,110.046,179.851,168.741,132.572,164.602,143.689,127.87,61.324,121.204,110.046,179.661,139.005,125.483
trikonasana,poor,0,20260222_165138.mp4,145.955,144.799,125.779,64.181,125.779,64.181,167.032,156.727,118.093,109.869,146.737,152.324,148.148,150.557,99.632,93.828,111.76,74.849,169.788,114.115,149.377,118.093,109.869,179.852,169.788,129.793,164.937,143.467,125.779,64.181,118.093,109.869,179.664,135.161,123.932
trikonasana,poor,0,20260222_165138.mp4,146.312,146.897,126.284,65.515,126.284,65.515,167.481,155.803,118.999,110.261,146.819,150.872,148.105,150.065,99.672,93.664,112.166,74.295,169.879,114.783,148.739,118.999,110.261,179.851,169.879,130.702,164.116,143.521,126.284,65.515,118.999,110.261,179.662,136.076,124.836
trikonasana,poor,0,20260222_165138.mp4,146.588,143.422,127.044,65.437,127.044,65.437,167.384,158.095,118.905,109.286,146.007,150.171,148.31,149.244,100.087,94.404,110.635,75.815,169.153,114.308,147.989,118.905,109.286,179.852,169.153,130.502,168.435,146.328,127.044,65.437,118.905,109.286,179.674,136.301,124.104
trikonasana,poor,0,20260222_165138.mp4,143.532,146.943,125.296,66.718,125.296,66.718,168.009,155.176,117.87,108.585,145.415,149.915,149.621,150.196,99.64,94.472,111.437,75.532,168.61,113.413,147.537,117.87,108.585,179.853,168.61,129.854,169.751,149.287,125.296,66.718,117.87,108.585,179.673,135.461,123.687
trikonasana,poor,0,20260222_165138.mp4,143.841,138.843,126.633,61.845,126.633,61.845,168.23,156.374,116.914,111.236,143.235,149.466,150.72,151.045,98.637,90.173,111.467,78.286,167.792,114.182,146.104,116.914,111.236,179.855,167.792,131.521,169.959,149.593,126.633,61.845,116.914,111.236,179.681,135.588,126.902
trikonasana,poor,0,20260222_165138.mp4,143.178,137.018,124.509,60.669,124.509,60.669,166.976,156.378,114.106,110.17,142.089,150.302,150.715,149.212,99.202,90.841,110.462,80.386,167.611,112.245,145.897,114.106,110.17,179.859,167.611,129.67,176.566,150.946,124.509,60.669,114.106,110.17,179.688,133.299,125.404
trikonasana,poor,0,20260222_165138.mp4,143.314,137.191,123.348,60.79,123.348,60.79,165.823,156.427,114.345,109.034,141.347,149.269,150.687,146.402,98.006,89.642,109.71,80.633,167.956,111.816,145.027,114.345,109.034,179.859,167.956,129.665,178.334,151.51,123.348,60.79,114.345,109.034,179.692,133.945,124.745
trikonasana,poor,0,20260222_165138.mp4,139.899,136.73,121.098,60.312,121.098,60.312,166.091,156.725,114.079,108.852,140.253,148.416,150.621,146.287,97.824,87.674,109.373,81.126,166.965,111.571,144.029,114.079,108.852,179.862,166.965,129.932,179.007,150.958,121.098,60.312,114.079,108.852,179.692,134.148,125.07
trikonasana,poor,0,poor.mp4,126.371,146.08,6.958,31.173,6.958,31.173,149.169,151.372,159.62,128.943,147.941,125.51,146.25,148.205,85.635,73.747,112.711,91.814,150.52,145.779,136.408,159.62,128.943,179.857,150.52,167.766,110.251,90.122,6.958,31.173,159.62,128.943,179.744,171.296,154.25
trikonasana,poor,0,poor.mp4,131.108,135.955,8.983,14.22,8.983,14.22,154.826,158.599,157.422,150.061,140.547,130.36,144.166,145.585,85.562,78.725,105.044,92.654,140.119,156.101,135.095,157.422,150.061,179.833,140.119,179.607,97.392,90.48,8.983,14.22,157.422,150.061,179.753,168.842,167.817
trikonasana,poor,0,poor.mp4,136.601,135.246,12.448,11.394,12.448,11.394,156.829,164.545,161.042,164.042,142.155,139.078,143.658,149.723,85.241,77.794,99.965,94.022,135.762,166.34,140.284,161.042,164.042,179.859,135.762,172.155,87.559,96.263,12.448,11.394,161.042,164.042,179.758,168.083,164.23
trikonasana,poor,0,poor.mp4,137.769,130.356,19.356,6.182,19.356,6.182,161.061,165.32,165.454,165.875,148.291,138.593,144.585,147.052,86.63,77.601,98.539,90.853,132.358,171.093,143.071,165.454,165.875,179.883,132.358,169.096,87.516,104.29,19.356,6.182,165.454,165.875,179.788,167.502,160.296
trikonasana,poor,0,poor.mp4,138.324,131.147,25.378,7.167,25.378,7.167,155.221,165.325,168.488,164.577,143.194,145.148,143.102,144.87,90.359,81.563,103.58,89.471,125.595,175.151,143.838,168.488,164.577,179.89,125.595,164.364,84.06,116.382,25.378,7.167,168.488,164.577,179.801,165.418,155.42
trikonasana,poor,0,poor.mp4,146.109,132.241,63.133,15.06,63.133,15.06,157.205,165.142,173.69,160.378,138.967,139.384,139.712,146.923,94.195,79.599,101.451,90.141,122.174,173.139,138.805,173.69,160.378,179.897,122.174,157.843,110.487,128.425,63.133,15.06,173.69,160.378,179.812,161.516,148.497
trikonasana,poor,0,poor.mp4,167.204,131.962,110.961,9.492,110.961,9.492,142.929,169.342,166.743,157.901,140.569,143.74,145.735,146.512,88.807,79.073,103.25,89.926,116.01,166.862,141.693,166.743,157.901,179.907,116.01,164.021,138.962,125.924,110.961,9.492,166.743,157.901,179.855,172.421,151.886
trikonasana,poor,0,poor.mp4,176.211,132.239,126.751,13.465,126.751,13.465,159.121,162.606,157.952,148.547,131.835,134.272,157.878,151.09,75.611,73.94,103.708,90.995,106.315,155.927,132.423,157.952,148.547,179.921,106.315,162.014,163.227,142.562,126.751,13.465,157.952,148.547,179.857,172.877,149.908
trikonasana,poor,0,poor.mp4,164.2,129.584,125.598,16.778,125.598,16.778,161.569,163.026,153.909,147.792,132.024,143.944,155.439,148.885,79.653,72.509,115.998,87.437,87.311,154.485,137.215,153.909,147.792,179.923,87.311,158.819,158.869,149.909,125.598,16.778,153.909,147.792,179.867,170.222,146.502
trikonasana,poor,0,poor.mp4,174.679,129.286,134.657,23.603,134.657,23.603,155.131,171.637,146.056,137.22,126.911,135.634,153.877,150.003,83.738,78.257,104.91,90.073,85.734,143.985,130.581,146.056,137.22,179.931,85.734,154.191,155.779,133.864,134.657,23.603,146.056,137.22,179.873,164.81,140.715
trikonasana,poor,0,poor.mp4,165.541,101.523,131.425,62.526,131.425,62.526,136.648,168.482,136.53,132.373,124.971,150.4,161.192,159.569,71.726,75.261,107.282,90.584,84.425,135.905,136.292,136.53,132.373,179.931,84.425,151.399,125.955,80.164,131.425,62.526,136.53,132.373,179.899,159.972,141.842
trikonasana,poor,0,poor.mp4,96.087,70.614,45.428,32.864,45.428,32.864,22.293,163.06,130.231,129.247,127.202,154.812,158.934,153.072,71.781,86.49,108.349,87.748,70.687,130.24,139.333,130.231,129.247,179.923,70.687,149.113,83.085,124.796,45.428,32.864,130.231,129.247,179.888,156.203,141.515
trikonasana,poor,0,poor.mp4,167.316,85.975,89.878,45.776,89.878,45.776,111.749,144.254,131.429,99.961,135.456,140.232,150.641,160.328,83.91,92.536,90.929,87.928,83.863,117.176,138.012,131.429,99.961,179.907,83.863,136.922,84.888,109.684,89.878,45.776,131.429,99.961,179.883,150.164,121.042
trikonasana,poor,0,poor.mp4,150.335,175.941,83.172,76.204,83.172,76.204,119.988,116.827,117.997,98.001,159.456,141.17,156.031,164.669,84.407,87.913,86.626,76.207,70.777,111.312,155.736,117.997,98.001,179.923,70.777,124.646,121.305,157.569,83.172,76.204,117.997,98.001,179.905,124.737,121.777
trikonasana,poor,0,poor.mp4,155.773,172.223,86.625,80.623,86.625,80.623,106.965,122.349,62.885,102.569,108.127,146.129,154.685,162.673,82.875,87.872,91.292,127.608,86.741,78.29,124.342,62.885,102.569,179.923,86.741,107.373,119.783,154.096,86.625,80.623,62.885,102.569,179.903,92.641,123.526
trikonasana,poor,0,poor.mp4,161.599,136.378,74.067,100.411,74.067,100.411,112.256,166.336,110.234,79.149,127.272,136.657,151.399,161.174,81.099,92.643,82.576,106.117,103.265,95.809,133.715,110.234,79.149,179.89,103.265,119.219,58.736,80.706,74.067,100.411,110.234,79.149,179.895,131.402,105.622
trikonasana,poor,0,poor.mp4,154.305,140.206,113.275,90.995,113.275,90.995,145.674,154.001,110.018,104.037,115.985,156.409,154.081,158.795,75.185,79.022,145.886,101.426,133.8,103.755,136.84,110.018,104.037,179.916,133.8,126.647,145.642,148.304,113.275,90.995,110.018,104.037,179.862,135.5,116.576
trikonasana,poor,0,poor.mp4,154.378,139.876,122.747,95.848,122.747,95.848,161.718,160.415,111.465,105.887,107.681,161.529,159.48,156.166,71.232,76.907,146.332,108.109,128.597,107.455,137.584,111.465,105.887,179.918,128.597,126.998,155.052,141.231,122.747,95.848,111.465,105.887,179.862,138.236,112.949
trikonasana,poor,0,poor.mp4,164.177,135.55,122.653,91.285,122.653,91.285,154.25,166.974,124.005,72.837,108.955,157.277,168.985,157.734,75.261,79.241,146.937,105.987,106.239,106.776,140.678,124.005,72.837,179.923,106.239,116.529,149.908,128.438,122.653,91.285,124.005,72.837,179.878,139.067,84.065
trikonasana,poor,0,poor.mp4,166.768,141.319,121.376,97.661,121.376,97.661,157.653,165.505,120.049,80.084,114.046,157.143,172.269,157.128,77.739,81.059,142.867,103.355,116.789,104.204,143.691,120.049,80.084,179.923,116.789,117.845,148.533,126.937,121.376,97.661,120.049,80.084,179.885,138.953,89.24
trikonasana,poor,0,poor.mp4,164.585,147.323,116.884,96.068,116.884,96.068,159.012,158.654,124.141,63.971,114.469,154.684,172.048,153.05,85.981,82.077,143.694,107.47,105.271,100.83,143.501,124.141,63.971,179.921,105.271,110.683,144.712,129.154,116.884,96.068,124.141,63.971,179.881,136.196,75.999
trikonasana,poor,0,poor.mp4,170.288,148.181,117.024,98.531,117.024,98.531,152.973,154.586,113.976,83.858,113.552,155.363,174.115,154.925,87.361,88.344,152.426,114.825,115.663,100.823,146.49,113.976,83.858,179.923,115.663,114.288,140.372,126.586,117.024,98.531,113.976,83.858,179.892,133.298,91.318
trikonasana,poor,0,poor.mp4,167.623,147.471,117.412,100.495,117.412,100.495,156.232,153.749,112.75,86.009,123.072,154.76,172.508,153.774,90.88,81.75,151.366,114.429,118.219,100.515,151.516,112.75,86.009,179.923,118.219,114.081,141.3,127.978,117.412,100.495,112.75,86.009,179.892,130.932,92.555
trikonasana,poor,0,poor.mp4,170.331,149.821,118.361,102.072,118.361,102.072,155.674,157.167,114.431,78.616,117.261,152.939,170.362,153.342,87.082,81.441,147.714,113.06,114.337,99.615,148.745,114.431,78.616,179.926,114.337,113.409,142.886,122.822,118.361,102.072,114.431,78.616,179.888,133.588,86.149
trikonasana,poor,0,poor.mp4,174.321,154.066,119.61,108.751,119.61,108.751,156.376,163.501,108.14,89.606,117.739,152.687,165.262,152.964,87.337,81.787,145.797,109.038,124.308,100.384,147.541,108.14,89.606,179.931,124.308,115.937,144.513,111.737,119.61,108.751,108.14,89.606,179.89,129.28,96.349
trikonasana,poor,0,poor.mp4,173.953,151.675,117.676,110.244,117.676,110.244,154.76,162.436,102.254,96.102,121.207,152.942,165.601,152.348,89.942,79.178,145.622,111.384,127.034,98.731,150.029,102.254,96.102,179.926,127.034,114.687,143.04,112.799,117.676,110.244,102.254,96.102,179.89,124.046,100.521
trikonasana,poor,0,poor.mp4,173.62,149.111,116.79,108.599,116.79,108.599,154.721,161.894,106.448,90.69,122.352,153.308,162.829,151.856,89.466,79.384,142.252,111.085,126.013,98.745,149.497,106.448,90.69,179.926,126.013,113.906,142.483,115.762,116.79,108.599,106.448,90.69,179.888,126.033,96.883
trikonasana,poor,0,temp_VID20260218165555.mp4,137.13,169.43,66.746,142.437,66.746,142.437,67.956,161.148,125.707,9.365,22.493,142.701,93.61,140.462,66.279,111.842,134.838,103.943,40.682,93.962,52.917,125.707,9.365,179.916,40.682,10.823,139.944,89.899,66.746,142.437,125.707,9.365,179.883,104.101,19.734
trikonasana,poor,0,temp_VID20260218165555.mp4,103.496,111.783,9.088,19.064,9.088,19.064,161.331,168.827,150.815,153.571,120.301,126.195,152.807,150.245,64.392,70.002,87.393,93.287,129.91,152.537,123.046,150.815,153.571,179.818,129.91,171.674,76.198,98.804,9.088,19.064,150.815,153.571,179.715,169.759,171.382
trikonasana,poor,0,temp_VID20260218165555.mp4,97.071,111.487,8.583,19.08,8.583,19.08,163.76,169.804,160.842,157.613,124.291,127.01,150.627,149.846,64.718,68.928,89.081,89.889,125.831,159.779,125.446,160.842,157.613,179.781,125.831,165.619,79.758,97.501,8.583,19.08,160.842,157.613,179.675,162.12,167.997
trikonasana,poor,0,temp_VID20260218165555.mp4,96.588,115.133,8.114,26.716,8.114,26.716,163.558,170.85,161.67,156.564,126.714,127.975,150.539,149.083,63.521,68.285,90.2,88.71,128.746,159.664,127.145,161.67,156.564,179.769,128.746,166.447,82.74,95.46,8.114,26.716,161.67,156.564,179.64,162.556,169.222
trikonasana,poor,0,temp_VID20260218165555.mp4,94.217,115.255,8.253,24.807,8.253,24.807,165.006,170.49,158.895,157.6,125.065,127.539,150.206,148.893,65.01,67.948,90.138,90.296,128.168,158.752,126.182,158.895,157.6,179.776,128.168,166.911,81.401,95.146,8.253,24.807,158.895,157.6,179.644,164.67,167.915
trikonasana,poor,0,temp_VID20260218165555.mp4,93.788,117.195,8.508,27.983,8.508,27.983,165.319,170.946,158.9,154.968,124.492,124.94,149.852,148.851,64.571,67.19,88.334,92.573,128.373,157.482,124.607,158.9,154.968,179.763,128.373,166.94,86.773,93.968,8.508,27.983,158.9,154.968,179.604,163.949,168.728
trikonasana,poor,0,temp_VID20260218165555.mp4,91.564,112.875,9.221,30.54,9.221,30.54,163.642,168.058,151.921,144.914,123.496,125.867,154.482,148.239,57.583,68.885,88.822,92.968,137.25,148.857,124.229,151.921,144.914,179.759,137.25,174.763,89.842,95.292,9.221,30.54,151.921,144.914,179.604,168.904,175.697
trikonasana,poor,0,temp_VID20260218165555.mp4,96.188,103.305,17.393,23.984,17.393,23.984,162.775,170.069,143.545,149.881,123.614,127.461,152.266,150.099,60.599,64.318,92.008,92.373,139.617,147.036,125.417,143.545,149.881,179.82,139.617,176.493,76.615,104.398,17.393,23.984,143.545,149.881,179.658,173.232,174.939
trikonasana,poor,0,temp_VID20260218165555.mp4,97.548,105.31,17.801,24.762,17.801,24.762,160.235,166.703,139.081,145.469,130.911,121.693,138.043,151.806,79.829,61.918,87.894,96.09,139.691,142.697,126.212,139.081,145.469,179.843,139.691,174.128,77.057,104.681,17.801,24.762,139.081,145.469,179.684,166.002,176.34
trikonasana,poor,0,temp_VID20260218165555.mp4,96.157,102.214,20.923,35.738,20.923,35.738,167.924,175.491,130.345,96.692,124.441,69.432,141.203,155.514,74.334,57.523,77.549,110.922,137.937,108.584,90.71,130.345,96.692,179.838,137.937,163.367,90.983,94.694,20.923,35.738,130.345,96.692,179.613,161.684,158.248
trikonasana,poor,0,temp_VID20260218165555.mp4,86.692,77.14,21.833,37.599,21.833,37.599,161.39,173.617,86.683,93.286,86.666,92.271,146.281,144.645,60.791,72.989,105.123,97.402,150.948,90.391,87.543,86.683,93.286,179.807,150.948,151.06,122.303,93.03,21.833,37.599,86.683,93.286,179.658,150.375,145.214
trikonasana,poor,0,temp_VID20260218165555.mp4,98.332,58.0,40.119,34.8,40.119,34.8,158.756,158.911,80.848,82.714,91.642,90.971,145.506,144.155,63.379,76.676,107.245,102.178,157.473,81.297,88.584,80.848,82.714,179.832,157.473,140.656,129.847,109.484,40.119,34.8,80.848,82.714,179.687,142.058,133.731
trikonasana,poor,0,temp_VID20260218165555.mp4,124.473,171.146,74.585,33.012,74.585,33.012,159.104,43.345,81.951,78.497,101.963,90.033,146.134,143.586,63.635,74.061,102.643,113.009,163.652,78.209,93.213,81.951,78.497,179.881,163.652,136.054,134.05,137.876,74.585,33.012,81.951,78.497,179.673,136.694,132.468
trikonasana,poor,0,temp_VID20260218165555.mp4,139.372,177.104,98.76,27.94,98.76,27.94,163.062,62.07,51.253,56.17,86.438,68.677,139.145,148.041,79.215,63.883,95.976,108.475,168.114,51.71,74.997,51.253,56.17,179.892,168.114,115.206,155.144,137.734,98.76,27.94,51.253,56.17,179.644,109.479,120.8
trikonasana,poor,0,temp_VID20260218165555.mp4,142.524,178.098,103.121,28.995,103.121,28.995,164.545,68.792,30.548,41.526,74.743,58.9,136.362,145.564,88.658,70.401,91.008,104.441,169.133,34.706,64.824,30.548,41.526,179.886,169.133,85.169,159.423,139.678,103.121,28.995,30.548,41.526,179.635,82.485,89.467
trikonasana,poor,0,temp_VID20260218165555.mp4,141.365,177.36,102.917,27.668,102.917,27.668,162.124,43.343,41.94,38.167,76.255,53.633,140.573,150.637,74.809,63.495,89.336,115.823,169.198,35.631,60.435,41.94,38.167,179.883,169.198,98.717,163.253,134.161,102.917,27.668,41.94,38.167,179.648,111.589,87.183
trikonasana,poor,0,temp_VID20260218165555.mp4,137.243,176.252,99.786,28.26,99.786,28.26,163.337,43.303,84.967,49.273,126.258,67.266,132.819,146.585,89.914,69.77,99.146,133.729,168.734,54.489,84.76,84.967,49.273,179.881,168.734,113.895,164.815,129.577,99.786,28.26,84.967,49.273,179.669,121.846,104.401
trikonasana,poor,0,temp_VID20260218165555.mp4,130.794,177.029,95.081,27.234,95.081,27.234,164.793,51.187,75.094,53.986,118.249,71.39,140.638,147.798,82.805,67.862,106.066,120.284,169.393,56.496,87.151,75.094,53.986,179.873,169.393,114.347,158.857,130.296,95.081,27.234,75.094,53.986,179.685,116.82,111.525
trikonasana,poor,0,temp_VID20260218165555.mp4,134.587,178.476,100.52,26.579,100.52,26.579,165.03,58.918,74.695,67.108,114.989,87.761,142.131,144.421,78.444,73.021,97.345,122.378,169.202,66.647,97.88,74.695,67.108,179.888,169.202,119.955,159.444,134.276,100.52,26.579,74.695,67.108,179.666,119.509,120.086
trikonasana,poor,0,temp_VID20260218165555.mp4,136.104,178.683,105.071,26.289,105.071,26.289,168.437,63.046,71.419,63.958,110.534,86.04,142.985,141.043,77.086,77.055,97.222,122.154,169.302,63.281,94.687,71.419,63.958,179.885,169.302,117.914,163.345,134.298,105.071,26.289,71.419,63.958,179.651,119.415,115.872
trikonasana,poor,0,temp_VID20260218165555.mp4,137.854,178.529,108.498,28.134,108.498,28.134,170.694,114.716,77.592,53.94,114.001,76.391,144.297,142.461,73.396,75.991,110.952,118.274,169.518,57.24,87.368,77.592,53.94,179.881,169.518,115.531,168.341,133.035,108.498,28.134,77.592,53.94,179.685,124.338,104.419
trikonasana,poor,0,temp_VID20260218165555.mp4,134.39,177.835,104.444,28.998,104.444,28.998,170.008,63.166,77.777,55.566,114.766,77.331,143.751,143.195,74.71,74.224,109.063,119.257,169.558,58.805,88.919,77.777,55.566,179.881,169.558,116.569,165.222,134.152,104.444,28.998,77.777,55.566,179.678,123.616,107.601
trikonasana,poor,0,temp_VID20260218165555.mp4,132.16,171.395,102.227,32.212,102.227,32.212,169.211,51.96,82.941,55.856,121.305,77.712,141.824,144.025,78.116,73.746,111.891,120.626,169.773,60.672,91.628,82.941,55.856,179.881,169.773,116.694,165.997,134.344,102.227,32.212,82.941,55.856,179.696,123.521,107.954
trikonasana,poor,0,temp_VID20260218165555.mp4,130.673,172.728,100.074,31.773,100.074,31.773,168.746,50.994,88.151,57.154,125.516,78.327,141.917,144.045,77.601,73.329,113.017,123.247,169.54,63.478,93.711,88.151,57.154,179.878,169.54,118.872,163.636,134.393,100.074,31.773,88.151,57.154,179.705,125.554,109.916
trikonasana,poor,0,temp_VID20260218165631.mp4,121.046,96.051,26.031,35.096,26.031,35.096,110.028,138.981,56.539,69.113,100.139,116.621,143.362,152.619,81.713,79.169,118.511,59.401,177.194,62.011,107.525,56.539,69.113,179.699,177.194,96.901,104.386,90.936,26.031,35.096,56.539,69.113,179.51,92.588,101.375
trikonasana,poor,0,temp_VID20260218165631.mp4,106.802,108.656,19.805,32.006,19.805,32.006,116.519,123.034,49.506,67.541,127.579,125.405,141.056,151.674,119.433,93.133,110.526,51.784,178.553,56.87,124.081,49.506,67.541,179.821,178.553,81.157,136.643,57.502,19.805,32.006,49.506,67.541,179.643,69.25,95.021
trikonasana,poor,0,temp_VID20260218165631.mp4,81.303,95.261,26.657,22.835,26.657,22.835,149.075,129.736,55.241,88.96,127.936,132.44,145.5,147.658,108.913,84.302,72.205,108.223,177.633,69.413,126.257,55.241,88.96,179.717,177.633,95.322,90.655,97.643,26.657,22.835,55.241,88.96,179.368,76.846,114.805
trikonasana,poor,0,temp_VID20260218165631.mp4,69.991,94.817,26.145,36.125,26.145,36.125,163.501,148.587,63.796,90.088,113.13,104.665,140.836,150.63,94.192,60.338,83.923,95.129,174.361,76.578,105.024,63.796,90.088,179.825,174.361,116.906,133.554,64.249,26.145,36.125,63.796,90.088,179.543,95.048,135.689
trikonasana,poor,0,temp_VID20260218165631.mp4,72.763,101.39,27.956,43.295,27.956,43.295,167.983,158.904,64.999,93.989,105.417,99.618,142.779,148.497,89.017,66.626,86.786,89.832,165.425,79.328,99.305,64.999,93.989,179.842,165.425,124.38,141.036,66.371,27.956,43.295,64.999,93.989,179.667,101.774,143.396
trikonasana,poor,0,temp_VID20260218165631.mp4,79.819,90.787,29.47,30.338,29.47,30.338,170.647,164.544,66.936,106.234,72.762,94.747,143.663,160.401,65.119,52.683,100.522,71.77,155.27,85.428,80.261,66.936,106.234,179.845,155.27,153.238,146.932,63.428,29.47,30.338,66.936,106.234,179.748,133.165,163.736
trikonasana,poor,0,temp_VID20260218165631.mp4,89.974,77.087,42.534,32.441,42.534,32.441,172.276,171.773,50.657,73.399,62.468,71.65,158.39,157.262,49.923,57.129,130.707,55.575,156.561,61.12,64.125,50.657,73.399,179.873,156.561,133.895,140.748,62.798,42.534,32.441,50.657,73.399,179.794,119.752,141.488
trikonasana,poor,0,temp_VID20260218165631.mp4,102.424,142.142,58.593,117.373,58.593,117.373,174.993,170.988,42.537,56.366,63.686,57.729,145.671,157.863,67.238,58.093,148.0,48.17,157.465,48.997,58.389,42.537,56.366,179.881,157.465,116.087,138.122,141.991,58.593,117.373,42.537,56.366,179.842,106.636,121.154
trikonasana,poor,0,temp_VID20260218165631.mp4,110.361,161.473,67.4,145.385,67.4,145.385,169.731,168.126,52.528,62.86,77.039,70.827,135.565,148.798,74.748,73.878,142.559,61.423,157.309,55.978,70.898,52.528,62.86,179.892,157.309,122.42,144.688,176.854,67.4,145.385,52.528,62.86,179.864,121.158,118.673
trikonasana,poor,0,temp_VID20260218165631.mp4,112.692,176.888,75.255,159.955,75.255,159.955,173.691,166.488,56.596,62.036,86.277,77.74,135.541,146.135,79.095,80.85,139.503,67.65,157.893,56.67,78.436,56.596,62.036,179.907,157.893,118.495,136.021,172.597,75.255,159.955,56.596,62.036,179.875,119.946,112.887
trikonasana,poor,0,temp_VID20260218165631.mp4,134.058,175.218,98.235,168.299,98.235,168.299,171.598,167.706,67.698,65.394,96.862,79.66,137.22,151.805,75.788,69.198,132.02,80.02,160.664,63.221,84.221,67.698,65.394,179.929,160.664,128.844,105.224,171.44,98.235,168.299,67.698,65.394,179.888,127.926,124.337
trikonasana,poor,0,temp_VID20260218165631.mp4,130.233,173.371,100.077,166.385,100.077,166.385,171.534,163.916,52.539,64.565,83.451,79.511,137.52,152.7,74.39,65.454,129.726,65.263,164.482,56.486,79.143,52.539,64.565,179.929,164.482,125.3,102.895,169.181,100.077,166.385,52.539,64.565,179.895,120.79,126.218
trikonasana,poor,0,temp_VID20260218165631.mp4,130.907,173.779,101.569,163.871,101.569,163.871,168.924,160.766,46.592,77.09,73.276,86.302,145.595,159.494,63.137,51.592,117.254,61.277,166.403,59.708,77.696,46.592,77.09,179.926,166.403,136.29,103.118,165.762,101.569,163.871,46.592,77.09,179.895,125.272,143.52
trikonasana,poor,0,temp_VID20260218165631.mp4,125.685,176.551,92.844,169.045,92.844,169.045,165.25,167.206,70.039,80.819,94.643,88.744,146.571,164.238,60.473,46.378,115.23,84.161,167.657,73.064,90.247,70.039,80.819,179.921,167.657,142.379,115.194,164.155,92.844,169.045,70.039,80.819,179.905,136.036,145.768
trikonasana,poor,0,temp_VID20260218165631.mp4,117.681,169.146,85.432,161.415,85.432,161.415,168.975,167.765,71.937,87.428,94.302,91.609,152.082,169.606,52.089,38.244,108.936,86.518,168.97,78.31,92.025,71.937,87.428,179.929,168.97,148.268,117.932,163.012,85.432,161.415,71.937,87.428,179.907,140.621,152.867
trikonasana,poor,0,temp_VID20260218165631.mp4,121.913,168.126,90.033,173.898,90.033,173.898,170.808,159.535,55.695,94.786,80.307,94.565,150.196,168.968,54.951,38.285,105.517,71.717,166.804,74.033,86.603,55.695,94.786,179.921,166.804,146.991,120.539,161.913,90.033,173.898,55.695,94.786,179.901,134.039,157.431
trikonasana,poor,0,temp_VID20260218165631.mp4,112.634,175.333,81.838,172.81,81.838,172.81,170.064,166.57,73.206,102.281,97.892,104.412,146.942,166.317,57.835,41.968,97.421,89.66,168.257,87.455,102.048,73.206,102.281,179.909,168.257,148.282,132.574,160.442,81.838,172.81,73.206,102.281,179.905,137.821,156.819
trikonasana,poor,0,temp_VID20260218165631.mp4,121.069,174.662,89.8,169.325,89.8,169.325,168.46,166.518,73.617,115.757,96.192,117.926,152.101,168.775,50.532,37.322,81.982,90.814,170.232,96.796,110.233,73.617,115.757,179.918,170.232,152.218,123.384,162.54,89.8,169.325,73.617,115.757,179.901,141.25,160.937
trikonasana,poor,0,temp_VID20260218165631.mp4,117.435,173.916,84.633,169.259,84.633,169.259,166.857,167.76,95.961,109.687,117.753,112.618,152.765,168.029,49.827,38.983,87.948,112.71,169.941,103.823,117.678,95.961,109.687,179.916,169.941,152.73,127.001,163.95,84.633,169.259,95.961,109.687,179.905,144.979,158.519
trikonasana,poor,0,temp_VID20260218165631.mp4,117.438,172.993,85.125,168.041,85.125,168.041,167.143,167.713,81.327,113.126,103.494,115.428,154.056,168.611,48.277,37.692,84.412,98.328,170.128,98.896,112.266,81.327,113.126,179.916,170.128,152.455,127.291,163.852,85.125,168.041,81.327,113.126,179.901,142.969,159.993
trikonasana,poor,0,temp_VID20260218165709.mp4,166.187,104.497,21.356,13.575,21.356,13.575,162.032,125.899,114.515,79.836,165.796,176.484,154.367,167.287,81.951,58.267,71.069,104.22,157.275,97.476,174.098,114.515,79.836,179.706,157.275,95.494,83.295,103.891,21.356,13.575,114.515,79.836,179.525,109.458,81.588
trikonasana,poor,0,temp_VID20260218165709.mp4,153.386,151.088,29.955,6.869,29.955,6.869,167.192,154.222,77.296,73.095,177.88,174.267,165.291,146.964,82.059,95.334,98.584,86.972,174.592,75.344,176.016,77.296,73.095,179.793,174.592,73.392,74.808,118.613,29.955,6.869,77.296,73.095,179.652,76.245,70.278
trikonasana,poor,0,temp_VID20260218165709.mp4,170.537,159.5,35.874,17.559,35.874,17.559,156.008,168.704,88.56,97.105,174.721,175.844,171.577,171.03,88.452,85.235,93.858,97.486,174.545,93.533,176.084,88.56,97.105,179.852,174.545,95.363,63.672,134.817,35.874,17.559,88.56,97.105,179.703,90.81,98.282
trikonasana,poor,0,temp_VID20260218165709.mp4,80.492,158.431,23.527,9.615,23.527,9.615,127.906,105.464,57.397,72.322,101.16,105.902,140.957,158.655,81.933,61.137,106.872,60.797,175.697,64.644,102.951,57.397,72.322,179.558,175.697,108.105,157.266,33.558,23.527,9.615,57.397,72.322,179.577,101.182,114.649
trikonasana,poor,0,temp_VID20260218165709.mp4,68.601,167.889,25.967,12.794,25.967,12.794,158.566,51.865,68.109,74.128,109.425,99.753,143.282,156.108,77.182,58.665,105.285,80.561,172.611,71.115,103.608,68.109,74.128,179.803,172.611,117.635,140.461,56.462,25.967,12.794,68.109,74.128,179.684,111.004,122.85
trikonasana,poor,0,temp_VID20260218165709.mp4,68.369,149.715,32.998,11.815,32.998,11.815,171.649,64.431,72.728,73.874,113.34,92.291,132.467,152.717,92.872,57.522,109.73,86.979,169.174,72.974,101.232,72.728,73.874,179.837,169.174,121.703,147.914,58.488,32.998,11.815,72.728,73.874,179.736,113.384,128.2
trikonasana,poor,0,temp_VID20260218165709.mp4,76.69,96.204,41.661,68.089,41.661,68.089,169.45,166.918,124.084,74.395,150.329,88.141,139.234,149.451,72.149,60.495,112.116,134.26,164.182,96.155,116.136,124.084,74.395,179.905,164.182,140.66,158.91,87.561,41.661,68.089,124.084,74.395,179.833,143.517,133.666
trikonasana,poor,0,temp_VID20260218165709.mp4,95.29,119.055,61.875,91.604,61.875,91.604,168.096,159.011,141.525,79.441,166.262,95.578,136.546,143.538,72.748,68.755,109.18,147.915,163.388,113.97,135.442,141.525,79.441,179.886,163.388,143.697,159.947,131.343,61.875,91.604,141.525,79.441,179.836,148.581,132.259
trikonasana,poor,0,temp_VID20260218165709.mp4,109.715,144.436,78.674,101.35,78.674,101.35,168.492,145.977,94.311,77.208,135.754,94.638,133.394,146.994,88.447,64.758,109.381,110.728,160.676,83.016,112.402,94.311,77.208,179.873,160.676,126.374,152.279,147.589,78.674,101.35,94.311,77.208,179.829,121.619,130.502
trikonasana,poor,0,temp_VID20260218165709.mp4,113.968,146.171,80.139,97.735,80.139,97.735,168.368,145.689,106.022,76.176,147.279,92.919,143.989,149.29,79.252,61.35,109.145,124.367,158.976,87.656,117.432,106.022,76.176,179.88,158.976,127.941,152.937,143.203,80.139,97.735,106.022,76.176,179.815,124.544,130.649
trikonasana,poor,0,temp_VID20260218165709.mp4,115.486,150.278,85.849,110.586,85.849,110.586,170.401,152.523,118.234,75.146,155.539,90.58,136.582,150.299,82.89,59.404,109.661,136.816,160.156,93.854,122.162,118.234,75.146,179.886,160.156,131.476,147.077,154.372,85.849,110.586,118.234,75.146,179.828,130.431,131.338
trikonasana,poor,0,temp_VID20260218165709.mp4,113.974,155.898,82.436,129.709,82.436,129.709,168.67,166.718,113.191,74.724,157.206,87.704,137.132,155.324,86.305,53.744,109.161,133.375,161.508,90.65,119.511,113.191,74.724,179.885,161.508,129.926,152.772,173.791,82.436,129.709,113.191,74.724,179.817,123.956,135.284
trikonasana,poor,0,temp_VID20260218165709.mp4,113.492,158.556,83.89,128.495,83.89,128.495,169.254,162.095,111.123,74.371,154.637,89.041,137.621,156.491,82.13,52.052,109.11,131.25,162.207,89.712,118.917,111.123,74.371,179.888,162.207,129.016,148.86,170.787,83.89,128.495,111.123,74.371,179.813,124.319,133.012
trikonasana,poor,0,temp_VID20260218165709.mp4,112.171,161.019,82.078,129.818,82.078,129.818,167.771,161.95,116.168,72.468,159.764,89.64,134.29,154.431,85.561,55.912,110.262,135.506,163.847,91.288,122.393,116.168,72.468,179.892,163.847,127.839,147.159,170.254,82.078,129.818,116.168,72.468,179.812,125.867,128.793
trikonasana,poor,0,temp_VID20260218165709.mp4,113.188,153.888,84.368,123.441,84.368,123.441,169.689,162.659,124.101,73.58,163.915,90.785,137.665,154.096,78.891,56.947,109.238,142.679,165.128,97.337,127.367,124.101,73.58,179.888,165.128,131.077,145.771,164.623,84.368,123.441,124.101,73.58,179.812,131.152,129.214
trikonasana,poor,0,temp_VID20260218165709.mp4,119.123,158.364,89.691,129.637,89.691,129.637,168.7,163.948,121.546,72.375,162.293,90.139,137.218,155.038,80.057,57.247,110.973,140.023,165.119,94.814,125.266,121.546,72.375,179.897,165.119,129.863,138.337,168.623,89.691,129.637,121.546,72.375,179.813,129.917,127.925
trikonasana,poor,0,temp_VID20260218165709.mp4,120.625,159.033,91.838,130.626,91.838,130.626,169.588,164.005,119.985,70.761,160.617,89.174,137.333,154.038,79.636,58.692,113.303,137.935,164.281,92.444,123.112,119.985,70.761,179.892,164.281,128.745,136.671,169.994,91.838,130.626,119.985,70.761,179.818,129.71,125.672
trikonasana,poor,0,temp_VID20260218165812.mp4,151.492,172.351,28.134,10.199,28.134,10.199,162.941,150.042,126.533,153.437,147.389,169.685,148.144,174.098,122.829,147.955,159.176,50.407,160.869,145.141,166.9,126.533,153.437,179.724,160.869,151.743,74.233,101.891,28.134,10.199,126.533,153.437,179.692,137.471,151.804
trikonasana,poor,0,temp_VID20260218165812.mp4,157.903,158.462,28.428,29.413,28.428,29.413,166.452,162.221,121.063,127.656,115.953,168.342,133.62,167.691,76.463,109.124,142.064,23.109,161.679,125.869,169.396,121.063,127.656,179.739,161.679,126.981,68.264,114.083,28.428,29.413,121.063,127.656,179.679,109.322,133.386
trikonasana,poor,0,temp_VID20260218165812.mp4,176.16,166.902,19.005,20.957,19.005,20.957,176.33,177.704,140.431,119.021,140.98,160.353,155.416,167.828,100.666,103.345,77.633,121.147,108.891,130.257,150.326,140.431,119.021,179.899,108.891,115.127,138.375,45.036,19.005,20.957,140.431,119.021,179.845,121.445,108.715
trikonasana,poor,0,temp_VID20260218165812.mp4,170.298,156.905,19.263,20.298,19.263,20.298,173.648,179.183,150.443,131.377,134.297,150.438,162.433,166.519,105.259,94.441,75.533,125.311,63.508,142.901,141.502,150.443,131.377,179.909,63.508,123.223,134.748,49.78,19.263,20.298,150.443,131.377,179.881,129.349,115.72
trikonasana,poor,0,temp_VID20260218165812.mp4,92.935,89.733,16.912,12.16,16.912,12.16,156.139,162.943,118.439,132.58,126.175,111.57,160.049,164.785,60.644,64.587,81.277,87.731,137.585,125.131,119.024,118.439,132.58,179.907,137.585,155.829,52.01,126.478,16.912,12.16,118.439,132.58,179.836,143.288,170.221
trikonasana,poor,0,temp_VID20260218165812.mp4,94.946,78.292,14.821,18.053,14.821,18.053,160.003,169.294,118.163,137.716,104.669,110.402,153.689,153.354,55.952,64.318,66.916,115.65,132.492,127.71,106.826,118.163,137.716,179.914,132.492,169.333,60.909,127.718,14.821,18.053,118.163,137.716,179.848,157.79,175.075
trikonasana,poor,0,temp_VID20260218165812.mp4,93.423,84.838,12.786,17.837,12.786,17.837,162.038,169.826,127.153,140.747,104.011,111.578,144.341,148.094,67.248,78.052,69.175,117.856,123.354,135.165,106.562,127.153,140.747,179.893,123.354,175.951,67.516,119.106,12.786,17.837,127.153,140.747,179.802,163.187,169.999
trikonasana,poor,0,temp_VID20260218165812.mp4,122.857,72.662,12.966,10.287,12.966,10.287,111.129,163.01,107.323,108.966,115.272,111.292,130.738,141.988,97.692,81.239,76.2,118.203,144.345,109.024,112.361,107.323,108.966,179.847,144.345,147.248,51.304,135.046,12.966,10.287,107.323,108.966,179.783,141.994,147.765
trikonasana,poor,0,temp_VID20260218165812.mp4,166.216,102.813,14.476,22.48,14.476,22.48,54.819,142.577,85.545,101.722,97.572,118.929,138.598,143.05,85.877,72.099,94.19,120.966,162.172,93.178,106.206,85.545,101.722,179.856,162.172,139.068,48.361,149.172,14.476,22.48,85.545,101.722,179.797,133.79,140.069
trikonasana,poor,0,temp_VID20260218165812.mp4,150.791,105.281,24.301,47.879,24.301,47.879,55.354,154.213,68.914,45.404,92.979,70.579,135.812,148.151,95.049,63.767,61.356,124.703,162.247,56.407,79.055,68.914,45.404,179.867,162.247,111.658,75.216,157.598,24.301,47.879,68.914,45.404,179.782,114.84,106.814
trikonasana,poor,0,temp_VID20260218165812.mp4,153.262,109.247,35.923,75.441,35.923,75.441,75.11,167.891,53.17,73.143,96.697,102.412,131.293,146.318,108.278,64.399,91.545,127.807,164.44,58.634,91.269,53.17,73.143,179.878,164.44,111.184,79.369,149.445,35.923,75.441,53.17,73.143,179.796,89.951,128.213
trikonasana,poor,0,temp_VID20260218165812.mp4,171.858,108.2,32.206,74.634,32.206,74.634,56.481,168.821,50.972,42.415,91.859,72.66,132.529,167.45,99.682,44.05,73.047,121.602,165.28,45.692,78.541,50.972,42.415,179.843,165.28,102.223,89.893,160.63,32.206,74.634,50.972,42.415,179.772,91.601,112.362
trikonasana,poor,0,temp_VID20260218165812.mp4,171.383,118.471,32.31,88.122,32.31,88.122,56.491,165.793,54.471,85.619,100.253,111.914,133.757,163.97,100.773,44.099,112.86,116.552,160.12,64.595,96.023,54.471,85.619,179.86,160.12,118.671,82.781,142.989,32.31,88.122,54.471,85.619,179.774,92.307,135.98
trikonasana,poor,0,temp_VID20260218165812.mp4,171.983,122.875,31.512,91.115,31.512,91.115,60.217,161.339,54.417,74.595,95.598,104.851,138.016,162.021,93.032,49.127,107.068,115.054,157.192,60.626,93.888,54.417,74.595,179.86,157.192,114.114,88.003,146.078,31.512,91.115,54.417,74.595,179.759,96.24,127.282
trikonasana,poor,0,temp_VID20260218165812.mp4,173.272,20.719,39.643,37.609,39.643,37.609,61.085,162.409,75.761,64.961,126.341,113.601,136.022,152.405,104.319,74.658,89.573,106.979,161.832,69.55,118.695,75.761,64.961,179.867,161.832,103.814,76.313,158.042,39.643,37.609,75.761,64.961,179.8,104.169,102.568
trikonasana,poor,0,temp_VID20260218165812.mp4,171.243,102.922,30.414,63.572,30.414,63.572,52.866,152.742,74.859,23.167,119.755,57.356,134.468,167.476,99.242,42.12,72.202,106.597,162.168,41.052,78.483,74.859,23.167,179.843,162.168,95.328,93.432,156.815,30.414,63.572,74.859,23.167,179.725,107.52,81.724
trikonasana,poor,0,temp_VID20260218165812.mp4,55.32,7.084,54.324,2.894,54.324,2.894,73.523,174.684,82.744,32.451,129.398,74.661,135.78,160.534,96.745,60.313,76.208,105.702,161.595,51.215,95.407,82.744,32.451,179.717,161.595,98.456,100.288,118.638,54.324,2.894,82.744,32.451,179.709,110.662,84.503
trikonasana,poor,0,temp_VID20260218165812.mp4,157.574,120.607,67.934,95.808,67.934,95.808,111.436,165.409,74.517,23.002,117.492,65.743,135.753,165.195,93.9,56.582,72.245,109.478,162.653,40.02,82.715,74.517,23.002,179.795,162.653,89.297,109.144,132.181,67.934,95.808,74.517,23.002,179.692,108.749,69.114
trikonasana,poor,0,temp_VID20260218165812.mp4,166.617,122.385,76.117,97.609,76.117,97.609,111.997,164.683,71.786,18.817,116.213,66.314,130.288,160.301,101.227,67.267,69.276,110.187,164.64,35.433,81.352,71.786,18.817,179.831,164.64,80.64,116.16,130.675,76.117,97.609,71.786,18.817,179.69,106.208,56.573
trikonasana,poor,0,temp_VID20260218165857.mp4,155.824,140.236,35.954,32.767,35.954,32.767,137.362,140.066,139.494,170.771,173.465,160.935,161.666,164.285,103.592,107.278,91.943,108.71,130.472,154.901,166.21,139.494,170.771,179.869,130.472,147.416,65.29,147.265,35.954,32.767,139.494,170.771,179.824,135.8,160.89
trikonasana,poor,0,temp_VID20260218165857.mp4,80.548,110.237,43.715,25.855,43.715,25.855,163.263,121.926,82.728,65.009,135.005,127.774,155.216,164.277,87.482,87.05,114.662,78.348,171.353,72.965,130.389,82.728,65.009,179.83,171.353,100.222,125.066,48.407,43.715,25.855,82.728,65.009,179.69,108.93,91.579
trikonasana,poor,0,temp_VID20260218165857.mp4,83.216,89.293,31.215,27.167,31.215,27.167,149.503,140.637,78.933,63.662,115.971,107.669,158.953,161.752,67.588,69.282,119.174,63.782,176.322,70.578,111.167,78.933,63.662,179.754,176.322,111.379,99.441,91.272,31.215,27.167,78.933,63.662,179.578,118.672,103.443
trikonasana,poor,0,temp_VID20260218165857.mp4,106.536,122.982,48.001,48.599,48.001,48.599,144.019,130.169,73.147,62.373,135.693,132.807,147.259,159.458,104.745,97.786,109.502,76.13,167.822,67.418,133.861,73.147,62.373,179.762,167.822,89.478,110.61,87.039,48.001,48.599,73.147,62.373,179.517,95.708,83.448
trikonasana,poor,0,temp_VID20260218165857.mp4,83.831,90.474,34.307,36.478,34.307,36.478,154.12,149.508,72.349,57.774,129.323,123.436,140.815,143.519,104.163,98.117,90.167,91.767,173.06,64.514,125.814,72.349,57.774,179.768,173.06,91.253,105.167,86.751,34.307,36.478,72.349,57.774,179.547,98.83,83.992
trikonasana,poor,0,temp_VID20260218165857.mp4,83.843,83.217,30.522,37.41,30.522,37.41,149.511,156.118,72.294,50.139,117.985,105.74,148.302,153.26,92.859,86.282,88.93,91.519,174.331,59.927,110.651,72.294,50.139,179.736,174.331,95.257,95.695,99.501,30.522,37.41,72.294,50.139,179.63,106.099,84.559
trikonasana,poor,0,temp_VID20260218165857.mp4,75.771,77.513,20.614,22.767,20.614,22.767,147.914,147.696,83.571,50.236,119.845,95.251,124.914,165.163,91.417,66.774,87.205,86.575,175.134,64.776,105.099,83.571,50.236,179.791,175.134,105.064,95.431,92.01,20.614,22.767,83.571,50.236,179.548,117.428,92.185
trikonasana,poor,0,temp_VID20260218165857.mp4,66.67,79.727,20.086,34.498,20.086,34.498,158.809,158.764,77.517,55.156,103.822,96.308,134.118,154.818,91.726,76.633,75.062,99.975,176.994,65.766,99.068,77.517,55.156,179.829,176.994,110.055,60.246,128.474,20.086,34.498,77.517,55.156,179.63,120.898,98.168
trikonasana,poor,0,temp_VID20260218165857.mp4,78.459,92.216,34.838,47.823,34.838,47.823,161.605,166.988,81.266,61.861,88.823,80.188,159.844,156.961,51.816,57.328,73.926,102.953,170.934,71.796,83.794,81.266,61.861,179.843,170.934,133.313,66.628,128.98,34.838,47.823,81.266,61.861,179.687,139.461,124.323
trikonasana,poor,0,temp_VID20260218165857.mp4,109.695,98.44,71.491,45.521,71.491,45.521,170.01,170.943,117.691,92.164,102.04,94.091,161.939,152.358,44.502,57.751,88.047,94.332,154.031,106.698,97.711,117.691,92.164,179.839,154.031,164.597,112.588,126.436,71.491,45.521,117.691,92.164,179.697,174.3,150.043
trikonasana,poor,0,temp_VID20260218165857.mp4,118.252,101.039,108.72,47.955,108.72,47.955,173.216,173.464,134.952,129.629,114.977,131.136,160.136,146.2,43.289,55.106,117.872,85.938,151.863,135.167,122.524,134.952,129.629,179.832,151.863,171.024,157.352,126.176,108.72,47.955,134.952,129.629,179.722,176.397,158.645
trikonasana,poor,0,temp_VID20260218165857.mp4,132.377,80.989,130.584,39.331,130.584,39.331,176.421,178.043,119.192,103.868,106.401,109.716,162.101,144.878,39.754,55.965,100.137,95.847,162.823,113.141,107.55,119.192,103.868,179.844,162.823,166.762,176.861,140.72,130.584,39.331,119.192,103.868,179.753,173.965,154.395
trikonasana,poor,0,temp_VID20260218165857.mp4,144.122,109.028,140.858,68.833,140.858,68.833,174.616,172.983,88.296,88.215,81.509,100.58,137.572,142.516,68.361,59.462,91.119,113.491,164.543,88.325,89.064,88.296,88.215,179.883,164.543,156.131,166.733,133.722,140.858,68.833,88.296,88.215,179.787,163.332,144.923
trikonasana,poor,0,temp_VID20260218165857.mp4,143.574,101.171,133.771,62.221,133.771,62.221,167.696,170.187,65.227,115.623,63.675,132.167,153.614,143.754,53.007,58.185,116.005,132.754,166.502,81.717,87.529,65.227,115.623,179.899,166.502,148.908,158.328,146.635,133.771,62.221,65.227,115.623,179.823,141.748,149.637
trikonasana,poor,0,temp_VID20260218165857.mp4,156.811,91.642,146.42,51.167,146.42,51.167,167.409,168.684,80.349,119.774,79.782,141.719,152.421,143.189,54.73,61.237,122.145,120.665,165.024,96.519,105.45,80.349,119.774,179.912,165.024,150.301,169.441,159.927,146.42,51.167,80.349,119.774,179.847,150.177,146.522
trikonasana,poor,0,temp_VID20260218165857.mp4,159.963,90.818,145.429,48.393,145.429,48.393,164.767,166.653,96.518,113.351,94.849,137.206,157.277,145.381,49.51,61.116,118.482,105.499,165.314,104.381,113.755,96.518,113.351,179.914,165.314,152.156,167.811,163.47,145.429,48.393,96.518,113.351,179.848,158.477,143.544
trikonasana,poor,0,temp_VID20260218165857.mp4,155.604,98.445,142.52,58.298,142.52,58.298,165.484,167.192,104.178,97.784,103.058,124.783,156.632,146.441,49.512,62.816,107.177,98.197,166.249,101.422,112.65,104.178,97.784,179.916,166.249,150.002,164.709,156.002,142.52,58.298,104.178,97.784,179.842,159.946,137.412
trikonasana,poor,0,temp_VID20260218165857.mp4,152.566,97.195,142.738,59.909,142.738,59.909,168.174,168.196,105.206,137.722,105.414,158.746,156.381,151.099,51.074,51.908,145.426,95.82,166.872,124.66,134.52,105.206,137.722,179.916,166.872,156.82,162.87,153.202,142.738,59.909,105.206,137.722,179.839,158.265,152.331
trikonasana,poor,0,temp_VID20260218165857.mp4,150.846,93.307,141.773,60.664,141.773,60.664,167.21,170.723,104.693,117.842,104.468,143.349,157.046,150.54,50.988,56.409,129.715,96.311,167.376,110.988,122.917,104.693,117.842,179.907,167.376,151.96,167.233,159.646,141.773,60.664,104.693,117.842,179.839,157.774,144.447
trikonasana,poor,0,temp_VID20260218165857.mp4,139.77,96.547,130.335,65.346,130.335,65.346,167.422,172.484,107.682,126.712,106.471,150.322,157.133,151.438,50.293,51.68,138.37,93.973,167.651,117.623,128.414,107.682,126.712,179.901,167.651,154.39,160.596,160.044,130.335,65.346,107.682,126.712,179.834,159.176,148.093
trikonasana,poor,0,temp_VID20260218165857.mp4,146.629,108.368,138.562,75.886,138.562,75.886,168.681,171.61,111.534,133.048,110.504,158.515,154.891,150.035,53.316,54.494,142.942,91.465,167.43,123.914,135.745,111.534,133.048,179.899,167.43,154.284,166.447,148.712,138.562,75.886,111.534,133.048,179.832,159.286,147.735
trikonasana,poor,0,temp_VID20260218165857.mp4,141.473,108.432,133.794,75.84,133.794,75.84,167.537,172.075,108.782,140.004,108.27,163.931,156.01,151.271,52.349,51.806,148.26,93.497,167.049,127.894,139.337,108.782,140.004,179.903,167.049,155.49,162.592,148.449,133.794,75.84,108.782,140.004,179.83,158.014,150.615
trikonasana,poor,0,temp_VID20260218165857.mp4,141.607,111.429,134.503,78.968,134.503,78.968,167.799,172.71,107.577,138.817,107.392,164.295,153.964,149.426,54.962,55.463,147.672,94.742,166.29,126.429,138.967,107.577,138.817,179.899,166.29,154.066,163.307,145.287,134.503,78.968,107.577,138.817,179.828,156.961,148.886
trikonasana,poor,0,temp_VID20260218165857.mp4,141.148,109.921,134.796,77.817,134.796,77.817,167.822,173.135,106.643,141.599,107.263,166.285,153.69,150.11,56.015,53.968,149.665,95.443,166.861,128.317,141.086,106.643,141.599,179.905,166.861,154.302,163.655,147.084,134.796,77.817,106.643,141.599,179.828,155.554,150.156
trikonasana,poor,0,temp_VID20260218165857.mp4,143.474,107.494,140.185,74.791,140.185,74.791,171.409,171.784,108.613,139.095,106.413,163.993,155.687,150.166,51.471,53.894,147.999,93.845,166.752,127.051,138.155,108.613,139.095,179.903,166.752,155.324,165.451,148.891,140.185,74.791,108.613,139.095,179.826,159.245,149.434
trikonasana,poor,0,temp_VID20260218165857.mp4,153.31,107.127,144.926,73.47,144.926,73.47,168.176,170.534,106.987,145.584,107.27,168.738,153.956,151.943,53.481,50.995,152.105,93.722,168.689,132.129,144.007,106.987,145.584,179.909,168.689,156.158,166.191,147.814,144.926,73.47,106.987,145.584,179.832,156.976,152.355
trikonasana,poor,0,temp_VID20260218165857.mp4,155.236,100.733,146.895,68.552,146.895,68.552,168.203,170.985,108.141,142.795,108.226,170.581,154.562,149.625,52.165,59.931,150.438,92.528,168.227,129.833,144.602,108.141,142.795,179.914,168.227,153.1,163.261,149.543,146.895,68.552,108.141,142.795,179.84,157.612,146.818
trikonasana,poor,0,temp_VID20260218165857.mp4,156.125,92.203,149.548,59.86,149.548,59.86,170.426,169.196,108.117,124.899,108.101,155.328,157.764,149.093,47.694,60.591,136.178,91.207,168.058,116.804,131.009,108.117,124.899,179.914,168.058,150.57,161.434,154.856,149.548,59.86,108.117,124.899,179.847,158.108,141.433
trikonasana,poor,0,temp_VID20260218165857.mp4,155.686,84.976,151.784,52.377,151.784,52.377,167.81,167.475,109.125,106.004,106.786,135.339,161.571,150.219,41.498,58.23,119.181,88.986,167.716,107.73,119.391,109.125,106.004,179.916,167.716,150.86,159.215,161.302,151.784,52.377,109.125,106.004,179.848,161.495,137.799
trikonasana,poor,0,temp_VID20260218165857.mp4,157.645,89.537,155.791,58.301,155.791,58.301,166.674,167.536,120.296,67.627,117.264,99.842,162.645,149.353,39.38,62.36,84.564,77.257,167.141,96.654,108.363,120.296,67.627,179.912,167.141,148.228,157.498,155.936,155.791,58.301,120.296,67.627,179.843,164.529,123.388
trikonasana,poor,0,temp_VID20260218165857.mp4,158.74,89.609,158.275,59.012,158.275,59.012,167.556,168.495,116.65,51.828,115.529,87.195,160.917,148.885,42.866,66.496,70.947,79.773,167.308,84.964,99.022,116.65,51.828,179.918,167.308,142.095,157.417,155.831,158.275,59.012,116.65,51.828,179.839,161.544,111.305
trikonasana,poor,0,temp_VID20260218165857.mp4,158.613,90.287,157.358,59.389,157.358,59.389,167.177,168.942,114.476,53.298,114.147,88.471,161.544,149.35,42.989,65.643,73.077,80.795,167.489,85.095,99.63,114.476,53.298,179.916,167.489,141.776,155.18,154.328,157.358,59.389,114.476,53.298,179.838,160.264,113.223
trikonasana,poor,0,temp_VID20260218165857.mp4,161.841,88.971,164.278,56.895,164.278,56.895,167.835,168.771,120.687,41.448,118.087,80.763,161.752,149.35,43.136,69.997,62.577,77.423,165.316,79.344,93.758,120.687,41.448,179.914,165.316,138.383,155.83,158.402,164.278,56.895,120.687,41.448,179.832,162.283,98.083
trikonasana,poor,0,temp_VID20260218165857.mp4,163.883,96.378,167.998,63.399,167.998,63.399,168.587,169.362,127.056,41.678,123.467,81.11,161.075,150.361,44.235,69.781,64.922,72.671,164.547,82.995,96.983,127.056,41.678,179.905,164.547,139.562,154.854,153.978,167.998,63.399,127.056,41.678,179.821,163.663,98.168
trikonasana,poor,0,temp_VID20260218165857.mp4,160.941,99.272,165.271,66.437,165.271,66.437,168.695,169.314,127.378,40.561,124.017,81.125,159.596,150.057,45.677,71.105,69.184,71.682,164.794,82.623,97.316,127.378,40.561,179.907,164.794,139.155,153.788,155.473,165.271,66.437,127.378,40.561,179.795,163.511,97.383
trikonasana,poor,0,temp_VID20260218165857.mp4,160.608,98.433,161.66,65.7,161.66,65.7,166.355,169.434,124.444,35.433,122.329,76.508,158.552,150.94,46.563,70.935,65.559,72.603,165.852,76.307,91.855,124.444,35.433,179.909,165.852,136.688,155.16,153.934,161.66,65.7,124.444,35.433,179.791,162.355,92.19
trikonasana,poor,0,temp_VID20260218165857.mp4,162.836,99.66,165.837,66.998,165.837,66.998,167.341,169.992,128.926,32.801,125.9,74.87,158.711,151.252,46.543,71.993,63.333,69.771,164.965,74.873,89.994,128.926,32.801,179.909,164.965,135.796,155.553,151.456,165.837,66.998,128.926,32.801,179.79,163.623,85.811
trikonasana,poor,0,temp_VID20260218165857.mp4,164.57,103.598,167.276,70.604,167.276,70.604,167.114,169.824,126.996,39.877,123.825,78.57,157.651,151.486,47.603,68.687,70.042,70.949,164.88,82.862,96.996,126.996,39.877,179.907,164.88,140.262,156.938,146.56,167.276,70.604,126.996,39.877,179.792,163.175,100.729
trikonasana,poor,0,temp_VID20260218165857.mp4,162.343,99.564,166.415,66.874,166.415,66.874,168.219,169.691,133.538,35.542,129.097,76.447,159.482,150.947,44.687,71.743,67.77,66.255,164.167,81.277,94.957,133.538,35.542,179.907,164.167,139.819,156.986,151.816,166.415,66.874,133.538,35.542,179.781,165.26,91.412
trikonasana,poor,0,temp_VID_20260218_001941460.mp4,158.236,141.73,16.182,42.411,16.182,42.411,172.717,165.141,138.481,107.785,163.231,169.835,166.844,167.088,104.75,76.294,87.596,137.801,131.916,132.042,168.905,138.481,107.785,179.87,131.916,137.235,150.189,68.814,16.182,42.411,138.481,107.785,179.762,145.989,103.53
trikonasana,poor,0,temp_VID_20260218_001941460.mp4,155.928,166.386,59.748,41.021,59.748,41.021,136.884,140.239,57.524,117.511,83.75,128.609,139.283,146.559,21.91,94.853,111.32,137.665,162.261,89.385,110.644,57.524,117.511,179.851,162.261,127.035,107.71,92.953,59.748,41.021,57.524,117.511,179.84,103.582,138.795
trikonasana,poor,0,temp_VID_20260218_001941460.mp4,156.26,131.437,47.877,33.307,47.877,33.307,104.483,166.211,67.021,123.818,91.077,149.455,145.449,151.141,121.382,107.266,115.244,162.655,131.307,116.936,151.681,67.021,123.818,179.867,131.307,138.718,133.556,60.542,47.877,33.307,67.021,123.818,179.847,117.204,136.787
trikonasana,poor,0,temp_VID_20260218_001941460.mp4,152.696,21.358,65.799,69.403,65.799,69.403,140.057,132.531,24.917,145.48,55.932,158.122,158.228,143.344,171.459,160.597,100.134,135.968,122.52,70.42,98.623,24.917,145.48,179.89,122.52,140.716,162.924,42.666,65.799,69.403,24.917,145.48,179.825,93.926,154.991
trikonasana,poor,0,temp_VID_20260218_001941460.mp4,81.211,64.154,74.069,63.777,74.069,63.777,150.666,109.743,52.997,140.337,84.8,149.799,166.078,161.223,99.193,145.212,112.301,160.496,66.362,123.306,148.965,52.997,140.337,179.899,66.362,142.316,152.128,23.962,74.069,63.777,52.997,140.337,179.833,121.56,147.899
trikonasana,poor,0,temp_VID_20260218_001941460.mp4,62.241,90.824,67.778,64.066,67.778,64.066,161.038,75.999,65.171,134.9,93.999,120.719,158.842,158.678,76.806,125.216,121.638,114.635,69.784,112.669,126.102,65.171,134.9,179.837,69.784,137.936,146.152,16.892,67.778,64.066,65.171,134.9,179.806,127.685,146.683
trikonasana,poor,0,temp_VID_20260218_001941460.mp4,123.212,120.403,93.614,22.379,93.614,22.379,75.308,148.508,132.94,139.597,62.976,148.775,38.009,126.564,97.861,75.525,33.745,96.233,137.598,122.651,71.24,132.94,139.597,179.883,137.598,92.223,125.382,33.532,93.614,22.379,132.94,139.597,179.703,149.884,130.736
trikonasana,poor,0,temp_VID_20260218_002303031.mp4,150.764,135.504,145.904,71.707,145.904,71.707,165.189,164.757,133.957,76.999,125.189,120.524,154.909,150.075,71.466,75.596,118.071,80.842,155.149,109.491,124.9,133.957,76.999,179.895,155.149,141.949,167.352,167.555,145.904,71.707,133.957,76.999,179.754,163.092,115.703
trikonasana,poor,0,temp_VID_20260218_002424287.mp4,118.333,127.713,8.301,17.1,8.301,17.1,158.146,163.531,158.447,157.045,137.543,138.976,150.973,160.891,84.37,80.56,83.927,92.676,135.628,157.886,138.226,158.447,157.045,179.822,135.628,178.848,93.578,96.119,8.301,17.1,158.447,157.045,179.699,176.155,178.053
trikonasana,poor,0,temp_VID_20260218_002424287.mp4,119.936,126.965,8.666,17.866,8.666,17.866,156.46,161.983,155.966,153.415,139.738,139.459,150.134,158.835,85.866,82.785,83.762,93.106,139.729,154.82,139.571,155.966,153.415,179.825,139.729,175.813,93.931,95.372,8.666,17.866,155.966,153.415,179.697,175.317,174.557
trikonasana,poor,0,temp_VID_20260218_002424287.mp4,120.179,126.069,9.242,18.079,9.242,18.079,154.95,161.835,152.393,133.116,141.504,118.565,150.676,160.602,89.174,79.306,91.786,94.36,142.022,143.452,130.343,152.393,133.116,179.828,142.022,169.781,93.252,95.311,9.242,18.079,152.393,133.116,179.695,171.418,166.558
trikonasana,poor,0,temp_VID_20260218_002424287.mp4,125.123,128.942,10.194,13.914,10.194,13.914,152.973,164.232,151.041,126.547,142.757,111.578,149.802,153.771,95.249,81.314,83.306,100.919,138.715,139.404,126.711,151.041,126.547,179.842,138.715,166.905,86.242,96.229,10.194,13.914,151.041,126.547,179.72,168.715,160.511
trikonasana,poor,0,temp_VID_20260218_002424287.mp4,129.138,130.157,11.054,12.988,11.054,12.988,154.333,164.974,162.695,147.471,144.885,136.613,149.271,149.854,89.876,88.07,92.243,100.51,135.833,158.82,140.857,162.695,147.471,179.831,135.833,177.841,93.329,94.475,11.054,12.988,162.695,147.471,179.724,169.992,165.654
trikonasana,poor,0,temp_VID_20260218_002424287.mp4,131.131,129.13,10.74,11.251,10.74,11.251,155.155,168.891,163.316,156.127,140.34,134.659,147.226,149.068,88.793,77.461,97.286,96.768,131.18,165.082,137.731,163.316,156.127,179.839,131.18,171.298,90.453,95.864,10.74,11.251,163.316,156.127,179.743,166.133,165.755
trikonasana,poor,0,temp_VID_20260218_002424287.mp4,131.851,127.212,10.098,8.488,10.098,8.488,156.436,167.44,160.77,152.511,137.937,130.598,147.054,153.549,89.997,76.252,96.166,97.211,129.137,162.78,135.057,160.77,152.511,179.857,129.137,172.046,83.58,101.25,10.098,8.488,160.77,152.511,179.781,166.49,166.048
trikonasana,poor,0,temp_VID_20260218_002424287.mp4,133.764,121.961,11.939,11.131,11.939,11.131,156.537,166.698,160.216,135.047,137.739,97.744,146.619,154.364,90.148,68.052,77.398,96.942,124.383,151.941,116.933,160.216,135.047,179.883,124.383,171.72,78.029,109.43,11.939,11.131,160.216,135.047,179.806,162.488,169.629
trikonasana,poor,0,temp_VID_20260218_002424287.mp4,132.044,122.247,10.066,10.742,10.066,10.742,163.843,167.809,155.9,127.126,125.609,82.041,146.796,153.102,87.72,64.731,71.866,105.401,120.502,142.743,100.768,155.9,127.126,179.87,120.502,172.674,77.408,110.326,10.066,10.742,155.9,127.126,179.798,160.733,170.551
trikonasana,poor,0,temp_VID_20260218_002424287.mp4,127.928,125.249,11.045,10.258,11.045,10.258,164.99,166.85,151.327,128.004,122.632,83.292,146.874,143.945,87.863,71.716,74.155,108.928,123.236,141.978,100.91,151.327,128.004,179.87,123.236,173.385,72.817,112.736,11.045,10.258,151.327,128.004,179.8,162.237,169.699
trikonasana,poor,0,temp_VID_20260218_002424287.mp4,130.139,128.64,10.977,8.951,10.977,8.951,162.642,165.137,147.729,119.49,118.99,74.692,145.313,152.817,87.717,64.141,70.195,111.832,125.37,133.558,92.943,147.729,119.49,179.87,125.37,176.491,70.951,112.209,10.977,8.951,147.729,119.49,179.795,162.686,167.93
trikonasana,poor,0,temp_VID_20260218_002424287.mp4,126.176,133.07,16.085,13.319,16.085,13.319,163.001,170.04,141.565,116.825,112.796,72.071,144.496,153.636,88.129,63.089,71.467,113.238,125.992,128.988,89.198,141.565,116.825,179.87,125.992,175.948,76.906,110.688,16.085,13.319,141.565,116.825,179.796,165.201,166.801
trikonasana,poor,0,temp_VID_20260218_002424287.mp4,127.329,132.344,53.442,25.289,53.442,25.289,174.678,172.019,140.934,109.242,114.973,73.753,145.513,150.675,87.408,60.93,79.556,106.647,134.023,125.945,91.869,140.934,109.242,179.87,134.023,175.936,103.282,125.993,53.442,25.289,140.934,109.242,179.798,169.587,164.169
trikonasana,poor,0,temp_VID_20260218_002424287.mp4,142.595,135.56,114.532,27.803,114.532,27.803,175.059,167.534,137.185,93.8,110.63,64.101,146.198,152.611,87.906,60.059,75.806,103.028,132.807,113.267,82.748,137.185,93.8,179.886,132.807,163.495,156.253,141.13,114.532,27.803,137.185,93.8,179.796,172.165,145.66
trikonasana,poor,0,temp_VID_20260218_002424287.mp4,149.559,141.405,137.869,46.098,137.869,46.098,160.026,169.005,119.265,84.339,103.928,75.753,146.737,150.994,90.224,65.85,82.85,106.515,139.985,103.215,88.518,119.265,84.339,179.888,139.985,148.971,165.264,146.198,137.869,46.098,119.265,84.339,179.793,156.995,134.196
trikonasana,poor,0,temp_VID_20260218_002424287.mp4,162.192,148.81,102.729,53.26,102.729,53.26,115.092,168.717,125.405,81.94,108.853,77.884,148.372,150.859,91.425,63.837,94.137,97.097,140.735,105.432,91.975,125.405,81.94,179.895,140.735,151.819,113.429,151.009,102.729,53.26,125.405,81.94,179.773,162.999,133.062
trikonasana,poor,0,temp_VID_20260218_002424287.mp4,163.155,149.799,111.596,61.871,111.596,61.871,118.9,170.928,141.131,68.152,118.245,64.787,149.85,152.945,83.402,60.041,96.646,87.197,141.522,100.183,84.263,141.131,68.152,179.897,141.522,150.517,130.426,157.144,111.596,61.871,141.131,68.152,179.753,175.516,116.662
trikonasana,poor,0,temp_VID_20260218_002424287.mp4,175.144,153.029,100.906,75.374,100.906,75.374,103.069,169.268,148.964,59.512,129.936,71.901,152.55,152.771,83.274,59.21,109.97,84.344,147.94,101.088,95.354,148.964,59.512,179.899,147.94,149.853,137.469,168.942,100.906,75.374,148.964,59.512,179.74,174.803,114.382
trikonasana,poor,0,temp_VID_20260218_002424287.mp4,155.803,153.915,148.676,73.387,148.676,73.387,158.196,168.319,146.716,68.167,131.838,83.786,149.412,157.283,87.851,56.695,110.288,86.719,145.687,108.187,105.714,146.716,68.167,179.899,145.687,149.295,168.36,158.99,148.676,73.387,146.716,68.167,179.745,171.333,118.418
trikonasana,poor,0,temp_VID_20260218_002424287.mp4,160.322,148.685,159.155,74.908,159.155,74.908,160.831,164.879,147.129,62.289,137.506,84.083,148.481,154.244,82.94,57.454,108.202,85.527,156.684,105.287,109.025,147.129,62.289,179.899,156.684,146.624,160.818,157.843,159.155,74.908,147.129,62.289,179.746,169.5,114.499
trikonasana,poor,0,temp_VID_20260218_002424287.mp4,158.609,147.458,160.822,77.549,160.822,77.549,154.458,166.663,142.477,64.498,135.511,84.757,148.29,154.701,86.61,56.041,107.916,87.036,156.77,105.487,109.322,142.477,64.498,179.903,156.77,146.574,159.456,155.996,160.822,77.549,142.477,64.498,179.748,165.847,119.71
trikonasana,poor,0,temp_VID_20260218_002603384.mp4,109.414,148.974,27.452,53.673,27.452,53.673,159.854,147.293,103.986,89.669,144.797,120.253,160.237,159.275,97.255,79.579,113.711,77.76,169.24,96.773,132.246,103.986,89.669,179.852,169.24,121.597,140.429,72.036,27.452,53.673,103.986,89.669,179.725,121.847,121.363
trikonasana,poor,0,temp_VID_20260218_002603384.mp4,107.508,129.125,32.42,49.123,32.42,49.123,158.702,155.207,99.739,89.178,138.565,125.093,156.677,152.16,89.394,83.218,110.98,77.275,176.156,94.527,131.801,99.739,89.178,179.847,176.156,118.756,123.765,71.504,32.42,49.123,99.739,89.178,179.717,120.325,116.844
trikonasana,poor,0,temp_VID_20260218_002603384.mp4,117.617,141.771,28.39,37.54,28.39,37.54,155.724,142.407,108.064,103.615,135.082,124.632,158.0,154.689,84.474,78.282,110.582,77.575,168.617,105.998,129.822,108.064,103.615,179.813,168.617,132.985,106.381,82.061,28.39,37.54,108.064,103.615,179.689,132.619,132.673
trikonasana,poor,0,temp_VID_20260218_002603384.mp4,122.784,125.239,19.994,32.316,19.994,32.316,147.397,163.341,126.974,121.434,136.432,128.153,154.502,159.63,80.15,73.425,107.887,86.108,157.222,125.176,132.318,126.974,121.434,179.817,157.222,150.49,92.893,93.276,19.994,32.316,126.974,121.434,179.642,149.471,148.588
trikonasana,poor,0,temp_VID_20260218_002603384.mp4,126.588,124.881,13.91,22.169,13.91,22.169,151.344,169.978,153.81,138.027,142.008,127.84,151.009,152.38,77.393,72.034,88.071,108.781,139.9,147.775,134.664,153.81,138.027,179.815,139.9,171.794,93.01,95.076,13.91,22.169,153.81,138.027,179.677,171.076,159.245
trikonasana,poor,0,temp_VID_20260218_002603384.mp4,131.454,127.311,17.532,12.167,17.532,12.167,159.602,170.687,158.648,160.857,137.666,133.918,149.248,147.414,75.484,71.608,93.891,109.146,133.195,166.769,135.386,158.648,160.857,179.826,133.195,167.303,86.141,97.471,17.532,12.167,158.648,160.857,179.679,164.332,157.983
trikonasana,poor,0,temp_VID_20260218_002603384.mp4,117.386,115.804,22.791,15.14,22.791,15.14,165.271,165.837,141.167,127.401,131.992,116.628,144.907,147.563,86.105,71.26,100.136,103.238,136.784,138.254,123.977,141.167,127.401,179.845,136.784,169.984,70.96,129.211,22.791,15.14,141.167,127.401,179.699,163.629,159.477
trikonasana,poor,0,temp_VID_20260218_002603384.mp4,135.658,119.583,24.073,19.426,24.073,19.426,137.433,162.114,119.055,101.145,108.577,87.915,147.372,147.879,88.831,71.233,76.987,118.51,127.192,111.713,96.974,119.055,101.145,179.876,127.192,155.2,60.488,152.071,24.073,19.426,119.055,101.145,179.763,154.384,146.472
trikonasana,poor,0,temp_VID_20260218_002603384.mp4,157.076,95.785,40.956,22.896,40.956,22.896,72.598,171.486,106.741,72.258,105.668,77.98,146.399,149.525,87.334,69.73,78.599,117.93,138.462,90.581,89.879,106.741,72.258,179.881,138.462,138.588,73.587,156.152,40.956,22.896,106.741,72.258,179.745,145.118,124.432
trikonasana,poor,0,temp_VID_20260218_002603384.mp4,159.15,140.821,57.609,67.098,57.609,67.098,86.298,153.707,95.71,43.746,104.071,66.573,146.83,154.335,87.526,67.823,78.605,114.911,151.662,67.971,81.493,95.71,43.746,179.888,151.662,118.705,108.593,165.23,57.609,67.098,95.71,43.746,179.732,136.198,95.934
trikonasana,poor,0,temp_VID_20260218_002603384.mp4,156.059,139.221,82.524,76.981,82.524,76.981,120.473,160.493,92.776,40.159,113.686,67.632,143.526,152.575,95.603,69.724,79.015,113.408,153.341,64.086,86.134,92.776,40.159,179.89,153.341,112.318,129.946,158.923,82.524,76.981,92.776,40.159,179.724,127.027,93.165
trikonasana,poor,0,temp_VID_20260218_002603384.mp4,157.054,136.083,104.618,76.155,104.618,76.155,139.395,159.316,98.695,35.096,113.878,65.554,144.958,152.722,92.664,68.593,77.439,110.072,153.158,61.945,83.27,98.695,35.096,179.885,153.158,110.635,150.845,165.346,104.618,76.155,98.695,35.096,179.727,134.22,82.641
trikonasana,poor,0,temp_VID_20260218_002603384.mp4,151.287,138.312,123.253,88.755,123.253,88.755,156.716,166.234,113.883,36.401,132.21,72.023,133.603,151.727,110.326,70.938,82.076,102.709,154.703,69.512,95.071,113.883,36.401,179.886,154.703,114.629,167.429,160.164,123.253,88.755,113.883,36.401,179.72,139.259,85.074
trikonasana,poor,0,temp_VID_20260218_002603384.mp4,148.799,135.875,131.471,86.912,131.471,86.912,162.945,162.111,143.708,36.365,146.546,74.81,145.175,150.089,85.88,74.087,92.888,88.497,152.581,82.715,102.878,143.708,36.365,179.888,152.581,129.348,169.271,172.787,131.471,86.912,143.708,36.365,179.699,161.919,87.09
trikonasana,poor,0,temp_VID_20260218_002603384.mp4,150.031,133.979,137.779,91.097,137.779,91.097,167.232,166.639,142.099,51.388,142.726,96.283,148.523,148.655,82.994,72.835,109.378,88.028,148.628,99.346,121.862,142.099,51.388,179.892,148.628,135.115,172.57,163.588,137.779,91.097,142.099,51.388,179.699,161.227,100.359
trikonasana,poor,0,temp_VID_20260218_002603384.mp4,152.697,135.918,142.8,91.82,142.8,91.82,170.534,165.907,123.873,70.083,135.061,116.558,147.005,151.968,89.091,77.361,119.404,93.847,148.599,99.928,130.716,123.873,70.083,179.897,148.599,129.134,170.146,156.198,142.8,91.82,123.873,70.083,179.744,146.488,106.35
trikonasana,poor,0,temp_VID_20260218_002603384.mp4,159.342,136.03,147.976,89.007,147.976,89.007,169.942,157.894,122.384,60.57,134.385,109.611,148.878,154.142,93.787,78.393,107.685,97.448,143.721,95.496,125.684,122.384,60.57,179.899,143.721,126.154,171.108,155.043,147.976,89.007,122.384,60.57,179.754,143.946,101.45
trikonasana,poor,0,temp_VID_20260218_002603384.mp4,158.554,136.252,150.07,89.077,150.07,89.077,172.159,159.599,116.404,57.792,135.428,108.091,149.743,154.17,99.372,79.066,102.969,100.479,143.561,91.06,124.57,116.404,57.792,179.903,143.561,121.676,168.493,150.83,150.07,89.077,116.404,57.792,179.768,136.981,99.454
trikonasana,poor,0,temp_VID_20260218_002603384.mp4,163.317,131.442,153.252,86.154,153.252,86.154,168.899,160.652,113.963,80.225,129.504,125.235,151.486,153.235,93.374,78.906,121.501,101.684,146.715,98.823,131.8,113.963,80.225,179.907,146.715,126.64,168.693,152.695,153.252,86.154,113.963,80.225,179.8,137.761,110.385
trikonasana,poor,0,temp_VID_20260218_002603384.mp4,162.209,130.913,154.33,84.769,154.33,84.769,170.888,164.56,111.107,91.55,135.626,132.833,152.172,153.031,102.172,76.499,130.617,106.536,144.939,102.727,137.362,111.107,91.55,179.907,144.939,127.07,166.237,147.82,154.33,84.769,111.107,91.55,179.818,130.783,116.692
trikonasana,poor,0,temp_VID_20260218_002603384.mp4,164.418,131.776,155.952,85.47,155.952,85.47,170.04,164.352,110.719,90.673,136.813,132.141,152.447,153.021,102.992,77.037,129.414,105.08,147.14,101.262,138.198,110.719,90.673,179.901,147.14,125.228,165.651,150.149,155.952,85.47,110.719,90.673,179.814,129.963,115.453
trikonasana,poor,0,temp_VID_20260218_002603384.mp4,166.221,130.869,157.124,84.882,157.124,84.882,167.362,164.941,112.6,74.339,133.597,121.377,152.811,155.277,96.778,75.213,113.111,101.199,147.706,95.706,130.871,112.6,74.339,179.905,147.706,123.704,164.946,150.312,157.124,84.882,112.6,74.339,179.809,134.062,108.48
trikonasana,poor,0,temp_VID_20260218_002919236.mp4,126.398,67.337,169.792,117.622,169.792,117.622,141.498,167.545,100.352,76.47,174.131,171.031,175.942,163.891,111.115,160.242,110.855,55.196,60.537,87.248,173.984,100.352,76.47,179.518,60.537,84.129,102.265,84.384,169.792,117.622,100.352,76.47,178.854,97.055,72.063
trikonasana,poor,0,temp_VID_20260218_002919236.mp4,123.806,132.956,58.988,122.438,58.988,122.438,159.906,117.168,112.266,91.701,178.659,151.41,172.414,170.914,122.947,145.084,134.527,51.35,122.523,101.657,165.076,112.266,91.701,179.819,122.523,109.484,124.944,139.194,58.988,122.438,112.266,91.701,179.692,112.883,106.45
trikonasana,poor,0,temp_VID_20260218_002919236.mp4,141.48,169.408,38.613,36.194,38.613,36.194,166.669,136.659,127.86,112.773,163.319,158.842,174.525,172.397,109.679,140.402,108.978,71.195,170.199,120.248,161.595,127.86,112.773,179.83,170.199,129.418,97.505,88.328,38.613,36.194,127.86,112.773,179.617,135.74,123.825
trikonasana,poor,0,temp_VID_20260218_002919236.mp4,116.127,128.453,37.118,34.889,37.118,34.889,156.212,140.119,94.331,89.664,147.737,141.24,175.888,167.434,94.434,100.134,104.99,76.901,165.951,92.085,144.867,94.331,89.664,179.81,165.951,110.706,97.324,91.985,37.118,34.889,94.331,89.664,179.661,110.734,110.86
trikonasana,poor,0,temp_VID_20260218_002919236.mp4,130.452,132.093,37.861,42.475,37.861,42.475,152.165,153.007,99.791,94.606,133.506,133.674,162.462,159.138,93.007,85.377,103.707,78.789,163.852,97.535,134.271,99.791,94.606,179.81,163.852,122.668,88.593,102.783,37.861,42.475,99.791,94.606,179.652,124.021,121.323
trikonasana,poor,0,temp_VID_20260218_002919236.mp4,125.419,125.888,13.793,29.325,13.793,29.325,150.61,160.123,132.812,113.78,143.935,134.254,159.423,157.061,93.89,84.994,100.968,79.639,144.738,123.551,139.502,132.812,113.78,179.805,144.738,144.442,92.334,100.635,13.793,29.325,132.812,113.78,179.685,151.164,137.45
trikonasana,poor,0,temp_VID_20260218_002919236.mp4,119.469,123.792,10.67,18.865,10.67,18.865,155.473,158.72,148.297,133.715,134.244,132.461,156.131,155.274,82.433,80.709,93.984,92.196,135.224,141.766,133.351,148.297,133.715,179.809,135.224,164.221,92.838,101.356,10.67,18.865,148.297,133.715,179.62,172.197,155.328
trikonasana,poor,0,temp_VID_20260218_002919236.mp4,118.427,125.318,15.374,22.197,15.374,22.197,160.403,161.905,142.609,137.791,135.127,137.102,154.132,153.016,85.702,80.404,84.255,100.453,140.959,140.553,136.029,142.609,137.791,179.799,140.959,162.94,96.716,96.707,15.374,22.197,142.609,137.791,179.687,166.567,158.197
trikonasana,poor,0,temp_VID_20260218_002919236.mp4,118.435,127.665,17.215,21.958,17.215,21.958,165.045,160.332,150.016,143.354,142.519,137.191,148.258,155.709,89.323,82.557,85.689,100.888,136.584,146.979,139.682,150.016,143.354,179.794,136.584,167.585,101.289,100.902,17.215,21.958,150.016,143.354,179.707,169.566,163.507
trikonasana,poor,0,temp_VID_20260218_002919236.mp4,117.158,124.814,13.778,19.092,13.778,19.092,159.07,158.316,149.45,144.464,139.141,131.457,148.26,157.143,84.624,77.677,84.81,104.188,135.644,147.645,135.054,149.45,144.464,179.81,135.644,171.619,97.695,102.968,13.778,19.092,149.45,144.464,179.704,169.786,167.462
trikonasana,poor,0,temp_VID_20260218_002919236.mp4,123.644,128.146,15.066,17.021,15.066,17.021,160.665,159.144,153.017,150.008,135.241,130.687,147.828,158.025,84.469,77.973,87.876,101.245,129.268,152.454,132.783,153.017,150.008,179.815,129.268,177.457,91.262,109.664,15.066,17.021,153.017,150.008,179.713,173.25,170.366
trikonasana,poor,0,temp_VID_20260218_002919236.mp4,120.359,125.346,19.342,17.767,19.342,17.767,161.947,158.559,152.141,146.146,134.075,129.127,148.963,156.709,83.191,76.725,90.658,99.063,131.18,150.111,131.415,152.141,146.146,179.814,131.18,175.784,95.262,110.352,19.342,17.767,152.141,146.146,179.709,173.969,168.341
trikonasana,poor,0,temp_VID_20260218_002919236.mp4,119.32,124.628,29.26,15.587,29.26,15.587,165.511,160.334,153.079,154.398,134.761,135.998,149.419,153.574,85.582,80.117,92.308,97.084,128.127,155.009,135.248,153.079,154.398,179.814,128.127,176.791,98.317,114.913,29.26,15.587,153.079,154.398,179.697,174.752,168.519
trikonasana,poor,0,temp_VID_20260218_002919236.mp4,118.103,126.016,43.687,14.415,43.687,14.415,167.458,159.94,159.143,157.874,137.173,136.993,150.062,152.488,86.649,81.232,94.027,95.271,124.431,160.058,136.947,159.143,157.874,179.824,124.431,174.89,106.086,122.808,43.687,14.415,159.143,157.874,179.698,175.174,167.029
trikonasana,poor,0,temp_VID_20260218_002919236.mp4,111.454,131.339,65.118,17.66,65.118,17.66,160.574,161.58,159.2,149.688,136.499,133.455,151.771,153.105,83.187,78.064,93.717,94.294,127.538,155.732,134.824,159.2,149.688,179.837,127.538,173.54,117.585,131.104,65.118,17.66,159.2,149.688,179.703,176.715,164.829
trikonasana,poor,0,temp_VID_20260218_002919236.mp4,131.225,126.639,107.905,18.137,107.905,18.137,163.787,159.685,154.217,146.941,129.898,131.025,149.721,154.113,81.894,70.222,96.915,93.678,129.972,152.058,130.27,154.217,146.941,179.86,129.972,169.932,148.81,144.055,107.905,18.137,154.217,146.941,179.744,176.687,162.027
trikonasana,poor,0,temp_VID_20260218_002919236.mp4,146.422,126.36,129.589,21.736,129.589,21.736,158.555,156.653,141.18,139.63,129.767,140.356,149.204,150.346,84.123,79.585,104.165,90.323,134.761,141.871,134.825,141.18,139.63,179.895,134.761,162.688,156.61,152.002,129.589,21.736,141.18,139.63,179.782,167.278,155.115
trikonasana,poor,0,temp_VID_20260218_002919236.mp4,157.164,126.971,144.929,25.171,144.929,25.171,161.487,157.833,134.565,130.618,127.973,135.578,150.935,152.547,88.0,78.339,101.648,94.214,131.167,134.153,131.449,134.565,130.618,179.899,131.167,156.739,166.87,156.047,144.929,25.171,134.565,130.618,179.795,160.762,149.409
trikonasana,poor,0,temp_VID_20260218_002919236.mp4,162.727,121.44,152.23,23.271,152.23,23.271,163.357,161.209,134.253,127.421,123.576,133.496,154.889,154.857,84.053,73.688,103.359,93.162,126.568,132.75,128.13,134.253,127.421,179.907,126.568,155.836,170.737,162.305,152.23,23.271,134.253,127.421,179.81,161.837,146.712
trikonasana,poor,0,temp_VID_20260218_002919236.mp4,174.525,120.067,159.171,30.856,159.171,30.856,169.56,164.143,127.435,129.521,121.658,136.684,153.622,154.385,86.584,69.134,111.919,95.379,125.079,130.804,128.376,127.435,129.521,179.916,125.079,153.375,174.313,162.612,159.171,30.856,127.435,129.521,179.831,155.33,146.963
trikonasana,poor,0,temp_VID_20260218_002919236.mp4,171.869,120.132,161.486,34.315,161.486,34.315,169.768,166.452,124.531,128.336,118.536,137.004,154.993,154.617,85.562,70.883,113.69,96.402,120.95,128.677,126.709,124.531,128.336,179.909,120.95,150.34,171.942,156.253,161.486,34.315,124.531,128.336,179.833,152.14,144.18
trikonasana,poor,0,temp_VID_20260218_002919236.mp4,166.123,123.591,163.452,36.462,163.452,36.462,171.405,167.586,122.99,123.007,112.047,127.349,155.169,160.944,79.065,65.672,108.713,96.683,116.575,125.524,118.731,122.99,123.007,179.921,116.575,148.97,166.209,146.66,163.452,36.462,122.99,123.007,179.843,152.788,140.32
trikonasana,poor,0,temp_VID_20260218_002919236.mp4,174.008,139.283,163.558,56.034,163.558,56.034,171.777,169.192,123.418,130.78,119.024,146.732,154.802,159.067,84.382,68.508,124.244,92.272,124.139,130.974,132.172,123.418,130.78,179.926,124.139,147.918,168.319,123.056,163.558,56.034,123.418,130.78,179.849,149.997,139.703
trikonasana,poor,0,temp_VID_20260218_002919236.mp4,172.734,133.081,163.696,54.211,163.696,54.211,173.023,166.059,124.186,121.892,118.143,141.529,155.533,158.383,87.213,68.437,121.933,90.813,129.079,126.141,129.177,124.186,121.892,179.918,129.079,145.362,167.152,140.083,163.696,54.211,124.186,121.892,179.843,150.279,136.376
trikonasana,poor,0,trikon_avg_01.mp4,149.656,148.873,26.729,65.447,26.729,65.447,17.689,123.952,122.182,94.625,176.461,173.883,170.842,170.851,109.861,91.218,56.551,107.119,125.742,109.549,176.248,122.182,94.625,179.878,125.742,108.468,18.833,133.013,26.729,65.447,122.182,94.625,179.813,123.119,92.003
trikonasana,poor,0,trikon_avg_01.mp4,103.796,161.701,31.116,98.113,31.116,98.113,152.611,167.932,159.134,94.191,148.487,79.427,111.719,127.249,77.375,41.491,120.816,103.521,134.57,127.209,107.053,159.134,94.191,179.909,134.57,169.959,127.029,137.921,31.116,98.113,159.134,94.191,179.849,164.419,142.971
trikonasana,poor,0,trikon_avg_01.mp4,102.254,163.308,56.533,118.257,56.533,118.257,166.669,170.033,145.307,109.843,147.11,91.044,151.53,138.609,43.009,43.618,117.464,117.363,142.503,137.497,118.174,145.307,109.843,179.921,142.503,176.393,145.923,162.448,56.533,118.257,145.307,109.843,179.867,155.46,162.423
trikonasana,poor,0,trikon_avg_01.mp4,110.796,137.026,75.083,113.515,75.083,113.515,166.944,177.478,139.622,140.056,146.86,122.645,118.397,131.823,77.537,44.665,101.876,114.94,149.716,147.451,135.387,139.622,140.056,179.907,149.716,166.066,154.843,169.168,75.083,113.515,139.622,140.056,179.859,149.257,176.007
trikonasana,poor,0,trikon_avg_01.mp4,98.423,171.196,54.339,125.248,54.339,125.248,160.982,170.888,120.942,121.875,140.161,99.901,106.559,122.186,92.637,56.123,105.913,119.023,142.324,126.41,118.091,120.942,121.875,179.905,142.324,150.288,143.853,141.407,54.339,125.248,120.942,121.875,179.864,131.882,169.211
trikonasana,poor,0,trikon_avg_01.mp4,94.981,173.37,43.739,132.71,43.739,132.71,156.941,172.373,110.908,118.722,138.198,95.574,106.734,134.368,79.04,51.455,109.12,122.762,144.21,117.526,114.324,110.908,118.722,179.895,144.21,143.189,133.743,137.055,43.739,132.71,110.908,118.722,179.881,126.044,162.148
trikonasana,poor,0,trikon_avg_01.mp4,81.751,171.593,36.72,133.176,36.72,133.176,165.525,171.364,105.834,107.166,139.109,75.597,117.503,151.508,59.823,42.749,122.544,122.254,139.304,108.974,102.165,105.834,107.166,179.907,139.304,134.611,148.355,159.013,36.72,133.176,105.834,107.166,179.897,117.818,153.727
trikonasana,poor,0,trikon_avg_01.mp4,77.318,171.068,35.513,130.13,35.513,130.13,159.578,168.244,88.901,103.868,119.814,62.184,137.177,141.334,39.228,43.618,133.952,105.771,125.913,98.218,83.287,88.901,103.868,179.914,125.913,122.484,148.131,156.314,35.513,130.13,88.901,103.868,179.912,104.386,144.673
trikonasana,poor,0,trikon_avg_01.mp4,85.899,171.771,31.981,146.491,31.981,146.491,163.864,170.703,85.608,100.853,110.647,63.797,143.701,147.212,31.266,42.691,132.674,101.122,134.908,92.578,80.215,85.608,100.853,179.905,134.908,124.21,142.508,145.352,31.981,146.491,85.608,100.853,179.912,111.454,141.695
trikonasana,poor,0,trikon_avg_01.mp4,88.088,160.406,35.873,144.49,35.873,144.49,159.253,166.961,84.589,105.604,108.727,67.509,148.996,146.644,30.923,42.425,130.824,102.365,128.214,96.293,82.161,84.589,105.604,179.909,128.214,117.493,143.703,142.696,35.873,144.49,84.589,105.604,179.907,104.417,135.954
trikonasana,poor,0,trikon_avg_01.mp4,81.963,154.36,40.929,148.883,40.929,148.883,156.466,160.616,85.015,102.647,122.147,68.172,126.601,159.066,48.06,41.576,134.894,107.202,125.351,95.367,87.579,85.015,102.647,179.926,125.351,112.987,145.583,138.351,40.929,148.883,85.015,102.647,179.918,98.025,133.961
trikonasana,poor,0,trikon_avg_01.mp4,82.88,159.589,42.928,147.437,42.928,147.437,157.995,150.533,78.649,105.296,102.564,67.868,117.521,158.654,48.578,37.159,131.528,98.007,129.459,92.759,79.288,78.649,105.296,179.901,129.459,113.307,151.491,130.742,42.928,147.437,78.649,105.296,179.912,100.739,133.534
trikonasana,poor,0,trikon_avg_01.mp4,76.672,139.383,49.541,146.285,49.541,146.285,159.701,129.689,78.459,112.337,112.398,67.325,114.716,157.822,48.497,37.543,130.891,106.381,114.627,97.389,84.219,78.459,112.337,179.909,114.627,106.32,163.177,124.605,49.541,146.285,78.459,112.337,179.909,92.167,128.058
trikonasana,poor,0,trikon_avg_01.mp4,79.34,165.134,41.913,149.888,41.913,149.888,158.811,150.709,78.134,104.058,107.815,66.557,122.488,146.309,51.576,44.001,133.056,100.318,123.076,92.031,80.982,78.134,104.058,179.912,123.076,111.242,158.988,124.325,41.913,149.888,78.134,104.058,179.905,98.538,131.76
trikonasana,poor,0,trikon_avg_01.mp4,81.974,178.686,32.197,152.035,32.197,152.035,159.482,160.663,79.776,102.888,106.396,66.801,127.433,151.871,46.895,41.918,131.933,101.123,124.86,92.186,80.644,79.776,102.888,179.905,124.86,113.449,150.697,121.923,32.197,152.035,79.776,102.888,179.909,101.329,132.198
trikonasana,poor,0,trikon_avg_01.mp4,81.921,160.851,41.15,139.583,41.15,139.583,159.012,155.064,82.35,111.127,109.928,67.019,126.294,148.67,47.979,38.198,130.589,103.858,115.115,99.807,82.234,82.35,111.127,179.907,115.115,108.405,153.984,125.053,41.15,139.583,82.35,111.127,179.909,92.766,129.405
trikonasana,poor,0,trikon_avg_01.mp4,79.845,163.072,35.74,141.844,35.74,141.844,160.684,153.803,84.431,109.88,113.689,68.045,128.704,149.675,48.853,38.566,129.563,105.271,121.845,98.895,84.349,84.431,109.88,179.903,121.845,113.395,154.303,124.911,35.74,141.844,84.431,109.88,179.907,100.516,131.478
trikonasana,poor,0,trikon_avg_01.mp4,79.053,159.39,37.987,143.915,37.987,143.915,161.538,153.676,83.404,107.641,111.42,68.082,129.429,148.419,52.348,42.435,129.866,102.088,123.107,98.184,82.994,83.404,107.641,179.909,123.107,113.194,151.996,124.504,37.987,143.915,83.404,107.641,179.909,97.212,133.366
trikonasana,poor,0,trikon_avg_01.mp4,80.011,155.161,30.046,151.123,30.046,151.123,155.037,158.505,86.085,100.745,116.109,69.382,130.639,147.438,47.929,41.822,129.042,106.734,133.284,95.09,86.267,86.085,100.745,179.923,133.284,119.011,151.858,129.102,30.046,151.123,86.085,100.745,179.909,104.617,136.743
trikonasana,poor,0,trikon_avg_01.mp4,76.636,156.673,31.896,150.364,31.896,150.364,157.123,153.656,87.773,102.888,119.716,70.876,130.284,148.786,46.36,39.427,128.004,110.153,131.633,97.489,89.036,87.773,102.888,179.921,131.633,117.733,153.548,128.661,31.896,150.364,87.773,102.888,179.909,103.108,136.015
trikonasana,poor,0,trikon_avg_01.mp4,76.641,158.669,32.102,149.739,32.102,149.739,158.181,156.251,86.461,103.65,117.956,69.999,130.564,148.831,45.508,38.107,128.026,109.164,129.86,97.649,87.805,86.461,103.65,179.929,129.86,116.352,152.396,129.517,32.102,149.739,86.461,103.65,179.912,101.166,134.747
trikonasana,poor,0,trikon_avg_01.mp4,79.259,155.432,29.105,146.705,29.105,146.705,159.586,156.047,86.297,105.025,118.821,69.821,133.371,148.846,44.199,37.642,128.732,108.957,128.827,97.831,87.944,86.297,105.025,179.918,128.827,115.496,148.661,129.893,29.105,146.705,86.297,105.025,179.909,101.193,133.719
trikonasana,poor,0,trikon_avg_01.mp4,78.847,154.841,30.473,148.164,30.473,148.164,159.3,153.838,84.932,103.696,117.319,70.258,130.359,148.405,47.506,39.259,129.132,106.45,129.464,96.452,87.579,84.932,103.696,179.921,129.464,115.827,150.449,130.415,30.473,148.164,84.932,103.696,179.905,100.549,134.536
trikonasana,poor,0,trikon_avg_01.mp4,80.437,156.757,31.307,150.427,31.307,150.427,157.335,158.364,83.046,101.792,117.222,71.846,126.682,146.258,52.886,40.877,129.004,103.623,131.85,94.611,88.533,83.046,101.792,179.929,131.85,115.745,150.112,130.524,31.307,150.427,83.046,101.792,179.914,98.865,134.866
trikonasana,poor,0,trikon_avg_01.mp4,79.936,157.807,32.185,150.064,32.185,150.064,158.626,158.64,80.407,100.617,112.546,73.12,127.002,146.725,55.33,43.537,129.764,98.605,132.364,92.519,87.127,80.407,100.617,179.923,132.364,115.011,149.902,129.909,32.185,150.064,80.407,100.617,179.914,98.394,133.865
trikonasana,poor,0,trikon_avg_02.mp4,80.27,84.572,21.45,29.289,21.45,29.289,135.219,144.285,42.546,66.682,104.197,105.645,90.376,171.683,94.783,69.874,98.765,71.424,171.707,52.569,103.194,42.546,66.682,179.895,171.707,85.271,108.672,88.267,21.45,29.289,42.546,66.682,179.878,71.108,102.009
trikonasana,poor,0,trikon_avg_02.mp4,86.57,72.554,30.437,14.347,30.437,14.347,135.949,150.782,63.37,81.388,117.547,108.419,116.207,138.976,102.605,75.653,88.042,105.149,164.927,72.18,111.097,63.37,81.388,179.903,164.927,107.176,101.13,102.897,30.437,14.347,63.37,81.388,179.808,92.397,120.604
trikonasana,poor,0,trikon_avg_02.mp4,80.913,64.832,31.531,8.971,31.531,8.971,139.966,152.307,65.546,74.295,90.353,77.32,137.258,159.274,70.607,34.656,89.371,118.908,162.71,70.715,80.915,65.546,74.295,179.909,162.71,134.337,103.596,103.958,31.531,8.971,65.546,74.295,179.838,116.906,145.566
trikonasana,poor,0,trikon_avg_02.mp4,101.533,72.937,27.938,12.076,27.938,12.076,113.287,155.511,73.724,88.651,81.939,70.901,153.162,161.142,37.589,31.155,90.767,127.45,149.524,81.318,70.972,73.724,88.651,179.926,149.524,156.88,64.774,134.365,27.938,12.076,73.724,88.651,179.839,133.934,164.134
trikonasana,poor,0,trikon_avg_02.mp4,85.393,83.456,43.409,26.849,43.409,26.849,143.955,164.697,88.595,122.652,78.66,76.5,122.41,150.884,69.079,31.355,87.813,136.464,125.931,108.495,72.118,88.595,122.652,179.909,125.931,153.995,86.683,125.506,43.409,26.849,88.595,122.652,179.851,130.061,152.742
trikonasana,poor,0,trikon_avg_02.mp4,71.659,96.893,56.935,44.196,56.935,44.196,169.096,171.445,108.819,145.577,85.675,90.777,156.418,148.513,43.489,36.026,94.039,138.477,108.4,136.849,81.503,108.819,145.577,179.923,108.4,138.461,95.386,130.666,56.935,44.196,108.819,145.577,179.878,125.807,130.164
trikonasana,poor,0,trikon_avg_02.mp4,118.822,125.268,87.763,86.43,87.763,86.43,170.663,167.947,113.747,140.659,122.322,145.619,138.625,143.118,58.555,54.581,122.821,121.597,155.64,139.372,132.764,113.747,140.659,179.909,155.64,171.034,165.662,147.871,87.763,86.43,113.747,140.659,179.862,145.835,157.888
trikonasana,poor,0,trikon_avg_02.mp4,137.546,153.365,102.7,116.343,102.7,116.343,167.419,168.797,113.074,122.426,122.621,133.846,141.954,142.503,60.468,48.451,123.456,119.864,161.127,126.806,125.084,113.074,122.426,179.912,161.127,165.055,170.884,153.219,102.7,116.343,113.074,122.426,179.859,146.7,149.439
trikonasana,poor,0,trikon_avg_02.mp4,136.956,157.549,98.237,118.545,98.237,118.545,162.172,166.456,123.848,122.938,133.59,134.18,134.3,138.645,64.726,52.02,123.402,117.834,160.173,134.045,131.58,123.848,122.938,179.912,160.173,167.314,174.378,154.512,98.237,118.545,123.848,122.938,179.859,149.05,149.491
trikonasana,poor,0,trikon_avg_02.mp4,133.775,153.553,99.369,118.23,99.369,118.23,166.826,168.08,113.096,114.996,121.23,121.269,150.43,152.293,49.524,35.018,122.359,122.626,158.031,122.967,117.402,113.096,114.996,179.912,158.031,167.692,175.705,153.036,99.369,118.23,113.096,114.996,179.857,146.768,150.732
trikonasana,poor,0,trikon_avg_02.mp4,133.597,163.338,104.311,128.82,104.311,128.82,167.837,174.349,106.369,107.144,129.188,115.457,120.366,126.254,95.637,67.108,119.519,124.384,150.541,114.968,114.849,106.369,107.144,179.914,150.541,154.139,177.464,137.601,104.311,128.82,106.369,107.144,179.855,129.436,141.573
trikonasana,poor,0,trikon_avg_02.mp4,138.602,167.724,107.291,128.388,107.291,128.388,165.624,164.094,110.761,106.246,139.732,106.689,124.546,120.729,87.345,67.598,120.518,126.344,150.135,116.433,115.44,110.761,106.246,179.901,150.135,152.439,162.669,142.419,107.291,128.388,110.761,106.246,179.853,126.64,148.038
trikonasana,poor,0,trikon_avg_02.mp4,120.307,178.108,85.917,152.407,85.917,152.407,161.445,168.688,113.005,97.564,153.971,107.087,75.448,122.055,143.548,65.696,122.261,130.242,164.184,110.623,124.297,113.005,97.564,179.907,164.184,143.293,160.772,141.456,85.917,152.407,113.005,97.564,179.862,124.649,143.032
trikonasana,poor,0,trikon_avg_02.mp4,99.35,171.827,68.982,164.397,68.982,164.397,160.637,165.393,117.096,110.696,159.664,118.709,88.543,134.843,115.838,51.212,112.835,135.126,164.149,120.748,135.15,117.096,110.696,179.926,164.149,145.926,150.072,151.156,68.982,164.397,117.096,110.696,179.892,125.545,150.485
trikonasana,poor,0,trikon_avg_02.mp4,92.998,170.425,52.959,167.933,52.959,167.933,166.385,162.154,107.508,122.522,140.139,114.286,124.925,148.675,77.688,36.392,108.486,128.742,156.836,122.592,122.661,107.508,122.522,179.931,156.836,153.104,134.098,146.788,52.959,167.933,107.508,122.522,179.899,125.899,169.13
trikonasana,poor,0,trikon_avg_02.mp4,91.926,128.303,37.844,145.713,37.844,145.713,164.35,127.761,96.589,138.329,125.533,110.156,139.026,155.635,53.646,32.792,104.862,123.341,141.958,122.984,113.634,96.589,138.329,179.923,141.958,144.323,131.411,152.311,37.844,145.713,96.589,138.329,179.903,118.046,167.144
trikonasana,poor,0,trikon_avg_02.mp4,82.127,163.412,27.512,150.482,27.512,150.482,161.75,167.887,79.01,120.917,104.523,92.604,131.014,159.362,59.77,31.898,115.255,106.133,146.347,100.383,90.961,79.01,120.917,179.909,146.347,144.383,135.462,142.457,27.512,150.482,79.01,120.917,179.903,117.597,167.161
trikonasana,poor,0,trikon_avg_02.mp4,96.075,173.732,36.837,156.947,36.837,156.947,161.843,167.674,75.429,120.765,103.308,92.453,138.811,155.45,54.541,30.454,112.832,108.672,145.207,97.441,90.384,75.429,120.765,179.897,145.207,142.777,121.374,134.624,36.837,156.947,75.429,120.765,179.897,116.06,163.264
trikonasana,poor,0,trikon_avg_02.mp4,99.602,169.495,39.426,153.046,39.426,153.046,163.1,176.164,76.511,110.837,102.611,77.717,149.463,153.21,44.94,28.555,120.691,112.729,141.975,93.538,82.758,76.511,110.837,179.897,141.975,139.359,118.76,130.844,39.426,153.046,76.511,110.837,179.899,117.134,159.813
trikonasana,poor,0,trikon_avg_02.mp4,97.243,169.217,34.642,150.124,34.642,150.124,163.965,175.864,77.412,117.881,105.049,79.648,149.249,152.783,43.598,27.948,119.601,115.01,136.229,97.787,85.2,77.412,117.881,179.892,136.229,134.424,122.719,126.032,34.642,150.124,77.412,117.881,179.892,112.796,154.278
trikonasana,poor,0,trikon_avg_02.mp4,91.464,168.277,29.583,148.691,29.583,148.691,162.396,170.943,73.706,112.249,102.987,67.12,153.94,149.915,40.607,30.11,126.687,111.233,129.772,94.105,76.391,73.706,112.249,179.903,129.772,128.14,129.949,126.795,29.583,148.691,73.706,112.249,179.895,105.378,148.509
trikonasana,poor,0,trikon_avg_02.mp4,98.865,166.233,32.533,144.74,32.533,144.74,163.68,171.823,72.996,111.821,102.368,67.04,152.533,153.912,42.293,25.608,128.13,109.67,128.492,93.731,76.085,72.996,111.821,179.909,128.492,125.777,124.041,128.994,32.533,144.74,72.996,111.821,179.903,102.861,149.769
trikonasana,poor,0,trikon_avg_02.mp4,92.616,169.679,30.244,146.078,30.244,146.078,165.611,173.713,72.504,106.873,102.366,62.585,151.763,155.018,42.904,24.865,132.718,107.197,127.15,92.34,73.023,72.504,106.873,179.918,127.15,123.49,125.175,132.501,30.244,146.078,72.504,106.873,179.909,99.307,151.284
trikonasana,poor,0,trikon_avg_02.mp4,93.567,173.096,31.668,149.377,31.668,149.377,165.184,173.463,72.448,106.256,104.048,65.35,150.227,153.73,44.127,26.961,131.858,107.757,129.931,90.556,75.411,72.448,106.256,179.912,129.931,125.01,127.64,129.604,31.668,149.377,72.448,106.256,179.905,102.426,153.045
trikonasana,poor,0,trikon_avg_02.mp4,100.297,166.289,35.282,140.728,35.282,140.728,165.953,172.829,71.813,117.417,104.69,69.474,148.799,153.752,41.506,26.236,128.995,108.485,122.652,95.747,78.44,71.813,117.417,179.901,122.652,119.788,123.853,125.775,35.282,140.728,71.813,117.417,179.909,97.667,145.579
trikonasana,poor,0,trikon_avg_02.mp4,93.455,167.768,31.945,141.002,31.945,141.002,166.483,171.781,68.856,119.153,98.424,71.314,143.279,156.878,41.723,24.462,127.055,103.429,122.088,94.929,76.495,68.856,119.153,179.903,122.088,118.466,127.215,125.819,31.945,141.002,68.856,119.153,179.903,94.54,144.28
trikonasana,poor,0,trikon_avg_02.mp4,89.887,169.12,31.537,141.71,31.537,141.71,165.044,172.508,68.171,118.077,99.278,71.53,132.253,154.419,46.468,26.66,127.145,102.557,123.316,93.838,76.59,68.171,118.077,179.905,123.316,118.743,133.125,126.52,31.537,141.71,68.171,118.077,179.901,93.443,145.528
trikonasana,poor,0,trikon_avg_02.mp4,94.057,167.527,33.144,138.92,33.144,138.92,165.425,170.975,67.79,120.342,100.257,72.049,125.008,151.042,50.017,29.365,127.467,102.447,121.841,94.414,76.998,67.79,120.342,179.893,121.841,117.036,130.566,121.56,33.144,138.92,67.79,120.342,179.903,91.625,144.603
trikonasana,poor,0,trikon_avg_02.mp4,93.281,164.947,32.568,139.266,32.568,139.266,164.422,169.868,67.563,113.804,101.656,68.907,122.216,147.833,52.418,31.141,129.95,103.092,125.039,91.273,75.436,67.563,113.804,179.893,125.039,118.194,129.692,122.132,32.568,139.266,67.563,113.804,179.905,92.468,149.192
trikonasana,poor,0,trikon_avg_02.mp4,109.458,166.063,41.323,140.313,41.323,140.313,160.315,170.728,67.44,112.621,104.17,69.283,120.317,145.946,52.178,32.216,129.51,105.553,128.213,89.565,76.752,67.44,112.621,179.881,128.213,119.181,121.864,116.788,41.323,140.313,67.44,112.621,179.893,94.203,150.014
trikonasana,poor,0,trikon_avg_02.mp4,109.211,171.23,44.928,143.514,44.928,143.514,160.131,167.837,65.872,112.796,103.347,71.07,120.174,145.545,50.419,32.932,127.335,107.191,132.571,87.254,77.397,65.872,112.796,179.864,132.571,121.364,125.082,104.091,44.928,143.514,65.872,112.796,179.893,97.379,150.683
trikonasana,poor,0,trikon_avg_02.mp4,102.371,169.373,39.113,145.414,39.113,145.414,160.386,167.185,65.715,112.538,105.513,74.034,120.365,139.891,54.002,39.68,125.908,108.806,132.355,87.333,79.965,65.715,112.538,179.866,132.355,120.452,125.848,104.362,39.113,145.414,65.715,112.538,179.892,95.115,151.988
trikonasana,poor,0,trikon_avg_02.mp4,101.207,169.396,37.068,146.137,37.068,146.137,159.853,169.58,65.797,114.129,105.291,77.452,121.543,141.312,51.817,35.793,123.868,108.762,131.802,88.415,81.903,65.797,114.129,179.867,131.802,120.447,125.793,105.443,37.068,146.137,65.797,114.129,179.886,94.557,152.142
trikonasana,poor,0,trikon_avg_02.mp4,99.276,170.479,35.566,147.261,35.566,147.261,158.439,170.877,63.596,113.925,101.649,78.71,122.608,142.591,50.327,33.319,122.665,106.583,132.892,86.809,80.876,63.596,113.925,179.863,132.892,120.786,125.22,101.862,35.566,147.261,63.596,113.925,179.885,94.922,152.391
trikonasana,poor,0,trikon_avg_03.mp4,60.612,76.319,22.075,39.629,22.075,39.629,156.204,166.95,54.659,74.165,68.458,77.359,131.673,143.914,40.152,32.65,98.98,95.265,166.937,63.76,71.276,54.659,74.165,179.903,166.937,142.33,73.574,133.525,22.075,39.629,54.659,74.165,179.876,134.553,147.754
trikonasana,poor,0,trikon_avg_03.mp4,62.057,98.341,24.847,50.159,24.847,50.159,159.578,158.581,80.572,89.683,91.5,87.396,127.693,150.445,48.31,27.909,94.271,117.205,166.213,85.675,87.795,80.572,89.683,179.895,166.213,154.415,92.797,140.183,24.847,50.159,80.572,89.683,179.836,142.062,161.723
trikonasana,poor,0,trikon_avg_03.mp4,89.643,139.019,40.199,87.084,40.199,87.084,160.873,168.994,119.589,131.764,127.599,90.678,110.967,149.051,68.563,38.642,95.012,122.382,132.282,132.756,108.213,119.589,131.764,179.899,132.282,151.307,106.238,148.816,40.199,87.084,119.589,131.764,179.834,134.592,158.86
trikonasana,poor,0,trikon_avg_03.mp4,87.5,161.468,37.178,110.834,37.178,110.834,163.678,165.531,125.009,114.458,146.91,91.158,99.027,133.013,83.349,53.774,99.575,121.818,143.547,127.482,118.008,125.009,114.458,179.893,143.547,154.651,115.612,157.319,37.178,110.834,125.009,114.458,179.837,134.558,176.255
trikonasana,poor,0,trikon_avg_03.mp4,104.828,175.599,42.953,129.919,42.953,129.919,158.924,175.46,113.335,118.822,147.122,100.142,99.138,136.93,93.956,53.144,99.482,123.906,145.626,120.386,120.839,113.335,118.822,179.886,145.626,147.578,112.786,133.266,42.953,129.919,113.335,118.822,179.836,125.061,169.677
trikonasana,poor,0,trikon_avg_03.mp4,100.227,175.694,37.098,144.255,37.098,144.255,156.424,173.41,108.928,71.298,138.026,53.422,114.35,151.656,73.98,45.154,105.884,125.192,152.451,81.915,79.536,108.928,71.298,179.885,152.451,138.114,105.068,119.895,37.098,144.255,108.928,71.298,179.842,126.79,143.373
trikonasana,poor,0,trikon_avg_03.mp4,85.803,172.979,24.858,140.036,24.858,140.036,156.215,150.777,109.925,80.52,132.045,55.965,130.969,154.713,57.28,37.883,119.754,128.203,151.196,89.36,82.007,109.925,80.52,179.86,151.196,142.397,119.668,138.527,24.858,140.036,109.925,80.52,179.864,131.813,155.695
trikonasana,poor,0,trikon_avg_03.mp4,84.674,175.282,26.419,150.208,26.419,150.208,158.835,168.486,91.603,62.662,108.955,38.93,138.915,154.715,47.314,38.49,130.227,113.77,152.905,64.931,54.476,91.603,62.662,179.866,152.905,133.166,133.831,145.423,26.419,150.208,91.603,62.662,179.873,129.536,128.539
trikonasana,poor,0,trikon_avg_03.mp4,81.978,171.411,24.807,161.436,24.807,161.436,158.784,165.593,76.548,56.234,96.821,36.07,145.454,156.462,55.465,37.667,137.379,97.665,155.132,56.126,48.759,76.548,56.234,179.893,155.132,120.347,140.378,150.765,24.807,161.436,76.548,56.234,179.883,122.717,108.722
trikonasana,poor,0,trikon_avg_03.mp4,75.264,172.043,24.186,177.728,24.186,177.728,154.691,165.61,64.787,55.455,82.085,39.576,167.242,155.091,46.62,33.886,136.303,88.933,160.335,53.607,50.383,64.787,55.455,179.893,160.335,132.259,148.726,145.691,24.186,177.728,64.787,55.455,179.878,128.42,133.578
trikonasana,poor,0,trikon_avg_03.mp4,81.329,166.234,21.144,172.182,21.144,172.182,151.747,167.168,65.762,54.104,81.555,29.103,160.503,160.741,48.008,30.571,146.298,83.787,153.035,51.839,38.633,65.762,54.104,179.921,153.035,119.265,147.186,146.102,21.144,172.182,65.762,54.104,179.897,123.483,101.746
trikonasana,poor,0,trikon_avg_03.mp4,78.941,164.818,23.139,164.524,23.139,164.524,156.952,158.547,82.73,74.029,102.657,50.724,165.189,153.756,43.222,38.067,139.86,102.67,148.56,74.055,65.897,82.73,74.029,179.918,148.56,133.693,145.069,139.708,23.139,164.524,82.73,74.029,179.893,124.275,146.169
trikonasana,poor,0,trikon_avg_03.mp4,85.537,167.056,27.064,161.389,27.064,161.389,152.0,155.703,80.733,105.177,101.225,85.817,153.228,151.796,37.347,39.025,115.944,100.785,149.276,92.535,90.298,80.733,105.177,179.907,149.276,135.023,143.514,131.802,27.064,161.389,80.733,105.177,179.892,122.399,150.524
trikonasana,poor,0,trikon_avg_03.mp4,77.22,158.175,23.451,160.34,23.451,160.34,151.767,154.607,74.692,93.272,94.377,72.938,138.944,156.118,40.0,39.083,125.022,94.233,149.157,83.425,79.481,74.692,93.272,179.907,149.157,132.501,150.21,131.745,23.451,160.34,74.692,93.272,179.893,119.897,148.703
trikonasana,poor,0,trikon_avg_03.mp4,83.963,161.527,25.265,149.073,25.265,149.073,156.354,156.64,75.652,105.921,92.7,71.231,138.694,154.796,41.784,38.17,125.103,94.361,131.677,91.547,77.895,75.652,105.921,179.893,131.677,122.677,138.278,124.895,25.265,149.073,75.652,105.921,179.892,108.226,140.604
trikonasana,poor,0,trikon_avg_03.mp4,78.934,166.654,22.607,154.521,22.607,154.521,156.52,157.716,68.291,100.244,84.229,68.507,141.196,158.103,36.475,34.703,125.595,88.174,138.678,84.221,72.298,68.291,100.244,179.893,138.678,127.647,142.056,122.984,22.607,154.521,68.291,100.244,179.892,113.789,143.762
trikonasana,poor,0,trikon_avg_03.mp4,79.868,162.106,23.494,158.217,23.494,158.217,155.957,168.251,67.802,97.446,85.359,71.533,141.37,157.482,37.393,35.827,123.429,89.139,143.826,82.428,74.551,67.802,97.446,179.903,143.826,130.174,143.447,126.288,23.494,158.217,67.802,97.446,179.892,115.746,146.58
trikonasana,poor,0,trikon_avg_03.mp4,79.466,159.145,23.831,158.685,23.831,158.685,156.398,153.61,68.005,96.46,88.405,72.859,135.053,157.293,44.329,35.817,123.29,89.695,143.271,81.83,76.528,68.005,96.46,179.899,143.271,128.876,143.356,126.611,23.831,158.685,68.005,96.46,179.893,113.121,146.433
trikonasana,poor,0,trikon_avg_03.mp4,77.15,161.824,24.333,158.809,24.333,158.809,157.636,153.341,69.433,99.461,88.691,75.843,130.271,155.436,43.419,37.469,121.146,89.753,142.701,83.904,78.291,69.433,99.461,179.892,142.701,129.069,145.345,122.568,24.333,158.809,69.433,99.461,179.89,114.602,145.597
trikonasana,poor,0,trikon_avg_03.mp4,74.918,167.486,25.19,160.909,25.19,160.909,158.809,156.647,67.548,91.46,86.457,71.812,131.54,154.319,41.53,37.569,123.683,87.515,148.387,78.928,74.957,67.548,91.46,179.901,148.387,131.856,145.804,125.891,25.19,160.909,67.548,91.46,179.892,117.33,148.308
trikonasana,poor,0,trikon_avg_03.mp4,73.151,165.363,22.967,161.843,22.967,161.843,157.218,154.727,66.269,86.906,85.438,70.852,133.249,151.439,42.337,37.832,124.641,85.866,152.011,75.854,73.853,66.269,86.906,179.903,152.011,134.202,147.529,127.257,22.967,161.843,66.269,86.906,179.89,119.704,150.367
trikonasana,poor,0,trikon_avg_03.mp4,78.546,159.205,25.975,159.614,25.975,159.614,159.18,154.226,66.28,92.22,86.879,74.209,129.865,149.549,41.885,37.954,121.125,86.743,147.831,78.946,76.37,66.28,92.22,179.907,147.831,130.74,142.521,129.201,25.975,159.614,66.28,92.22,179.893,114.672,148.545
trikonasana,poor,0,trikon_avg_03.mp4,77.94,161.155,23.48,156.68,23.48,156.68,158.508,157.928,67.505,95.839,86.779,76.23,136.853,148.219,38.563,37.695,119.662,87.07,144.077,81.699,77.495,67.505,95.839,179.909,144.077,128.631,144.634,131.577,23.48,156.68,67.505,95.839,179.886,112.58,146.605
trikonasana,poor,0,trikon_avg_03.mp4,78.738,164.532,24.579,156.505,24.579,156.505,158.708,159.279,68.629,97.121,88.223,76.074,138.917,149.951,36.546,34.977,118.009,90.068,143.451,82.874,78.322,68.629,97.121,179.907,143.451,129.547,144.115,131.008,24.579,156.505,68.629,97.121,179.892,114.273,146.216
trikonasana,poor,0,trikon_avg_03.mp4,77.51,166.644,24.207,155.87,24.207,155.87,157.922,159.574,72.209,97.387,92.648,75.392,142.792,149.564,34.63,34.669,117.839,95.347,141.668,85.016,80.29,72.209,97.387,179.912,141.668,129.217,145.989,130.952,24.207,155.87,72.209,97.387,179.892,115.115,145.361
trikonasana,poor,0,trikon_avg_04.mp4,93.48,80.049,14.453,31.715,14.453,31.715,119.124,154.875,53.274,76.949,88.931,95.489,121.528,133.011,77.963,48.646,95.808,102.115,168.753,64.155,88.539,53.274,76.949,179.909,168.753,118.052,73.947,116.091,14.453,31.715,53.274,76.949,179.847,99.792,131.638
trikonasana,poor,0,trikon_avg_04.mp4,85.275,85.106,14.658,36.994,14.658,36.994,122.074,153.364,69.825,89.441,95.761,105.084,145.244,143.205,43.974,38.635,99.222,113.303,175.313,80.253,98.172,69.825,89.441,179.923,175.313,136.062,74.493,130.22,14.658,36.994,69.825,89.441,179.829,123.874,141.058
trikonasana,poor,0,trikon_avg_04.mp4,80.556,124.419,42.387,86.245,42.387,86.245,155.04,167.444,82.019,100.561,103.333,95.816,141.271,142.101,39.713,36.981,98.957,117.633,165.006,92.434,97.073,82.019,100.561,179.921,165.006,148.914,92.585,140.123,42.387,86.245,82.019,100.561,179.82,129.617,160.937
trikonasana,poor,0,trikon_avg_04.mp4,121.889,150.268,92.277,109.781,92.277,109.781,168.979,164.476,92.029,129.284,118.327,118.053,108.473,77.995,77.02,109.027,99.761,118.246,153.403,113.336,115.635,92.029,129.284,179.907,153.403,149.385,153.638,148.421,92.277,109.781,92.029,129.284,179.825,122.756,170.565
trikonasana,poor,0,trikon_avg_04.mp4,96.891,174.626,59.958,150.077,59.958,150.077,162.179,167.705,118.572,109.059,156.76,104.692,70.011,115.835,124.751,69.972,101.223,121.361,161.545,118.913,128.552,118.572,109.059,179.907,161.545,147.322,141.013,129.316,59.958,150.077,118.572,109.059,179.845,127.968,160.547
trikonasana,poor,0,trikon_avg_04.mp4,122.176,176.004,40.905,140.501,40.905,140.501,120.499,142.01,107.595,91.736,133.416,84.099,122.495,141.213,58.785,44.603,112.757,123.425,163.128,100.416,105.466,107.595,91.736,179.893,163.128,144.613,142.12,153.938,40.905,140.501,107.595,91.736,179.875,131.491,156.251
trikonasana,poor,0,trikon_avg_04.mp4,94.266,168.438,37.369,159.923,37.369,159.923,151.104,158.339,90.954,72.733,120.552,67.416,111.891,149.83,77.241,39.448,126.807,109.482,166.706,77.719,86.317,90.954,72.733,179.89,166.706,133.691,136.673,144.951,37.369,159.923,90.954,72.733,179.893,123.87,142.483
trikonasana,poor,0,trikon_avg_04.mp4,87.499,173.904,25.859,172.086,25.859,172.086,149.389,158.922,81.975,79.118,110.51,71.754,124.456,147.838,64.129,40.373,124.054,104.311,162.97,78.454,85.163,81.975,79.118,179.905,162.97,131.454,146.011,136.68,25.859,172.086,81.975,79.118,179.893,119.729,142.786
trikonasana,poor,0,trikon_avg_04.mp4,86.98,171.93,33.242,176.226,33.242,176.226,155.449,167.381,61.267,76.623,88.525,68.722,133.464,144.021,58.503,44.784,124.793,88.495,161.416,67.513,73.628,61.267,76.623,179.901,161.416,124.999,149.398,134.998,33.242,176.226,61.267,76.623,179.893,112.012,138.737
trikonasana,poor,0,trikon_avg_04.mp4,91.457,169.362,34.98,165.108,34.98,165.108,155.745,160.966,61.929,74.325,89.36,58.633,139.022,144.502,56.373,45.97,130.173,89.757,151.363,66.519,66.58,61.929,74.325,179.903,151.363,116.8,145.726,136.481,34.98,165.108,61.929,74.325,179.892,107.062,128.327
trikonasana,poor,0,trikon_avg_04.mp4,111.43,167.918,49.914,159.068,49.914,159.068,155.696,169.565,63.594,87.992,93.881,68.359,133.62,135.764,57.185,47.584,126.52,93.554,146.346,74.556,74.687,63.594,87.992,179.87,146.346,115.326,136.803,126.036,49.914,159.068,63.594,87.992,179.888,104.052,131.248
trikonasana,poor,0,trikon_avg_04.mp4,101.873,170.977,40.83,155.982,40.83,155.982,163.589,169.324,64.123,93.927,97.562,75.645,120.826,132.027,64.69,55.064,127.518,88.036,136.402,79.994,80.545,64.123,93.927,179.897,136.402,108.191,126.829,129.743,40.83,155.982,64.123,93.927,179.895,90.429,129.061
trikonasana,poor,0,trikon_avg_04.mp4,109.84,170.547,45.888,151.138,45.888,151.138,160.472,162.11,64.868,99.156,95.783,73.124,123.947,134.669,57.707,47.341,127.447,88.613,134.608,82.985,78.473,64.868,99.156,179.881,134.608,110.681,122.555,122.213,45.888,151.138,64.868,99.156,179.895,91.608,133.608
trikonasana,poor,0,trikon_avg_04.mp4,105.588,167.291,42.028,152.22,42.028,152.22,160.418,161.711,64.286,95.207,93.938,70.104,122.199,137.73,57.152,43.693,128.777,86.248,135.689,80.53,75.981,64.286,95.207,179.89,135.689,111.997,124.7,127.303,42.028,152.22,64.286,95.207,179.895,93.234,134.077
trikonasana,poor,0,trikon_avg_04.mp4,97.512,164.399,36.776,152.777,36.776,152.777,157.422,165.545,59.252,90.122,86.17,65.211,129.771,137.968,46.679,44.045,131.155,80.019,141.732,74.854,69.846,59.252,90.122,179.888,141.732,114.625,129.442,124.455,36.776,152.777,59.252,90.122,179.903,97.203,135.746
trikonasana,poor,0,trikon_avg_04.mp4,89.083,163.63,28.935,152.934,28.935,152.934,158.755,163.311,60.322,90.28,81.436,64.002,135.401,145.956,40.971,33.541,131.673,78.921,140.325,75.928,67.141,60.322,90.28,179.905,140.325,118.316,131.27,126.041,28.935,152.934,60.322,90.28,179.909,102.272,138.091
trikonasana,poor,0,trikon_avg_04.mp4,87.683,158.097,26.573,150.267,26.573,150.267,160.766,158.102,63.628,93.936,85.526,63.56,136.895,149.957,43.476,31.19,133.435,79.805,137.148,80.128,68.592,63.628,93.936,179.921,137.148,116.604,132.926,130.769,26.573,150.267,63.628,93.936,179.916,98.934,137.644
trikonasana,poor,0,trikon_avg_04.mp4,90.108,163.922,27.25,146.681,27.25,146.681,162.069,160.795,66.583,100.483,88.266,65.286,142.983,149.39,43.207,33.253,131.529,84.085,133.335,84.709,70.683,66.583,100.483,179.905,133.335,114.993,133.597,127.679,27.25,146.681,66.583,100.483,179.914,100.854,134.561
trikonasana,poor,0,trikon_avg_04.mp4,92.326,163.794,31.255,148.909,31.255,148.909,164.909,160.802,66.478,100.044,89.779,66.862,145.233,146.616,47.686,34.798,129.83,84.08,134.612,84.391,72.428,66.478,100.044,179.905,134.612,115.078,133.456,128.233,31.255,148.909,66.478,100.044,179.912,99.515,135.147
trikonasana,poor,0,trikon_avg_04.mp4,89.379,162.363,29.377,147.213,29.377,147.213,167.519,158.833,70.222,102.23,92.921,66.489,143.383,147.22,47.239,34.502,129.895,86.86,130.61,88.56,73.302,70.222,102.23,179.914,130.61,113.254,132.118,129.139,29.377,147.213,70.222,102.23,179.912,95.12,134.941
trikonasana,poor,0,trikon_avg_04.mp4,89.001,156.089,28.743,147.563,28.743,147.563,166.345,155.597,70.545,99.03,94.438,64.449,153.359,146.136,44.246,34.89,131.001,91.832,133.43,86.104,72.448,70.545,99.03,179.905,133.43,116.242,133.332,127.766,28.743,147.563,70.545,99.03,179.914,102.863,135.208
trikonasana,poor,0,trikon_avg_04.mp4,82.638,150.908,24.885,151.738,24.885,151.738,164.125,144.856,73.82,93.22,100.852,62.213,147.479,143.103,43.812,37.04,132.874,97.738,137.614,84.136,72.972,73.82,93.22,179.916,137.614,118.811,139.385,129.151,24.885,151.738,73.82,93.22,179.909,105.304,137.066
trikonasana,poor,0,trikon_avg_04.mp4,93.922,162.279,32.947,151.798,32.947,151.798,165.784,165.189,72.381,91.697,99.856,63.616,148.591,141.141,47.072,39.536,132.584,96.041,140.441,82.746,73.775,72.381,91.697,179.918,140.441,119.157,127.855,132.378,32.947,151.798,72.381,91.697,179.909,104.419,137.537
trikonasana,poor,0,trikon_avg_04.mp4,94.926,161.903,32.835,151.742,32.835,151.742,164.961,164.173,74.673,91.763,103.115,64.206,148.456,140.57,47.419,39.24,132.113,98.697,140.257,83.729,75.547,74.673,91.763,179.918,140.257,119.039,126.691,132.045,32.835,151.742,74.673,91.763,179.907,104.211,137.551
trikonasana,poor,0,trikon_avg_05.mp4,150.867,160.467,154.372,153.174,154.372,153.174,158.442,137.778,9.206,11.447,171.02,163.181,150.213,160.14,123.347,150.947,106.226,76.769,166.667,10.251,167.611,9.206,11.447,179.929,166.667,13.809,74.389,137.308,154.372,153.174,9.206,11.447,179.892,11.417,16.34
trikonasana,poor,0,trikon_avg_05.mp4,87.613,125.873,19.62,37.096,19.62,37.096,162.155,161.208,141.979,124.513,128.711,100.772,131.906,152.703,71.94,58.694,110.533,107.017,131.383,140.894,113.298,141.979,124.513,179.903,131.383,175.386,113.293,99.667,19.62,37.096,141.979,124.513,179.847,153.367,161.214
trikonasana,poor,0,trikon_avg_05.mp4,112.873,140.447,28.849,23.881,28.849,23.881,155.564,149.126,151.613,143.594,145.203,114.484,111.386,129.52,87.538,80.269,109.361,103.057,118.329,160.107,128.069,151.613,143.594,179.899,118.329,170.466,106.366,101.614,28.849,23.881,151.613,143.594,179.84,149.196,159.271
trikonasana,poor,0,trikon_avg_05.mp4,123.393,127.625,30.5,22.055,30.5,22.055,141.151,153.381,147.659,137.466,146.065,121.266,108.925,129.423,88.203,76.771,109.266,101.98,121.354,154.387,131.581,147.659,137.466,179.895,121.354,175.648,105.601,102.024,30.5,22.055,147.659,137.466,179.829,147.26,155.442
trikonasana,poor,0,trikon_avg_05.mp4,116.481,130.779,31.261,22.378,31.261,22.378,152.104,158.274,147.947,131.174,144.14,130.567,113.26,109.564,84.52,78.359,117.349,105.385,117.754,154.84,132.857,147.947,131.174,179.897,117.754,177.617,105.268,102.828,31.261,22.378,147.947,131.174,179.83,146.988,143.481
trikonasana,poor,0,trikon_avg_05.mp4,120.713,132.235,30.617,26.718,30.617,26.718,142.913,157.577,139.931,126.953,141.091,124.619,111.514,120.194,86.713,81.577,112.611,111.368,122.63,147.034,128.153,139.931,126.953,179.899,122.63,174.32,106.992,101.522,30.617,26.718,139.931,126.953,179.831,142.728,145.055
trikonasana,poor,0,trikon_avg_05.mp4,139.296,140.041,37.987,31.016,37.987,31.016,143.975,159.237,142.448,142.523,142.815,121.941,114.357,128.832,84.02,80.66,106.409,115.933,110.996,164.365,128.728,142.448,142.523,179.897,110.996,166.237,116.646,106.811,37.987,31.016,142.448,142.523,179.834,138.9,147.992
trikonasana,poor,0,trikon_avg_05.mp4,142.193,143.447,56.37,55.423,56.37,55.423,176.232,163.725,141.561,140.277,140.459,119.42,117.247,126.889,83.347,70.039,108.189,116.102,115.408,163.066,126.528,141.561,140.277,179.897,115.408,165.287,135.707,129.899,56.37,55.423,141.561,140.277,179.829,137.863,149.885
trikonasana,poor,0,trikon_avg_05.mp4,153.362,146.787,85.308,78.783,85.308,78.783,169.327,178.222,142.559,139.601,142.315,124.073,118.13,129.294,85.883,80.936,109.036,114.313,117.223,162.991,129.613,142.559,139.601,179.897,117.223,168.259,161.347,148.569,85.308,78.783,142.559,139.601,179.829,139.076,148.191
trikonasana,poor,0,trikon_avg_05.mp4,157.536,166.38,102.4,102.147,102.4,102.147,169.65,172.713,142.09,136.229,139.83,127.509,120.658,118.332,83.336,76.945,110.508,114.336,119.543,161.149,129.937,142.09,136.229,179.897,119.543,170.793,166.622,161.766,102.4,102.147,142.09,136.229,179.83,139.372,146.942
trikonasana,poor,0,trikon_avg_05.mp4,159.622,172.501,109.568,111.788,109.568,111.788,166.266,167.337,141.875,133.65,138.522,123.865,119.374,118.196,75.428,71.207,111.749,114.516,120.46,158.752,127.487,141.875,133.65,179.903,120.46,171.795,164.918,158.219,109.568,111.788,141.875,133.65,179.832,140.352,147.137
trikonasana,poor,0,trikon_avg_05.mp4,159.199,172.153,109.371,111.919,109.371,111.919,171.113,163.938,142.014,134.534,140.522,123.565,114.853,112.104,70.812,67.258,111.321,115.054,121.605,160.08,128.286,142.014,134.534,179.899,121.605,170.583,164.811,158.532,109.371,111.919,142.014,134.534,179.83,139.718,147.752
trikonasana,poor,0,trikon_avg_05.mp4,155.593,174.34,106.31,110.158,106.31,110.158,170.933,167.918,142.815,134.808,141.619,121.08,113.249,112.121,66.305,65.071,111.208,115.116,120.813,162.121,127.745,142.815,134.808,179.897,120.813,167.501,167.994,155.944,106.31,110.158,142.815,134.808,179.831,138.941,148.301
trikonasana,poor,0,trikon_avg_05.mp4,152.706,173.119,104.275,114.296,104.275,114.296,163.532,162.594,140.466,126.871,140.642,117.733,111.739,113.954,65.564,62.578,111.447,115.581,132.11,150.065,125.833,140.466,126.871,179.897,132.11,175.498,171.369,159.738,104.275,114.296,140.466,126.871,179.833,143.799,149.894
trikonasana,poor,0,trikon_avg_05.mp4,155.246,176.411,106.395,113.698,106.395,113.698,161.461,166.861,137.981,136.634,141.43,118.145,109.144,110.991,67.503,67.162,110.309,116.492,119.309,158.613,125.771,137.981,136.634,179.899,119.309,167.141,165.561,153.541,106.395,113.698,137.981,136.634,179.837,135.578,153.542
trikonasana,poor,0,trikon_avg_05.mp4,147.992,176.743,106.857,108.242,106.857,108.242,173.397,177.629,131.125,152.404,143.986,120.584,109.938,109.153,73.834,67.949,109.684,117.116,109.681,161.957,128.212,131.125,152.404,179.893,109.681,155.408,164.579,140.832,106.857,108.242,131.125,152.404,179.832,125.505,161.314
trikonasana,poor,0,trikon_avg_05.mp4,143.039,175.49,103.199,117.341,103.199,117.341,171.113,157.555,125.657,153.602,148.13,114.561,124.682,114.787,88.899,60.159,108.188,118.391,114.725,153.766,127.382,125.657,153.602,179.878,114.725,149.572,167.84,139.551,103.199,117.341,125.657,153.602,179.834,120.557,168.668
trikonasana,poor,0,trikon_avg_05.mp4,140.54,173.937,98.894,117.882,98.894,117.882,160.47,138.208,118.957,156.017,141.709,110.185,125.295,122.038,81.204,59.356,112.296,118.992,115.253,146.253,121.57,118.957,156.017,179.863,115.253,140.513,170.902,136.277,98.894,117.882,118.957,156.017,179.83,113.795,164.306
trikonasana,poor,0,trikon_avg_05.mp4,130.797,170.705,89.292,136.41,89.292,136.41,161.794,152.291,110.93,140.733,139.15,106.531,117.762,125.242,77.002,56.706,113.35,118.594,126.077,133.684,117.978,110.93,140.733,179.869,126.077,137.446,153.869,136.705,89.292,136.41,110.93,140.733,179.836,108.813,166.751
trikonasana,poor,0,trikon_avg_05.mp4,118.716,168.62,71.874,145.648,71.874,145.648,162.149,163.093,100.597,137.666,128.434,105.191,129.78,135.709,67.304,53.087,114.113,115.297,126.834,124.932,112.172,100.597,137.666,179.883,126.834,130.36,149.099,136.662,71.874,145.648,100.597,137.666,179.852,102.646,158.825
trikonasana,poor,0,trikon_avg_05.mp4,107.529,167.144,62.475,149.172,62.475,149.172,163.441,165.344,93.342,136.851,129.401,101.616,144.367,140.961,72.395,52.924,112.777,117.745,128.165,119.768,110.681,93.342,136.851,179.876,128.165,123.958,152.545,127.741,62.475,149.172,93.342,136.851,179.845,96.294,152.052
trikonasana,poor,0,trikon_avg_05.mp4,106.053,170.232,51.18,157.462,51.18,157.462,154.049,166.54,86.1,134.415,126.942,104.29,147.817,143.118,73.717,47.156,109.482,118.505,135.673,113.11,111.412,86.1,134.415,179.873,135.673,121.284,152.313,125.485,51.18,157.462,86.1,134.415,179.855,96.169,147.365
trikonasana,poor,0,trikon_avg_05.mp4,98.775,164.455,38.505,156.457,38.505,156.457,161.47,168.281,81.367,134.345,119.115,105.44,149.528,145.033,61.686,44.171,106.745,114.116,138.809,109.276,108.424,81.367,134.345,179.881,138.809,118.34,146.586,132.041,38.505,156.457,81.367,134.345,179.866,95.687,142.544
trikonasana,poor,0,trikon_avg_05.mp4,104.093,171.009,36.405,154.001,36.405,154.001,156.854,173.873,79.926,133.648,120.654,103.605,147.375,144.756,61.486,44.357,108.188,116.753,134.307,108.129,108.259,79.926,133.648,179.88,134.307,116.043,140.132,127.064,36.405,154.001,79.926,133.648,179.864,93.23,140.392
trikonasana,poor,0,trikon_avg_05.mp4,101.512,169.26,36.251,157.179,36.251,157.179,162.092,174.152,73.253,130.146,110.732,104.524,152.592,136.023,43.776,49.929,109.822,110.756,137.511,102.147,103.092,73.253,130.146,179.88,137.511,115.447,136.808,125.285,36.251,157.179,73.253,130.146,179.863,91.97,141.213
trikonasana,poor,0,trikon_avg_05.mp4,95.486,173.119,35.316,163.139,35.316,163.139,159.44,169.387,70.154,126.118,107.292,102.976,141.802,138.724,51.284,44.701,109.091,106.859,141.582,98.405,99.916,70.154,126.118,179.876,141.582,115.966,145.025,122.348,35.316,163.139,70.154,126.118,179.857,91.814,141.4
trikonasana,poor,0,trikon_avg_05.mp4,99.768,179.07,36.218,159.058,36.218,159.058,158.667,170.993,69.46,129.171,102.671,104.718,141.986,136.998,59.34,42.116,107.254,104.311,137.656,99.32,98.044,69.46,129.171,179.867,137.656,113.881,145.864,117.482,36.218,159.058,69.46,129.171,179.856,89.846,139.313
trikonasana,poor,0,trikon_avg_05.mp4,103.44,171.706,40.621,157.149,40.621,157.149,160.895,170.583,70.595,130.048,105.421,107.2,159.086,138.6,58.28,39.806,104.193,106.416,138.457,100.473,100.952,70.595,130.048,179.864,138.457,113.932,145.822,115.48,40.621,157.149,70.595,130.048,179.855,90.434,138.469
trikonasana,poor,0,trikon_avg_05.mp4,100.03,172.145,38.611,157.697,38.611,157.697,157.956,166.365,70.779,128.299,104.292,106.542,164.47,139.586,54.635,38.672,103.913,106.148,140.348,99.602,100.006,70.779,128.299,179.869,140.348,115.053,147.425,114.592,38.611,157.697,70.779,128.299,179.857,91.71,139.422
trikonasana,poor,0,trikon_avg_05.mp4,99.094,169.505,37.913,159.844,37.913,159.844,156.931,168.391,72.433,130.424,107.015,109.161,166.21,144.807,54.174,35.116,99.481,108.682,142.091,101.469,103.114,72.433,130.424,179.883,142.091,116.77,147.833,117.074,37.913,159.844,72.433,130.424,179.859,92.623,139.446
trikonasana,poor,0,trikon_avg_05.mp4,96.167,172.241,37.469,159.058,37.469,159.058,156.731,164.162,73.556,131.373,106.611,109.054,169.026,142.69,51.638,35.901,100.522,109.457,140.541,102.465,103.091,73.556,131.373,179.869,140.541,116.347,150.498,114.782,37.469,159.058,73.556,131.373,179.857,94.422,138.865
trikonasana,poor,0,trikon_avg_05.mp4,97.481,176.366,37.562,158.99,37.562,158.99,158.786,167.088,72.443,131.544,104.754,108.568,167.28,141.782,45.961,36.825,100.993,107.339,139.2,101.894,101.638,72.443,131.544,179.864,139.2,115.963,148.267,115.639,37.562,158.99,72.443,131.544,179.86,93.527,138.557
trikonasana,poor,0,trikon_avg_05.mp4,96.566,175.682,39.878,161.619,39.878,161.619,159.331,166.485,71.09,127.643,105.814,107.983,168.293,141.535,49.166,37.597,101.806,107.63,143.735,98.946,101.836,71.09,127.643,179.872,143.735,118.9,147.095,115.791,39.878,161.619,71.09,127.643,179.859,96.682,142.145
trikonasana,poor,0,trikon_avg_05.mp4,100.155,177.325,40.685,161.245,40.685,161.245,158.942,172.025,70.717,130.804,105.932,110.973,167.568,139.312,45.725,37.753,100.069,108.41,142.767,100.146,103.462,70.717,130.804,179.864,142.767,117.735,146.387,116.67,40.685,161.245,70.717,130.804,179.855,95.219,140.806
trikonasana,poor,0,trikon_avg_05.mp4,98.567,175.998,38.908,161.366,38.908,161.366,157.431,172.405,71.549,130.891,107.524,111.458,167.962,141.168,46.545,36.422,99.627,110.77,141.859,100.591,104.702,71.549,130.891,179.859,141.859,117.673,148.133,115.321,38.908,161.366,71.549,130.891,179.853,95.539,140.453
trikonasana,poor,0,trikon_avg_05.mp4,96.374,175.411,37.372,163.543,37.372,163.543,155.272,171.147,71.633,128.518,108.098,111.58,168.364,144.308,45.908,35.383,99.265,111.835,146.143,99.149,105.198,71.633,128.518,179.863,146.143,120.494,149.824,115.234,37.372,163.543,71.633,128.518,179.849,98.838,142.896
trikonasana,poor,0,trikon_avg_05.mp4,91.75,177.082,35.878,162.931,35.878,162.931,158.165,171.312,71.489,129.259,106.811,110.978,168.547,143.218,44.666,35.817,99.925,111.499,143.303,99.801,104.371,71.489,129.259,179.872,143.303,119.525,149.367,115.56,35.878,162.931,71.489,129.259,179.853,97.468,142.489
trikonasana,poor,0,trikon_avg_05.mp4,92.334,176.57,35.344,163.363,35.344,163.363,157.912,170.235,70.254,127.193,105.749,110.187,167.867,144.461,43.739,35.205,99.893,109.964,146.862,97.861,103.25,70.254,127.193,179.872,146.862,121.079,148.286,117.0,35.344,163.363,70.254,127.193,179.852,98.672,143.807
trikonasana,poor,0,trikon_poor_01.mp4,79.949,163.814,57.199,166.273,57.199,166.273,162.704,172.876,163.404,98.045,174.067,126.823,173.761,173.183,65.363,52.071,107.085,137.401,155.569,142.268,167.776,163.404,98.045,179.736,155.569,149.162,102.043,141.107,57.199,166.273,163.404,98.045,179.759,160.724,131.297
trikonasana,poor,0,trikon_poor_01.mp4,132.013,150.507,89.743,111.775,89.743,111.775,165.876,168.55,156.552,108.629,137.696,88.033,168.837,123.589,45.162,32.725,96.399,93.954,162.108,134.701,115.909,156.552,108.629,179.914,162.108,175.654,116.278,114.23,89.743,111.775,156.552,108.629,179.862,176.279,171.403
trikonasana,poor,0,trikon_poor_01.mp4,98.957,150.289,44.593,107.558,44.593,107.558,149.672,172.311,138.515,81.63,128.582,74.403,155.434,148.773,58.327,60.594,98.399,85.058,162.464,104.59,96.388,138.515,81.63,179.916,162.464,159.955,128.113,107.793,44.593,107.558,138.515,81.63,179.853,171.772,141.824
trikonasana,poor,0,trikon_poor_01.mp4,83.751,126.539,34.346,63.49,34.346,63.49,157.319,173.746,139.521,92.044,113.322,56.847,154.772,149.681,56.582,39.718,86.417,75.29,134.456,105.728,75.54,139.521,92.044,179.918,134.456,171.509,104.785,105.1,34.346,63.49,139.521,92.044,179.82,167.908,154.02
trikonasana,poor,0,trikon_poor_01.mp4,67.432,128.922,25.743,77.844,25.743,77.844,167.441,172.6,122.895,67.723,106.372,49.87,145.578,141.355,67.934,39.054,87.292,83.784,150.593,86.739,69.523,122.895,67.723,179.916,150.593,159.899,106.403,107.199,25.743,77.844,122.895,67.723,179.843,169.783,141.496
trikonasana,poor,0,trikon_poor_01.mp4,79.975,139.654,25.329,97.312,25.329,97.312,156.107,172.263,109.043,60.696,96.254,52.902,166.825,144.376,39.266,35.462,101.265,91.516,161.562,77.587,66.248,109.043,60.696,179.916,161.562,161.143,105.528,107.831,25.329,97.312,109.043,60.696,179.851,170.803,137.482
trikonasana,poor,0,trikon_poor_01.mp4,77.15,134.731,28.81,93.684,28.81,93.684,162.204,169.237,97.989,68.773,89.716,62.75,157.518,130.319,52.44,39.274,101.518,98.139,161.04,81.486,73.255,97.989,68.773,179.918,161.04,158.612,116.471,111.696,28.81,93.684,97.989,68.773,179.859,164.402,145.481
trikonasana,poor,0,trikon_poor_01.mp4,87.193,112.377,23.542,57.773,23.542,57.773,153.988,157.946,91.078,73.024,116.256,77.137,109.391,121.011,102.952,57.587,99.342,107.954,157.795,82.943,92.26,91.078,73.024,179.918,157.795,127.147,108.171,110.693,23.542,57.773,91.078,73.024,179.857,120.543,122.052
trikonasana,poor,0,trikon_poor_01.mp4,83.319,99.565,29.989,52.808,29.989,52.808,168.145,166.712,105.413,85.063,110.222,83.316,116.84,130.236,76.653,54.018,104.275,112.727,156.302,97.664,92.866,105.413,85.063,179.912,156.302,156.703,117.683,117.963,29.989,52.808,105.413,85.063,179.867,146.566,145.57
trikonasana,poor,0,trikon_poor_01.mp4,84.055,125.706,66.938,85.095,66.938,85.095,152.655,161.443,140.092,83.812,144.412,86.731,123.166,135.788,49.375,38.818,113.385,103.02,167.24,118.239,117.034,140.092,83.812,179.921,167.24,165.519,151.922,151.539,66.938,85.095,140.092,83.812,179.869,161.171,152.383
trikonasana,poor,0,trikon_poor_01.mp4,119.098,145.835,94.201,116.27,94.201,116.27,171.897,169.057,141.096,88.587,145.373,90.805,127.494,131.365,50.551,41.322,113.599,105.068,164.5,121.509,118.831,141.096,88.587,179.929,164.5,167.013,167.548,158.364,94.201,116.27,141.096,88.587,179.869,160.055,151.465
trikonasana,poor,0,trikon_poor_01.mp4,132.074,170.332,106.991,153.966,106.991,153.966,177.418,170.254,152.975,70.358,163.126,73.298,114.02,121.786,56.589,55.739,127.88,125.014,164.42,122.323,120.609,152.975,70.358,179.937,164.42,163.921,132.729,141.049,106.991,153.966,152.975,70.358,179.886,157.819,138.109
trikonasana,poor,0,trikon_poor_01.mp4,99.494,171.53,66.683,155.356,66.683,155.356,168.797,177.366,145.469,68.758,153.493,76.554,134.029,127.261,39.216,52.769,126.731,127.707,169.23,111.506,114.63,145.469,68.758,179.934,169.23,159.951,146.317,149.627,66.683,155.356,145.469,68.758,179.89,159.707,138.508
trikonasana,poor,0,trikon_poor_01.mp4,72.032,161.984,24.474,145.01,24.474,145.01,148.788,176.111,136.144,84.635,151.37,91.032,129.175,139.012,48.808,48.088,116.811,128.989,170.863,114.852,122.364,136.144,84.635,179.931,170.863,156.253,145.826,169.538,24.474,145.01,136.144,84.635,179.89,152.604,150.94
trikonasana,poor,0,trikon_poor_01.mp4,63.687,167.239,17.592,143.649,17.592,143.649,155.659,175.8,122.66,84.669,142.992,95.051,118.739,129.158,61.965,57.15,120.093,125.568,163.955,103.742,115.99,122.66,84.669,179.893,163.955,146.618,99.455,122.735,17.592,143.649,122.66,84.669,179.899,145.56,138.456
trikonasana,poor,0,trikon_poor_01.mp4,61.927,92.534,19.634,123.874,19.634,123.874,163.204,135.063,140.723,112.458,165.494,127.181,104.784,146.991,76.454,36.32,95.452,137.96,162.147,132.557,148.456,140.723,112.458,179.941,162.147,149.577,141.464,150.384,19.634,123.874,140.723,112.458,179.916,145.839,144.304
trikonasana,poor,0,trikon_poor_01.mp4,74.719,140.438,26.59,135.613,26.59,135.613,160.89,173.453,145.244,116.725,167.072,119.955,116.865,138.667,72.191,37.578,94.409,140.051,161.165,139.26,147.419,145.244,116.725,179.952,161.165,156.318,135.602,156.607,26.59,135.613,145.244,116.725,179.918,147.222,157.039
trikonasana,poor,0,trikon_poor_01.mp4,88.138,174.839,33.643,140.291,33.643,140.291,157.867,177.471,146.828,127.137,166.117,123.554,130.737,133.006,43.803,41.712,91.635,142.642,159.571,145.618,150.001,146.828,127.137,179.916,159.571,158.972,121.029,155.275,33.643,140.291,146.828,127.137,179.912,150.464,163.815
trikonasana,poor,0,trikon_poor_01.mp4,119.026,175.233,29.818,136.564,29.818,136.564,124.415,171.665,145.236,123.559,163.004,121.471,137.588,136.376,34.836,39.896,93.555,139.351,161.705,142.428,146.879,145.236,123.559,179.912,161.705,159.037,122.648,156.141,29.818,136.564,145.236,123.559,179.903,150.745,163.009
trikonasana,poor,0,trikon_poor_01.mp4,139.512,167.833,32.477,134.506,32.477,134.506,96.045,174.986,145.819,118.316,161.355,115.784,140.531,139.361,29.475,39.319,96.884,142.068,162.822,141.592,145.076,145.819,118.316,179.903,162.822,160.566,116.858,144.538,32.477,134.506,145.819,118.316,179.901,154.095,162.204
trikonasana,poor,0,trikon_poor_01.mp4,111.033,168.343,27.201,133.158,27.201,133.158,123.366,174.856,141.295,103.59,157.738,98.986,143.132,137.463,31.647,42.277,106.864,143.725,164.081,132.16,135.426,141.295,103.59,179.901,164.081,159.292,121.978,148.353,27.201,133.158,141.295,103.59,179.903,152.69,161.419
trikonasana,poor,0,trikon_poor_02.mp4,77.628,98.495,18.967,51.62,18.967,51.62,150.403,161.753,122.213,93.562,132.329,91.659,129.77,167.792,63.553,40.258,79.509,115.484,164.865,107.017,111.032,122.213,93.562,179.918,164.865,153.92,84.053,108.531,18.967,51.62,122.213,93.562,179.867,151.677,155.826
trikonasana,poor,0,trikon_poor_02.mp4,72.864,100.385,14.584,54.668,14.584,54.668,156.408,166.791,112.73,104.102,108.33,96.359,137.242,165.52,55.752,33.414,70.61,97.882,160.047,107.369,102.132,112.73,104.102,179.921,160.047,161.957,84.552,111.846,14.584,54.668,112.73,104.102,179.856,158.876,164.02
trikonasana,poor,0,trikon_poor_02.mp4,68.921,105.864,12.629,67.482,12.629,67.482,155.843,169.991,118.186,101.815,109.029,93.696,137.851,169.153,55.321,25.203,78.439,90.024,163.903,109.0,101.242,118.186,101.815,179.923,163.903,168.841,91.6,112.211,12.629,67.482,118.186,101.815,179.86,167.237,167.603
trikonasana,poor,0,trikon_poor_02.mp4,68.219,94.431,10.287,54.306,10.287,54.306,153.947,167.989,110.654,107.849,100.964,100.481,157.516,173.313,42.036,30.629,83.351,82.322,162.667,108.509,100.829,110.654,107.849,179.926,162.667,168.227,94.751,109.875,10.287,54.306,110.654,107.849,179.859,167.624,166.418
trikonasana,poor,0,trikon_poor_02.mp4,67.036,56.542,16.686,24.401,16.686,24.401,157.901,167.648,124.247,133.655,116.612,129.42,159.773,155.308,31.562,38.638,90.819,82.272,166.788,128.959,123.17,124.247,133.655,179.923,166.788,172.282,95.583,98.031,16.686,24.401,124.247,133.655,179.86,171.673,169.82
trikonasana,poor,0,trikon_poor_02.mp4,73.399,94.596,20.576,55.497,20.576,55.497,155.887,167.506,117.98,112.14,110.746,112.544,162.744,149.224,35.212,40.966,103.812,82.591,166.054,115.561,111.484,117.98,112.14,179.923,166.054,167.029,104.886,100.2,20.576,55.497,117.98,112.14,179.869,170.268,158.869
trikonasana,poor,0,trikon_poor_02.mp4,69.438,100.894,20.261,59.348,20.261,59.348,158.825,166.224,100.56,113.77,93.383,112.005,149.84,150.151,46.48,40.231,99.358,94.317,161.531,108.255,102.312,100.56,113.77,179.923,161.531,165.966,115.186,102.269,20.261,59.348,100.56,113.77,179.867,165.774,159.59
trikonasana,poor,0,trikon_poor_02.mp4,65.146,97.122,18.614,53.612,18.614,53.612,160.307,165.296,105.522,113.612,103.841,110.372,152.582,140.565,44.333,39.95,100.67,106.923,162.052,111.924,105.859,105.522,113.612,179.926,162.052,169.36,109.863,100.063,18.614,53.612,105.522,113.612,179.876,159.766,160.96
trikonasana,poor,0,trikon_poor_02.mp4,69.078,90.965,28.324,51.971,28.324,51.971,164.541,165.301,101.285,105.575,105.67,102.899,148.614,148.513,50.887,34.919,103.581,120.19,165.902,106.403,102.462,101.285,105.575,179.916,165.902,167.521,98.264,121.056,28.324,51.971,101.285,105.575,179.869,154.788,161.852
trikonasana,poor,0,trikon_poor_02.mp4,112.722,143.21,70.782,108.064,70.782,108.064,163.433,166.289,130.011,81.712,134.405,89.381,125.569,134.338,58.015,47.781,115.77,112.545,167.63,109.663,110.797,130.011,81.712,179.918,167.63,160.718,159.763,151.726,70.782,108.064,130.011,81.712,179.866,160.448,144.066
trikonasana,poor,0,trikon_poor_02.mp4,125.946,156.594,88.528,126.404,88.528,126.404,165.548,168.255,137.127,81.987,144.641,91.854,129.027,131.846,54.217,51.83,117.526,110.058,166.292,114.967,118.076,137.127,81.987,179.926,166.292,159.068,164.98,162.583,88.528,126.404,137.127,81.987,179.864,158.47,140.357
trikonasana,poor,0,trikon_poor_02.mp4,121.014,169.182,83.353,142.071,83.353,142.071,163.791,174.064,153.394,94.085,161.992,102.315,124.464,130.191,55.016,55.723,118.832,122.377,167.218,137.198,139.724,153.394,94.085,179.921,167.218,164.458,160.154,156.863,83.353,142.071,153.394,94.085,179.88,161.559,146.746
trikonasana,poor,0,trikon_poor_02.mp4,98.625,177.073,67.868,150.421,67.868,150.421,168.563,156.501,137.901,85.881,144.718,91.85,140.35,133.225,37.483,48.374,120.718,126.206,167.656,116.753,118.665,137.901,85.881,179.923,167.656,162.204,158.318,154.591,67.868,150.421,137.901,85.881,179.89,160.204,147.809
trikonasana,poor,0,trikon_poor_02.mp4,85.301,176.627,23.603,151.983,23.603,151.983,137.859,173.439,133.759,87.935,143.471,93.106,139.898,134.92,44.428,51.952,120.347,130.356,166.759,114.142,116.99,133.759,87.935,179.923,166.759,158.798,152.822,159.408,23.603,151.983,133.759,87.935,179.905,156.234,146.241
trikonasana,poor,0,trikon_poor_02.mp4,91.559,169.079,24.363,144.834,24.363,144.834,143.701,89.181,135.604,92.729,149.158,92.907,156.004,134.591,25.855,49.43,119.497,133.143,163.735,119.169,120.757,135.604,92.729,179.916,163.735,157.811,136.043,154.114,24.363,144.834,135.604,92.729,179.899,151.984,150.073
trikonasana,poor,0,trikon_poor_02.mp4,90.944,171.124,27.899,140.084,27.899,140.084,148.743,178.766,145.121,93.351,164.145,89.691,141.651,134.819,40.951,46.294,117.898,139.321,163.895,131.005,134.05,145.121,93.351,179.912,163.895,157.695,120.918,151.94,27.899,140.084,145.121,93.351,179.897,150.708,155.52
trikonasana,poor,0,trikon_poor_02.mp4,83.504,172.306,21.62,135.56,21.62,135.56,149.419,175.934,150.185,116.73,167.925,112.48,147.418,140.447,30.298,38.522,99.994,140.717,164.231,146.693,150.068,150.185,116.73,179.907,164.231,160.481,119.18,146.945,21.62,135.56,150.185,116.73,179.895,153.43,163.069
trikonasana,poor,0,trikon_poor_02.mp4,93.114,170.495,25.958,130.54,25.958,130.54,140.379,169.912,145.977,99.211,163.913,95.761,138.326,140.571,34.766,38.57,110.168,140.024,164.407,135.146,139.123,145.977,99.211,179.897,164.407,158.405,116.437,145.893,25.958,130.54,145.977,99.211,179.893,152.069,158.235
trikonasana,poor,0,trikon_poor_02.mp4,96.904,168.376,31.862,128.459,31.862,128.459,144.074,169.266,143.112,98.915,159.691,94.528,139.667,139.793,33.383,35.929,110.53,139.387,164.515,131.243,134.291,143.112,98.915,179.895,164.515,158.79,113.044,142.623,31.862,128.459,143.112,98.915,179.895,152.299,159.753
trikonasana,poor,0,trikon_poor_02.mp4,94.245,167.291,33.826,131.168,33.826,131.168,147.514,172.513,143.631,91.655,159.223,88.955,143.682,139.769,32.265,38.194,114.236,140.891,165.043,128.662,131.87,143.631,91.655,179.895,165.043,158.941,115.789,143.666,33.826,131.168,143.631,91.655,179.892,153.614,156.06
trikonasana,poor,0,trikon_poor_02.mp4,95.424,167.329,31.799,129.925,31.799,129.925,142.3,170.718,140.681,90.302,157.136,88.475,136.83,147.947,35.324,31.836,114.423,141.618,165.689,125.085,129.383,140.681,90.302,179.893,165.689,157.666,116.618,148.254,31.799,129.925,140.681,90.302,179.893,152.405,155.086
trikonasana,poor,0,trikon_poor_03.mp4,93.367,96.49,32.604,18.225,32.604,18.225,154.12,162.021,100.685,134.996,128.77,97.049,108.016,164.025,78.787,40.817,84.853,121.014,135.742,117.862,110.761,100.685,134.996,179.921,135.742,147.074,95.149,104.097,32.604,18.225,100.685,134.996,179.87,121.665,169.29
trikonasana,poor,0,trikon_poor_03.mp4,80.061,85.183,27.046,32.635,27.046,32.635,165.98,166.142,115.045,106.245,119.392,89.367,113.39,177.464,69.073,33.038,93.046,113.698,153.333,111.63,102.968,115.045,106.245,179.914,153.333,162.221,102.395,110.093,27.046,32.635,115.045,106.245,179.876,150.382,167.36
trikonasana,poor,0,trikon_poor_03.mp4,97.752,111.321,37.681,54.777,37.681,54.777,161.138,166.505,129.458,105.627,140.187,103.758,106.836,137.626,81.724,78.47,109.771,106.582,157.017,121.02,121.142,129.458,105.627,179.921,157.017,156.052,101.516,113.191,37.681,54.777,129.458,105.627,179.878,150.885,147.399
trikonasana,poor,0,trikon_poor_03.mp4,106.216,141.484,41.332,89.116,41.332,89.116,150.445,169.154,134.964,97.953,140.296,102.932,108.012,143.405,72.613,76.921,113.6,110.663,156.662,121.712,120.411,134.964,97.953,179.926,156.662,160.234,104.25,109.679,41.332,89.116,134.964,97.953,179.876,156.868,140.374
trikonasana,poor,0,trikon_poor_03.mp4,104.217,125.934,59.582,90.225,59.582,90.225,162.51,167.124,133.921,118.152,141.88,123.586,120.713,148.665,69.621,55.592,105.031,114.32,165.627,131.905,133.665,133.921,118.152,179.916,165.627,162.298,136.683,142.884,59.582,90.225,133.921,118.152,179.866,157.672,152.507
trikonasana,poor,0,trikon_poor_03.mp4,126.873,151.627,90.026,119.519,90.026,119.519,166.037,166.032,135.26,105.299,149.531,114.438,104.87,105.592,88.313,90.699,103.542,115.801,167.339,125.256,132.465,135.26,105.299,179.916,167.339,155.593,168.507,156.575,90.026,119.519,135.26,105.299,179.873,153.053,146.07
trikonasana,poor,0,trikon_poor_03.mp4,123.238,147.029,93.228,122.608,93.228,122.608,169.694,171.174,127.096,106.178,141.739,111.241,111.042,130.407,83.317,63.176,102.072,116.595,166.494,120.505,125.549,127.096,106.178,179.923,166.494,156.156,168.618,164.905,93.228,122.608,127.096,106.178,179.876,149.547,149.619
trikonasana,poor,0,trikon_poor_03.mp4,125.374,168.998,95.721,147.219,95.721,147.219,164.818,168.302,125.088,102.026,143.078,109.329,119.207,132.875,71.113,58.323,102.38,117.404,168.638,117.398,125.542,125.088,102.026,179.926,168.638,153.362,169.14,137.347,95.721,147.219,125.088,102.026,179.876,146.998,147.461
trikonasana,poor,0,trikon_poor_03.mp4,103.052,175.811,68.025,150.746,68.025,150.746,159.95,177.256,118.479,85.741,137.959,96.803,113.23,129.76,74.046,61.456,109.378,118.072,172.805,103.916,115.97,118.479,85.741,179.921,172.805,147.932,162.759,142.739,68.025,150.746,118.479,85.741,179.88,145.169,141.57
trikonasana,poor,0,trikon_poor_03.mp4,77.616,178.783,29.811,154.533,29.811,154.533,151.284,175.982,126.339,97.665,142.46,108.379,126.594,142.078,55.987,48.003,101.274,127.616,170.38,114.676,125.483,126.339,97.665,179.937,170.38,152.839,149.999,165.201,29.811,154.533,126.339,97.665,179.907,150.827,147.412
trikonasana,poor,0,trikon_poor_03.mp4,113.449,176.275,19.882,154.966,19.882,154.966,110.908,168.449,124.823,103.492,143.242,114.189,127.203,143.636,53.219,45.364,95.944,127.39,169.906,116.317,128.633,124.823,103.492,179.941,169.906,151.516,144.891,167.107,19.882,154.966,124.823,103.492,179.918,148.578,148.736
trikonasana,poor,0,trikon_poor_03.mp4,89.664,175.659,27.458,150.77,27.458,150.77,147.411,178.959,124.49,92.977,154.656,103.112,109.03,131.798,80.649,60.183,112.546,126.156,165.776,110.44,127.357,124.49,92.977,179.918,165.776,141.146,131.637,153.263,27.458,150.77,124.49,92.977,179.909,136.933,138.198
trikonasana,poor,0,trikon_poor_03.mp4,82.081,177.52,32.143,151.534,32.143,151.534,156.561,173.945,130.314,89.548,157.34,94.377,115.001,137.28,70.511,50.515,113.767,131.843,166.472,112.55,125.307,130.314,89.548,179.918,166.472,146.404,128.686,148.1,32.143,151.534,130.314,89.548,179.907,141.425,144.202
trikonasana,poor,0,trikon_poor_03.mp4,95.946,177.088,30.212,144.602,30.212,144.602,141.833,171.867,129.51,72.606,155.902,76.25,122.718,141.185,63.993,45.325,123.996,133.232,167.693,98.714,110.631,129.51,72.606,179.909,167.693,143.14,125.52,148.747,30.212,144.602,129.51,72.606,179.905,141.465,135.469
trikonasana,poor,0,trikon_poor_03.mp4,96.829,173.004,26.664,135.758,26.664,135.758,137.786,168.51,126.655,71.222,151.835,71.083,131.574,131.776,48.381,47.587,124.747,133.981,167.039,93.979,103.796,126.655,71.222,179.901,167.039,143.548,114.192,141.563,26.664,135.758,126.655,71.222,179.903,141.783,136.443
trikonasana,poor,0,trikon_poor_03.mp4,101.166,173.735,21.806,132.297,21.806,132.297,129.248,168.561,124.521,73.348,150.752,69.761,124.269,131.745,58.955,45.068,124.19,134.603,165.895,94.434,103.058,124.521,73.348,179.899,165.895,143.844,112.781,143.386,21.806,132.297,124.521,73.348,179.901,140.209,140.643
trikonasana,poor,0,trikon_poor_04.mp4,100.864,94.962,16.217,51.197,16.217,51.197,116.189,160.573,81.227,68.087,83.037,64.779,149.863,172.804,37.415,26.009,101.599,86.884,172.643,73.298,72.719,81.227,68.087,179.937,172.643,155.927,95.318,107.881,16.217,51.197,81.227,68.087,179.899,154.717,156.812
trikonasana,poor,0,trikon_poor_04.mp4,71.938,101.525,22.302,62.1,22.302,62.1,155.47,165.092,97.062,102.268,96.955,98.921,144.872,167.273,42.762,34.782,80.484,97.137,171.841,99.575,97.94,97.062,102.268,179.931,171.841,162.096,102.437,109.317,22.302,62.1,97.062,102.268,179.892,159.21,164.361
trikonasana,poor,0,trikon_poor_04.mp4,122.371,129.357,33.662,55.965,33.662,55.965,135.587,152.204,133.315,116.093,133.055,109.215,103.729,130.408,57.02,80.977,86.365,105.556,160.551,125.837,121.009,133.315,116.093,179.934,160.551,161.338,104.643,111.679,33.662,55.965,133.315,116.093,179.886,159.844,156.527
trikonasana,poor,0,trikon_poor_04.mp4,114.67,111.902,33.543,54.059,33.543,54.059,136.933,151.476,140.431,102.464,140.531,105.895,105.171,128.629,57.393,74.56,96.804,98.791,163.255,122.736,122.447,140.431,102.464,179.937,163.255,156.999,105.548,119.914,33.543,54.059,140.431,102.464,179.893,162.309,142.064
trikonasana,poor,0,trikon_poor_04.mp4,124.833,115.549,32.535,56.51,32.535,56.51,130.115,156.672,144.172,113.631,142.02,112.821,107.676,110.826,58.837,119.184,100.909,100.434,158.12,133.527,127.26,144.172,113.631,179.931,158.12,165.248,105.92,117.5,32.535,56.51,144.172,113.631,179.883,161.884,148.73
trikonasana,poor,0,trikon_poor_04.mp4,99.24,114.034,29.441,62.358,29.441,62.358,143.03,157.397,144.839,100.962,138.256,96.675,121.168,166.639,48.921,42.419,104.678,104.923,164.471,127.964,118.265,144.839,100.962,179.934,164.471,170.884,113.009,110.411,29.441,62.358,144.839,100.962,179.885,167.285,152.658
trikonasana,poor,0,trikon_poor_04.mp4,67.833,88.391,29.272,52.477,29.272,52.477,164.164,163.922,152.503,98.248,148.519,96.135,134.833,171.241,35.98,29.189,101.491,109.786,169.087,132.825,127.509,152.503,98.248,179.934,169.087,173.219,118.086,104.776,29.272,52.477,152.503,98.248,179.895,170.987,162.132
trikonasana,poor,0,trikon_poor_04.mp4,72.365,89.461,25.5,39.321,25.5,39.321,160.591,155.088,149.879,101.076,148.562,98.848,122.278,161.619,46.927,39.349,99.677,111.343,166.248,131.84,127.228,149.879,101.076,179.934,166.248,169.799,117.773,98.551,25.5,39.321,149.879,101.076,179.901,166.22,158.811
trikonasana,poor,0,trikon_poor_04.mp4,65.558,91.515,22.837,50.724,22.837,50.724,162.437,162.136,150.498,97.936,148.159,95.395,131.175,161.577,40.72,34.065,102.058,117.877,168.409,131.302,126.352,150.498,97.936,179.934,168.409,171.688,121.469,100.338,22.837,50.724,150.498,97.936,179.905,168.844,160.74
trikonasana,poor,0,trikon_poor_04.mp4,64.922,99.139,22.721,61.976,22.721,61.976,161.564,165.019,159.246,113.787,156.956,111.758,143.001,158.148,33.046,31.25,93.303,122.734,170.517,146.016,140.993,159.246,113.787,179.948,170.517,175.347,123.653,102.249,22.721,61.976,159.246,113.787,179.907,170.256,165.348
trikonasana,poor,0,trikon_poor_04.mp4,81.705,87.335,20.724,43.016,20.724,43.016,147.164,160.335,154.798,101.134,152.659,97.409,130.623,150.329,41.337,45.165,102.289,122.937,168.456,137.375,130.686,154.798,101.134,179.937,168.456,174.457,124.086,93.996,20.724,43.016,154.798,101.134,179.905,168.057,162.532
trikonasana,poor,0,trikon_poor_04.mp4,126.138,132.72,26.597,49.322,26.597,49.322,123.168,148.425,154.76,101.725,162.584,86.653,119.691,153.49,45.846,46.669,107.557,124.556,161.892,142.848,129.63,154.76,101.725,179.937,161.892,175.257,112.015,111.469,26.597,49.322,154.76,101.725,179.901,158.44,158.586
trikonasana,poor,0,trikon_poor_04.mp4,84.844,133.924,17.726,67.552,17.726,67.552,164.053,155.464,151.517,88.195,158.45,77.823,130.371,154.564,39.663,39.552,113.13,126.189,165.047,132.926,122.725,151.517,88.195,179.929,165.047,168.453,117.381,132.214,17.726,67.552,151.517,88.195,179.905,155.972,160.146
trikonasana,poor,0,trikon_poor_04.mp4,96.269,154.446,18.915,90.611,18.915,90.611,143.412,157.093,142.978,77.036,153.255,72.79,128.305,152.892,41.975,45.718,117.976,130.146,168.112,111.02,109.981,142.978,77.036,179.921,168.112,158.46,114.379,153.032,18.915,90.611,142.978,77.036,179.909,155.897,145.57
trikonasana,poor,0,trikon_poor_04.mp4,97.534,175.783,19.311,132.159,19.311,132.159,133.506,159.689,152.282,90.708,165.337,85.535,133.94,158.642,38.765,40.842,112.936,140.73,166.334,135.678,136.563,152.282,90.708,179.923,166.334,160.772,132.077,162.711,19.311,132.159,152.282,90.708,179.923,157.805,155.1
trikonasana,poor,0,trikon_poor_04.mp4,123.47,175.489,26.246,140.181,26.246,140.181,110.715,166.844,143.207,91.109,158.808,86.761,132.204,159.294,40.123,38.265,110.801,140.329,167.415,124.671,128.934,143.207,91.109,179.907,167.415,155.041,133.562,157.334,26.246,140.181,143.207,91.109,179.914,153.578,152.19
trikonasana,poor,0,trikon_poor_04.mp4,95.979,170.924,27.517,148.175,27.517,148.175,138.902,163.992,136.841,81.39,153.73,74.443,131.603,156.226,38.366,37.02,117.119,142.405,165.36,111.273,114.923,136.841,81.39,179.914,165.36,152.507,139.059,152.013,27.517,148.175,136.841,81.39,179.916,151.142,150.3
trikonasana,poor,0,trikon_poor_04.mp4,98.124,165.41,28.664,144.448,28.664,144.448,140.448,166.267,122.319,61.697,139.256,49.307,114.138,160.66,52.261,32.78,131.272,137.16,164.901,76.563,76.887,122.319,61.697,179.916,164.901,146.798,141.851,155.658,28.664,144.448,122.319,61.697,179.916,147.998,138.502
trikonasana,poor,0,trikon_poor_04.mp4,93.098,171.873,29.683,151.482,29.683,151.482,145.035,172.126,108.069,59.293,123.01,48.332,119.635,160.607,41.267,31.141,131.593,127.377,166.502,68.429,69.623,108.069,59.293,179.903,166.502,144.92,133.69,137.667,29.683,151.482,108.069,59.293,179.914,147.066,136.5
trikonasana,poor,0,trikon_poor_04.mp4,84.929,157.008,32.275,147.345,32.275,147.345,157.726,157.285,92.455,73.589,109.789,61.076,133.54,163.344,29.639,21.061,124.743,116.137,161.296,74.993,76.931,92.455,73.589,179.897,161.296,139.827,130.53,127.401,32.275,147.345,92.455,73.589,179.916,140.363,138.176
trikonasana,poor,0,trikon_poor_04.mp4,83.893,172.975,31.369,140.661,31.369,140.661,159.23,170.354,87.828,80.169,105.679,58.432,134.194,162.844,27.349,22.272,124.446,113.151,155.396,76.212,73.903,87.828,80.169,179.895,155.396,137.29,129.37,131.361,31.369,140.661,87.828,80.169,179.921,136.82,140.931
trikonasana,poor,0,trikon_poor_04.mp4,88.699,172.978,32.256,135.151,32.256,135.151,155.449,167.141,85.317,88.394,103.851,62.021,133.052,165.293,26.943,21.89,121.807,112.026,151.179,79.729,76.064,85.317,88.394,179.893,151.179,134.899,123.237,125.477,32.256,135.151,85.317,88.394,179.916,134.637,139.893
trikonasana,poor,0,trikon_poor_04.mp4,95.684,175.181,34.681,129.074,34.681,129.074,155.397,165.815,81.135,85.435,100.227,48.554,127.175,164.314,29.149,28.387,131.074,108.323,145.159,73.584,62.526,81.135,85.435,179.893,145.159,128.715,121.54,121.964,34.681,129.074,81.135,85.435,179.921,129.566,134.52
trikonasana,poor,0,trikon_poor_04.mp4,94.987,174.688,45.748,142.084,45.748,142.084,161.962,171.303,88.434,81.432,106.036,59.568,130.068,158.104,25.799,26.938,121.816,114.341,158.502,76.755,76.29,88.434,81.432,179.888,158.502,140.269,117.967,110.515,45.748,142.084,88.434,81.432,179.921,139.25,144.241
trikonasana,poor,0,trikon_poor_04.mp4,92.873,174.744,39.679,142.457,39.679,142.457,157.147,171.815,92.023,91.951,112.611,74.696,128.614,155.903,30.417,32.437,111.418,120.874,160.777,86.309,89.689,92.023,91.951,179.893,160.777,139.604,117.692,115.763,39.679,142.457,92.023,91.951,179.914,137.914,144.318
trikonasana,poor,0,trikon_poor_04.mp4,94.951,175.336,41.196,143.996,41.196,143.996,155.312,173.945,97.496,80.724,120.165,63.335,126.462,157.199,33.214,36.155,120.543,124.307,161.847,79.343,82.944,97.496,80.724,179.892,161.847,136.886,118.885,118.035,41.196,143.996,97.496,80.724,179.914,137.083,139.644
trikonasana,poor,0,trikon_poor_04.mp4,99.733,175.905,42.699,147.089,42.699,147.089,151.239,168.772,107.034,81.844,132.866,67.51,115.786,159.345,38.236,35.156,117.841,130.795,161.478,85.941,93.076,107.034,81.844,179.892,161.478,135.611,125.095,115.335,42.699,147.089,107.034,81.844,179.914,135.218,138.842
trikonasana,poor,0,trikon_poor_04.mp4,106.651,174.253,36.194,145.42,36.194,145.42,142.086,171.556,107.599,82.365,137.949,67.942,113.478,157.254,44.586,36.644,119.672,132.565,156.965,85.36,94.192,107.599,82.365,179.888,156.965,131.904,125.955,120.059,36.194,145.42,107.599,82.365,179.912,131.628,135.299
trikonasana,poor,0,trikon_poor_05.mp4,80.084,103.989,24.388,69.181,24.388,69.181,128.41,163.146,19.695,37.101,96.442,121.485,143.962,153.29,106.223,104.329,86.297,88.102,167.948,26.838,107.618,19.695,37.101,179.899,167.948,49.888,76.378,107.725,24.388,69.181,19.695,37.101,179.833,42.273,58.94
trikonasana,poor,0,trikon_poor_05.mp4,170.51,141.235,131.965,91.606,131.965,91.606,170.159,164.791,37.376,38.236,154.93,147.896,167.734,152.895,142.073,124.121,97.959,80.67,149.971,36.548,150.864,37.376,38.236,179.881,149.971,48.718,100.065,97.393,131.965,91.606,37.376,38.236,179.839,48.849,50.424
trikonasana,poor,0,trikon_poor_05.mp4,156.133,85.68,159.656,58.999,159.656,58.999,171.416,167.347,36.036,33.714,144.436,117.064,167.2,151.983,125.215,98.039,76.597,101.266,167.691,34.161,131.093,36.036,33.714,179.897,167.691,52.883,131.023,109.433,159.656,58.999,36.036,33.714,179.812,51.775,54.62
trikonasana,poor,0,trikon_poor_05.mp4,133.845,135.853,124.96,104.276,124.96,104.276,155.181,167.343,25.151,30.136,157.962,145.072,172.67,149.764,137.839,121.194,86.931,89.079,162.275,27.275,152.465,25.151,30.136,179.893,162.275,38.657,127.811,83.982,124.96,104.276,25.151,30.136,179.849,34.571,43.97
trikonasana,poor,0,trikon_poor_05.mp4,169.548,138.442,148.418,103.562,148.418,103.562,171.021,168.249,28.179,28.287,142.72,134.863,169.827,125.648,127.505,92.999,94.874,80.945,158.147,27.47,138.533,28.179,28.287,179.883,158.147,42.348,86.201,125.253,148.418,103.562,28.179,28.287,179.857,42.772,42.906
trikonasana,poor,0,trikon_poor_05.mp4,160.964,145.206,157.154,114.313,157.154,114.313,171.471,168.496,24.575,26.42,143.55,124.338,168.085,124.95,128.197,86.132,106.865,71.001,161.271,24.547,134.185,24.575,26.42,179.888,161.271,39.783,104.943,106.001,157.154,114.313,24.575,26.42,179.867,38.294,42.726
trikonasana,poor,0,trikon_poor_05.mp4,161.72,142.773,152.278,112.34,152.278,112.34,175.957,171.087,26.823,30.793,137.896,121.864,172.826,158.189,128.582,106.27,101.088,77.719,158.525,28.086,130.642,26.823,30.793,179.893,158.525,44.7,101.368,110.814,152.278,112.34,26.823,30.793,179.86,43.15,47.622
trikonasana,poor,0,trikon_poor_05.mp4,163.666,158.783,158.94,134.481,158.94,134.481,161.595,171.451,25.81,27.998,148.071,126.039,177.555,162.984,140.878,108.055,97.914,81.208,158.199,26.041,138.908,25.81,27.998,179.897,158.199,39.722,115.605,85.472,158.94,134.481,25.81,27.998,179.857,37.853,42.967
trikonasana,poor,0,trikon_poor_05.mp4,81.08,107.758,71.011,83.16,71.011,83.16,159.96,165.083,29.553,45.338,152.026,111.675,155.107,167.233,113.384,95.712,84.634,82.953,171.335,36.277,137.041,29.553,45.338,179.89,171.335,48.864,114.819,119.858,71.011,83.16,29.553,45.338,179.864,36.525,69.93
trikonasana,poor,0,trikon_poor_05.mp4,151.04,134.896,136.344,113.245,136.344,113.245,176.755,166.616,35.36,46.792,140.517,121.248,125.261,170.656,97.479,98.861,90.077,83.737,170.919,40.811,131.689,35.36,46.792,179.885,170.919,56.695,98.453,124.472,136.344,113.245,35.36,46.792,179.866,49.668,64.917
trikonasana,poor,0,trikon_poor_05.mp4,176.578,120.307,161.096,108.692,161.096,108.692,174.564,173.975,63.157,69.597,150.344,92.671,109.62,155.435,102.885,56.837,86.339,101.768,104.113,66.436,111.495,63.157,69.597,179.873,104.113,100.181,54.215,126.539,161.096,108.692,63.157,69.597,179.771,75.194,123.367
trikonasana,poor,0,trikon_poor_05.mp4,154.702,155.574,130.386,122.249,130.386,122.249,168.873,172.065,69.417,54.069,175.229,94.799,132.938,147.23,108.002,80.034,81.575,99.231,140.125,61.191,133.218,69.417,54.069,179.845,140.125,80.05,89.977,125.894,130.386,122.249,69.417,54.069,179.751,70.959,88.447
trikonasana,poor,0,trikon_poor_05.mp4,101.941,132.997,67.815,111.416,67.815,111.416,150.452,175.41,54.023,45.086,154.491,108.144,123.118,123.475,107.436,128.089,96.552,99.299,167.969,48.548,129.088,54.023,45.086,179.869,167.969,68.145,105.84,114.575,67.815,111.416,54.023,45.086,179.814,65.247,71.89
trikonasana,poor,0,trikon_poor_05.mp4,73.348,101.053,47.024,81.164,47.024,81.164,161.373,173.743,46.49,44.43,152.484,132.766,125.853,152.712,118.078,128.469,105.996,95.485,172.672,44.957,143.031,46.49,44.43,179.895,172.672,57.987,119.838,128.785,47.024,81.164,46.49,44.43,179.83,58.283,59.148
trikonasana,poor,0,trikon_poor_05.mp4,61.089,69.438,24.812,48.404,24.812,48.404,152.823,171.763,42.05,36.942,145.607,131.382,111.783,160.935,114.721,117.989,110.295,87.32,172.179,38.86,140.061,42.05,36.942,179.914,172.179,53.511,127.231,99.818,24.812,48.404,42.05,36.942,179.86,56.94,51.417
trikonasana,poor,0,trikon_poor_05.mp4,121.73,103.386,98.212,70.938,98.212,70.938,164.176,172.516,33.5,39.938,110.731,73.292,94.479,149.319,112.385,70.348,95.23,93.763,168.633,36.599,89.522,33.5,39.938,179.899,168.633,64.755,121.028,130.894,98.212,70.938,33.5,39.938,179.859,57.27,74.376
trikonasana,poor,0,trikon_poor_05.mp4,113.486,121.265,84.822,80.107,84.822,80.107,145.694,156.787,79.659,93.038,122.793,104.693,103.226,157.918,77.676,35.897,93.523,118.221,168.386,87.652,109.205,79.659,93.038,179.905,168.386,129.987,142.167,144.259,84.822,80.107,79.659,93.038,179.799,110.995,139.295
trikonasana,poor,0,trikon_poor_05.mp4,142.094,145.005,105.119,106.198,105.119,106.198,153.66,164.57,65.367,101.63,115.622,114.108,98.348,148.158,93.665,44.538,85.702,115.93,168.114,82.942,109.358,65.367,101.63,179.916,168.114,120.841,148.324,118.662,105.119,106.198,65.367,101.63,179.831,95.488,139.957
trikonasana,poor,0,trikon_poor_05.mp4,117.658,116.354,79.553,70.733,79.553,70.733,137.284,165.578,86.807,94.032,133.617,106.955,105.461,152.246,81.482,58.083,96.13,123.001,155.368,91.362,116.621,86.807,94.032,179.905,155.368,122.206,140.435,171.557,79.553,70.733,86.807,94.032,179.847,108.83,129.376
trikonasana,poor,0,trikon_poor_05.mp4,81.611,125.098,57.12,99.942,57.12,99.942,163.623,171.261,111.867,103.66,143.587,112.811,107.648,158.279,79.07,33.589,89.468,131.666,175.112,109.911,126.072,111.867,103.66,179.905,175.112,145.234,129.038,158.445,57.12,99.942,111.867,103.66,179.84,133.128,150.191
trikonasana,poor,0,trikon_poor_05.mp4,91.324,129.136,73.341,104.587,73.341,104.587,173.339,175.831,99.973,117.391,125.484,122.174,115.973,149.359,63.265,33.904,89.416,131.405,173.008,110.379,122.311,99.973,117.391,179.888,173.008,150.819,131.715,157.361,73.341,104.587,99.973,117.391,179.844,135.978,159.154
trikonasana,poor,0,trikon_poor_05.mp4,80.501,145.788,49.392,125.191,49.392,125.191,167.647,173.217,119.007,106.834,144.462,111.317,116.254,133.919,64.431,39.775,100.758,128.392,171.825,115.581,127.234,119.007,106.834,179.876,171.825,151.662,104.056,136.196,49.392,125.191,119.007,106.834,179.839,141.287,156.322
trikonasana,poor,0,trikon_poor_05.mp4,88.651,167.669,18.42,151.793,18.42,151.793,127.525,176.463,142.353,102.174,161.814,111.0,132.32,141.818,45.123,37.779,101.274,138.668,174.068,131.686,142.762,142.353,102.174,179.888,174.068,156.149,122.036,145.331,18.42,151.793,142.353,102.174,179.867,152.604,150.761
trikonasana,poor,0,trikon_poor_05.mp4,91.914,169.623,20.332,155.607,20.332,155.607,126.528,177.39,139.174,100.066,155.973,103.4,138.795,147.5,38.304,30.077,101.252,141.741,173.688,126.821,134.091,139.174,100.066,179.899,173.688,159.155,131.356,152.883,20.332,155.607,139.174,100.066,179.883,153.771,158.293
trikonasana,poor,0,trikon_poor_05.mp4,79.057,166.225,26.204,149.618,26.204,149.618,145.473,175.408,138.12,98.124,154.754,99.689,144.611,150.685,36.162,27.356,104.869,140.11,173.012,125.082,131.532,138.12,98.124,179.886,173.012,158.902,119.129,148.584,26.204,149.618,138.12,98.124,179.883,153.219,159.035
trikonasana,poor,0,trikon_poor_05.mp4,85.647,158.414,32.415,139.038,32.415,139.038,142.316,177.218,135.39,103.926,153.103,104.108,146.062,148.296,34.819,28.5,103.03,138.963,171.87,125.988,132.435,135.39,103.926,179.878,171.87,158.544,105.088,147.723,32.415,139.038,135.39,103.926,179.876,151.397,161.228
trikonasana,poor,0,trikon_poor_05.mp4,76.223,155.416,25.059,133.222,25.059,133.222,147.026,176.265,143.586,101.567,162.69,100.775,145.17,149.004,34.03,30.278,104.826,142.274,170.478,134.135,140.768,143.586,101.567,179.89,170.478,159.8,111.03,155.607,25.059,133.222,143.586,101.567,179.88,152.952,162.001
trikonasana,poor,0,trikon_poor_05.mp4,71.535,159.82,28.47,136.849,28.47,136.849,157.297,174.706,138.952,90.886,159.761,88.901,140.856,146.183,37.511,33.587,112.835,142.025,169.289,124.394,130.663,138.952,90.886,179.89,169.289,158.173,113.929,152.582,28.47,136.849,138.952,90.886,179.872,150.447,160.816
trikonasana,poor,0,trikon_poor_05.mp4,76.561,159.53,28.499,136.913,28.499,136.913,151.861,172.399,145.239,91.498,165.335,89.113,146.228,150.118,30.595,29.687,111.821,143.584,169.743,131.802,137.554,145.239,91.498,179.885,169.743,160.06,112.85,153.921,28.499,136.913,145.239,91.498,179.876,152.967,162.132
trikonasana,poor,0,VID-20260222-WA0036.mp4,79.811,97.364,34.105,43.45,34.105,43.45,158.391,165.478,88.532,95.309,92.58,96.374,115.765,148.929,72.89,58.872,82.032,94.813,162.099,91.752,94.483,88.532,95.309,179.914,162.099,146.116,117.951,100.705,34.105,43.45,88.532,95.309,179.872,142.536,149.901
trikonasana,poor,0,VID-20260222-WA0036.mp4,79.859,102.002,34.448,49.3,34.448,49.3,168.391,167.74,104.985,99.662,99.8,87.526,129.702,159.598,66.587,49.565,88.76,91.167,154.985,101.955,93.249,104.985,99.662,179.912,154.985,160.797,113.787,110.448,34.448,49.3,104.985,99.662,179.869,156.817,165.035
trikonasana,poor,0,VID-20260222-WA0036.mp4,79.516,122.404,26.443,69.018,26.443,69.018,157.768,171.07,105.489,120.656,94.753,105.827,152.482,164.279,42.228,40.696,79.609,91.924,155.404,112.624,99.992,105.489,120.656,179.909,155.404,170.81,108.919,103.597,26.443,69.018,105.489,120.656,179.867,164.986,175.869
trikonasana,poor,0,VID-20260222-WA0036.mp4,108.285,131.202,30.543,50.47,30.543,50.47,148.856,165.314,132.554,139.38,112.212,107.796,106.273,120.953,81.625,94.241,83.708,95.482,140.884,136.706,109.898,132.554,139.38,179.918,140.884,175.968,110.576,97.655,30.543,50.47,132.554,139.38,179.864,170.361,167.3
trikonasana,poor,0,VID-20260222-WA0036.mp4,110.089,132.12,30.601,48.119,30.601,48.119,156.88,164.929,143.217,140.115,134.861,111.546,97.126,119.486,99.32,89.845,86.605,103.572,134.479,145.248,122.539,143.217,140.115,179.921,134.479,179.518,112.226,96.509,30.601,48.119,143.217,140.115,179.867,162.507,162.574
trikonasana,poor,0,VID-20260222-WA0036.mp4,112.018,130.793,25.257,45.635,25.257,45.635,144.342,161.753,152.212,120.911,133.331,90.262,121.1,152.944,87.689,59.731,89.732,103.086,131.548,138.631,110.311,152.212,120.911,179.926,131.548,176.108,112.476,98.841,25.257,45.635,152.212,120.911,179.869,167.32,160.465
trikonasana,poor,0,VID-20260222-WA0036.mp4,99.235,126.077,21.436,56.919,21.436,56.919,148.839,166.972,139.002,99.069,122.078,78.097,130.421,148.147,68.272,56.104,93.224,97.203,143.701,117.6,97.435,139.002,99.069,179.926,143.701,168.633,109.72,96.714,21.436,56.919,139.002,99.069,179.864,172.512,152.816
trikonasana,poor,0,VID-20260222-WA0036.mp4,96.617,131.837,22.582,63.368,22.582,63.368,156.096,167.987,141.639,102.884,116.278,81.252,130.768,155.117,61.492,49.641,95.127,89.063,140.613,120.521,96.818,141.639,102.884,179.923,140.613,169.281,110.133,102.942,22.582,63.368,141.639,102.884,179.869,174.826,153.408
trikonasana,poor,0,VID-20260222-WA0036.mp4,79.911,103.142,26.546,47.376,26.546,47.376,160.764,172.394,126.263,91.496,109.632,76.973,126.983,159.114,63.133,54.063,98.366,87.068,148.231,106.09,90.296,126.263,91.496,179.921,148.231,163.443,107.09,106.152,26.546,47.376,126.263,91.496,179.869,171.577,147.845
trikonasana,poor,0,VID-20260222-WA0036.mp4,83.009,111.229,37.764,62.61,37.764,62.61,163.116,169.624,113.167,83.468,105.102,83.607,137.863,164.796,52.229,55.107,100.569,86.591,160.142,96.499,91.543,113.167,83.468,179.921,160.142,156.812,105.013,108.565,37.764,62.61,113.167,83.468,179.87,166.18,140.101
trikonasana,poor,0,VID-20260222-WA0036.mp4,83.995,117.342,33.565,53.437,33.565,53.437,158.641,164.633,107.244,87.32,108.617,85.821,117.716,127.893,85.65,71.449,95.19,90.012,158.916,95.833,95.067,107.244,87.32,179.929,158.916,145.015,92.414,109.026,33.565,53.437,107.244,87.32,179.869,149.316,135.861
trikonasana,poor,0,VID-20260222-WA0036.mp4,98.293,122.072,32.675,48.405,32.675,48.405,149.422,163.215,124.069,97.823,112.457,91.164,118.387,126.427,83.303,73.371,95.087,91.03,145.607,109.96,98.435,124.069,97.823,179.918,145.607,157.003,100.601,112.732,32.675,48.405,124.069,97.823,179.87,160.491,138.216
trikonasana,poor,0,VID-20260222-WA0036.mp4,85.276,112.26,28.643,47.656,28.643,47.656,152.085,169.909,119.86,88.23,103.185,77.681,143.263,122.444,62.53,81.161,105.955,92.819,147.193,102.476,85.421,119.86,88.23,179.916,147.193,163.556,102.375,112.306,28.643,47.656,119.86,88.23,179.866,163.784,139.772
trikonasana,poor,0,VID-20260222-WA0036.mp4,112.82,136.884,29.606,46.242,29.606,46.242,136.144,153.033,140.521,104.842,125.125,91.658,114.999,121.413,85.856,68.843,107.813,96.721,137.667,124.99,102.512,140.521,104.842,179.923,137.667,169.509,99.777,116.678,29.606,46.242,140.521,104.842,179.878,154.549,142.987
trikonasana,poor,0,VID-20260222-WA0036.mp4,102.61,133.497,26.948,51.502,26.948,51.502,146.616,158.294,141.214,113.372,127.627,92.111,109.42,134.835,83.478,55.033,104.377,100.904,137.131,131.569,106.95,141.214,113.372,179.921,137.131,177.185,104.996,111.758,26.948,51.502,141.214,113.372,179.876,156.658,155.458
trikonasana,poor,0,VID-20260222-WA0036.mp4,109.276,137.112,22.815,51.093,22.815,51.093,144.106,151.774,138.782,110.806,138.953,91.2,104.928,140.001,90.197,53.04,101.684,103.549,143.575,128.339,111.249,138.782,110.806,179.918,143.575,169.701,105.656,108.414,22.815,51.093,138.782,110.806,179.876,154.241,155.354
trikonasana,poor,0,VID-20260222-WA0036.mp4,88.817,123.414,20.118,63.659,20.118,63.659,152.204,163.053,122.927,97.244,131.052,83.633,111.779,148.365,77.111,37.407,99.914,105.95,154.402,112.054,102.345,122.927,97.244,179.916,154.402,164.406,108.276,104.094,20.118,63.659,122.927,97.244,179.878,148.33,159.7
trikonasana,poor,0,VID-20260222-WA0036.mp4,107.219,155.66,18.595,68.77,18.595,68.77,129.918,143.065,133.116,88.396,130.929,69.667,105.684,156.688,69.763,28.557,99.888,110.096,151.406,111.334,94.28,133.116,88.396,179.923,151.406,170.657,115.003,101.598,18.595,68.77,133.116,88.396,179.873,157.472,158.11
trikonasana,poor,0,VID-20260222-WA0036.mp4,113.689,138.444,20.125,54.715,20.125,54.715,131.773,151.007,136.329,90.192,141.492,80.416,97.172,141.747,80.191,53.113,100.908,106.22,150.129,112.845,105.292,136.329,90.192,179.916,150.129,156.04,111.488,100.862,20.125,54.715,136.329,90.192,179.876,151.489,140.349
trikonasana,poor,0,VID-20260222-WA0036.mp4,113.021,129.797,18.337,58.51,18.337,58.51,133.574,160.79,136.239,86.752,133.315,79.741,101.779,136.151,69.59,61.107,102.379,108.712,147.631,109.554,99.929,136.239,86.752,179.916,147.631,156.133,110.643,103.853,18.337,58.51,136.239,86.752,179.873,159.044,133.37
trikonasana,poor,0,VID-20260222-WA0036.mp4,114.241,131.971,24.993,59.946,24.993,59.946,137.679,162.993,146.097,83.563,128.841,78.083,111.869,134.525,60.913,68.355,108.178,103.241,144.708,108.991,92.983,146.097,83.563,179.921,144.708,160.229,116.607,104.04,24.993,59.946,146.097,83.563,179.87,166.499,123.672
trikonasana,poor,0,VID-20260222-WA0036.mp4,110.423,140.133,31.132,66.857,31.132,66.857,143.309,163.617,147.719,88.387,138.044,78.256,107.496,140.897,62.602,68.398,108.208,106.926,145.419,114.202,97.176,147.719,88.387,179.916,145.419,163.562,116.129,115.562,31.132,66.857,147.719,88.387,179.869,159.851,130.029
trikonasana,poor,0,VID-20260222-WA0036.mp4,119.365,149.621,40.604,77.677,40.604,77.677,147.532,158.975,143.732,90.976,143.617,80.068,105.326,148.114,63.027,71.117,107.025,107.713,149.16,114.938,101.664,143.732,90.976,179.918,149.16,161.328,116.832,133.13,40.604,77.677,143.732,90.976,179.869,155.008,133.922
trikonasana,poor,0,VID-20260222-WA0036.mp4,104.343,171.519,43.503,100.794,43.503,100.794,159.247,160.986,146.241,97.563,152.467,81.452,99.582,150.205,72.936,66.272,119.368,115.769,148.6,122.091,109.078,146.241,97.563,179.912,148.6,164.5,123.4,143.276,43.503,100.794,146.241,97.563,179.886,152.831,145.244
trikonasana,poor,0,VID-20260222-WA0036.mp4,121.736,175.511,58.526,101.423,58.526,101.423,163.95,169.043,137.491,125.635,161.765,98.627,98.503,148.738,94.119,72.592,113.898,115.393,138.672,138.974,125.586,137.491,125.635,179.909,138.672,161.922,131.846,138.807,58.526,101.423,137.491,125.635,179.886,138.482,164.554
trikonasana,poor,0,VID-20260222-WA0036.mp4,112.059,166.082,60.798,118.03,60.798,118.03,160.801,171.639,120.362,98.221,159.792,90.107,108.403,157.093,98.159,56.305,112.787,116.421,157.27,109.906,118.58,120.362,98.221,179.905,157.27,142.69,132.914,141.865,60.798,118.03,120.362,98.221,179.886,127.601,150.15
trikonasana,poor,0,VID-20260222-WA0036.mp4,93.972,172.874,38.496,133.58,38.496,133.58,149.975,170.917,113.814,86.336,145.267,82.016,102.795,155.306,96.133,52.083,120.435,115.636,161.794,98.97,107.054,113.814,86.336,179.912,161.794,140.929,140.512,149.734,38.496,133.58,113.814,86.336,179.903,129.279,146.594
trikonasana,poor,0,VID-20260222-WA0036.mp4,101.101,169.989,44.877,131.453,44.877,131.453,149.999,175.666,107.98,79.327,150.765,69.033,99.294,157.93,102.035,54.203,125.07,114.585,160.16,88.255,97.549,107.98,79.327,179.909,160.16,130.633,139.738,140.572,44.877,131.453,107.98,79.327,179.897,117.813,140.586
trikonasana,poor,0,VID-20260222-WA0036.mp4,98.78,167.216,51.468,135.677,51.468,135.677,154.769,175.735,108.335,71.6,157.271,66.078,100.042,154.06,111.221,56.014,127.983,117.748,163.287,82.123,97.576,108.335,71.6,179.903,163.287,123.416,147.993,142.097,51.468,135.677,108.335,71.6,179.89,111.879,132.471
trikonasana,poor,0,VID-20260222-WA0036.mp4,100.302,167.947,46.351,136.737,46.351,136.737,149.08,167.067,118.972,66.165,163.753,64.298,99.626,146.295,108.745,62.323,131.124,129.12,163.704,80.505,100.261,118.972,66.165,179.895,163.704,118.85,149.685,152.262,46.351,136.737,118.972,66.165,179.899,114.828,118.999
trikonasana,poor,0,VID-20260222-WA0036.mp4,99.685,167.334,46.498,137.974,46.498,137.974,148.909,164.337,111.201,72.218,162.347,67.532,99.765,143.116,108.975,63.208,131.521,126.171,160.707,81.693,100.442,111.201,72.218,179.892,160.707,117.225,150.565,151.492,46.498,137.974,111.201,72.218,179.895,109.826,122.847
trikonasana,poor,0,VID-20260222-WA0036.mp4,86.222,169.875,37.917,141.111,37.917,141.111,151.693,170.346,114.737,70.575,160.077,55.412,111.964,149.073,88.813,65.876,140.15,132.643,158.207,79.467,86.274,114.737,70.575,179.901,158.207,127.448,152.36,154.866,37.917,141.111,114.737,70.575,179.912,120.027,132.112
trikonasana,poor,0,VID-20260222-WA0036.mp4,82.379,169.459,36.681,149.519,36.681,149.519,154.271,169.773,107.376,63.491,151.03,57.762,120.559,157.849,90.381,47.84,136.033,125.927,163.314,74.276,87.121,107.376,63.491,179.912,163.314,127.198,151.99,160.613,36.681,149.519,107.376,63.491,179.912,119.728,132.507
trikonasana,poor,0,VID-20260222-WA0036.mp4,81.005,168.604,35.297,149.045,35.297,149.045,154.572,170.977,101.605,67.807,143.776,64.039,111.898,154.223,76.892,46.325,133.092,122.646,162.622,75.74,90.712,101.605,67.807,179.905,162.622,126.691,149.821,156.5,35.297,149.045,101.605,67.807,179.914,120.111,132.345
trikonasana,poor,0,VID-20260222-WA0036.mp4,79.066,168.849,29.95,146.405,29.95,146.405,150.632,170.255,92.74,59.615,130.159,50.968,112.127,152.176,65.387,48.635,145.139,114.255,159.164,60.06,68.693,92.74,59.615,179.916,159.164,117.086,150.924,162.881,29.95,146.405,92.74,59.615,179.926,121.404,107.331
trikonasana,poor,0,VID-20260222-WA0036.mp4,85.473,168.863,33.423,146.168,33.423,146.168,151.024,167.868,96.914,68.401,138.02,61.41,110.233,147.425,68.431,56.916,140.973,120.058,157.351,68.821,81.426,96.914,68.401,179.903,157.351,118.406,146.277,153.781,33.423,146.168,96.914,68.401,179.923,119.951,114.815
trikonasana,poor,0,VID-20260222-WA0036.mp4,95.433,171.171,40.38,147.047,40.38,147.047,149.289,168.499,93.673,72.508,137.223,64.031,110.2,146.423,65.001,59.023,139.134,118.603,155.735,70.009,84.349,93.673,72.508,179.888,155.735,117.101,141.641,143.954,40.38,147.047,93.673,72.508,179.921,117.241,118.222
trikonasana,poor,0,VID-20260222-WA0036.mp4,97.961,171.433,42.451,147.811,42.451,147.811,149.59,169.123,100.25,73.381,140.024,61.511,114.171,148.248,58.585,56.039,139.777,125.069,155.822,72.591,84.078,100.25,73.381,179.885,155.822,122.311,141.892,142.335,42.451,147.811,100.25,73.381,179.918,122.783,121.921
trikonasana,poor,0,VID-20260222-WA0036.mp4,93.259,170.635,41.354,151.515,41.354,151.515,152.567,171.554,98.503,71.364,139.334,61.892,109.112,153.56,65.381,48.199,137.217,122.088,160.465,73.453,87.194,98.503,71.364,179.888,160.465,125.695,142.865,144.036,41.354,151.515,98.503,71.364,179.926,121.498,131.344
trikonasana,poor,0,VID-20260222-WA0036.mp4,91.352,171.358,38.161,151.636,38.161,151.636,151.967,172.652,105.711,76.08,142.403,65.936,115.879,153.919,58.768,49.35,134.441,128.038,159.976,81.599,93.945,105.711,76.08,179.895,159.976,131.293,144.68,146.809,38.161,151.636,105.711,76.08,179.926,127.165,136.906
