asana,label,label_int,filename,left_elbow,right_elbow,left_shoulder,right_shoulder,left_arm_raise,right_arm_raise,left_wrist_bend,right_wrist_bend,left_hip,right_hip,left_knee,right_knee,left_ankle,right_ankle,left_foot,right_foot,left_hip_abduction,right_hip_abduction,neck_tilt,spine_upper,spine_lower,left_trunk,right_trunk,left_lateral_bend,forward_bend,pelvic_tilt,left_arm_torso,right_arm_torso,left_shoulder_plane,right_shoulder_plane,left_hip_flexion,right_hip_flexion,hip_alignment,left_full_chain,right_full_chain
vrikshasana,good,2,1 (1).mp4,143.4,157.56,173.026,173.874,173.026,173.874,162.25,167.058,156.12,39.263,136.981,6.789,164.322,168.094,27.024,37.18,112.246,95.215,151.606,50.422,24.022,156.12,39.263,179.909,151.606,173.582,111.912,70.264,173.026,173.874,156.12,39.263,179.864,169.764,117.919
vrikshasana,good,2,1 (1).mp4,134.557,157.607,171.884,169.491,171.884,169.491,159.254,168.663,159.864,43.989,139.418,7.565,164.962,167.033,26.812,39.528,110.107,93.306,149.761,54.934,26.39,159.864,43.989,179.916,149.761,171.567,117.625,64.81,171.884,169.491,159.864,43.989,179.863,168.433,114.322
vrikshasana,good,2,1 (1).mp4,135.443,157.927,172.014,168.926,172.014,168.926,158.753,168.413,161.915,43.436,141.683,7.921,165.188,166.985,26.772,40.096,110.116,93.591,149.946,54.598,26.295,161.915,43.436,179.912,149.946,172.785,116.76,65.312,172.014,168.926,161.915,43.436,179.864,168.513,98.878
vrikshasana,good,2,1 (1).mp4,137.023,158.458,171.984,169.2,171.984,169.2,160.53,167.944,161.605,43.051,141.541,8.367,165.533,167.294,26.067,37.995,109.332,93.138,150.294,53.73,25.657,161.605,43.051,179.916,150.294,174.059,117.284,64.973,171.984,169.2,161.605,43.051,179.86,168.685,86.63
vrikshasana,good,2,1 (1).mp4,135.076,158.526,171.858,169.289,171.858,169.289,161.203,167.925,160.232,42.55,140.081,8.551,165.666,167.676,26.003,39.077,108.317,92.325,150.367,53.329,25.396,160.232,42.55,179.918,150.367,174.748,116.516,65.428,171.858,169.289,160.232,42.55,179.862,168.788,83.122
vrikshasana,good,2,1 (1).mp4,132.168,158.008,171.953,170.706,171.953,170.706,158.3,167.008,161.072,42.841,140.327,8.58,166.352,165.976,24.975,41.618,106.461,91.092,149.971,53.867,25.746,161.072,42.841,179.916,149.971,173.504,117.283,65.329,171.953,170.706,161.072,42.841,179.863,167.978,85.381
vrikshasana,good,2,1 (1).mp4,132.071,158.045,172.913,171.623,172.913,171.623,157.566,167.956,160.895,42.455,140.652,7.662,166.528,167.339,24.477,37.08,104.491,89.814,150.548,53.568,25.851,160.895,42.455,179.918,150.548,171.891,119.023,63.86,172.913,171.623,160.895,42.455,179.862,168.337,106.002
vrikshasana,good,2,1 (1).mp4,129.531,156.835,171.942,169.149,171.942,169.149,157.915,167.62,162.067,45.23,140.09,7.557,166.973,167.427,24.0,37.908,103.915,89.281,148.597,56.201,26.503,162.067,45.23,179.918,148.597,169.302,119.093,63.894,171.942,169.149,162.067,45.23,179.863,166.711,119.146
vrikshasana,good,2,1 (1).mp4,131.788,156.994,172.302,171.247,172.302,171.247,160.071,167.969,161.74,42.019,141.62,7.601,166.956,167.464,24.047,38.144,103.968,89.478,151.544,54.158,26.691,161.74,42.019,179.918,151.544,171.837,118.704,64.631,172.302,171.247,161.74,42.019,179.863,168.47,114.153
vrikshasana,good,2,1 (1).mp4,129.3,157.478,173.311,170.931,173.311,170.931,157.412,168.361,164.003,42.25,143.324,7.59,166.579,167.615,24.573,38.046,104.101,89.876,150.715,54.66,26.799,164.003,42.25,179.918,150.715,171.269,116.985,65.529,173.311,170.931,164.003,42.25,179.863,167.801,113.738
vrikshasana,good,2,1.mp4,100.536,135.688,51.939,76.834,51.939,76.834,166.387,172.274,91.578,131.553,73.578,94.921,134.856,139.093,52.05,42.658,75.719,116.868,143.019,111.316,83.951,91.578,131.553,179.926,143.019,175.67,115.91,99.416,51.939,76.834,91.578,131.553,179.866,166.211,165.094
vrikshasana,good,2,1.mp4,104.094,136.258,31.698,50.386,31.698,50.386,155.877,161.78,88.645,142.103,52.447,87.708,134.973,131.935,49.313,56.643,85.912,99.501,118.81,114.443,67.467,88.645,142.103,179.918,118.81,174.895,111.41,110.308,31.698,50.386,88.645,142.103,179.867,157.754,162.934
vrikshasana,good,2,1.mp4,115.473,134.104,33.982,48.793,33.982,48.793,147.322,159.122,76.683,135.848,56.327,91.822,125.184,130.01,59.491,62.896,86.723,100.965,126.879,104.334,70.832,76.683,135.848,179.923,126.879,161.638,112.247,105.536,33.982,48.793,76.683,135.848,179.866,134.475,170.477
vrikshasana,good,2,1.mp4,114.112,128.251,32.142,44.566,32.142,44.566,144.148,157.105,73.277,134.365,57.066,93.389,124.466,128.343,67.212,67.418,85.485,101.014,126.082,100.975,71.124,73.277,134.365,179.926,126.082,153.667,108.821,106.106,32.142,44.566,73.277,134.365,179.866,123.708,171.102
vrikshasana,good,2,1.mp4,101.279,122.43,34.084,49.416,34.084,49.416,158.584,164.659,57.283,130.481,25.355,85.482,141.867,134.967,33.137,57.336,85.177,94.581,127.548,81.88,41.175,57.283,130.481,179.926,127.548,158.914,109.753,105.339,34.084,49.416,57.283,130.481,179.863,118.82,165.196
vrikshasana,good,2,1.mp4,90.655,115.497,39.321,48.41,39.321,48.41,168.094,163.975,53.627,136.123,19.107,91.766,143.889,138.295,40.059,55.275,85.832,95.043,125.57,79.909,36.884,53.627,136.123,179.923,125.57,162.309,116.997,108.576,39.321,48.41,53.627,136.123,179.867,112.763,161.1
vrikshasana,good,2,1.mp4,98.893,119.925,31.094,47.0,31.094,47.0,164.077,147.857,56.465,159.894,15.589,125.156,139.013,137.508,57.589,60.499,83.007,101.911,119.194,89.098,41.239,56.465,159.894,179.926,119.194,168.112,112.721,111.317,31.094,47.0,56.465,159.894,179.856,106.517,155.45
vrikshasana,good,2,1.mp4,90.739,98.066,18.662,45.148,18.662,45.148,157.604,156.635,50.03,157.001,15.51,141.435,144.021,137.316,64.394,64.915,82.086,108.574,128.881,84.512,46.109,50.03,157.001,179.926,128.881,157.068,97.392,113.167,18.662,45.148,50.03,157.001,179.849,108.56,163.196
vrikshasana,good,2,1.mp4,87.752,91.612,16.788,44.345,16.788,44.345,160.182,158.322,47.23,149.811,16.956,142.21,149.894,138.303,73.942,64.476,83.672,108.844,132.145,80.582,47.137,47.23,149.811,179.923,132.145,139.33,93.965,113.972,16.788,44.345,47.23,149.811,179.844,82.003,162.199
vrikshasana,good,2,1.mp4,88.917,98.07,16.923,45.524,16.923,45.524,160.98,157.141,47.186,146.558,19.115,141.146,149.658,138.84,79.979,63.555,84.284,110.002,132.12,80.118,48.402,47.186,146.558,179.923,132.12,134.024,94.099,114.82,16.923,45.524,47.186,146.558,179.843,77.463,161.208
vrikshasana,good,2,1.mp4,109.303,121.818,18.654,48.563,18.654,48.563,148.311,146.122,50.514,148.676,16.154,141.977,152.651,138.505,71.455,64.322,84.216,109.242,128.567,83.861,46.1,50.514,148.676,179.926,128.567,141.323,95.452,114.466,18.654,48.563,50.514,148.676,179.842,89.41,161.849
vrikshasana,good,2,1.mp4,122.725,128.492,20.05,47.334,20.05,47.334,139.232,141.602,50.58,151.066,15.586,140.83,150.312,139.468,67.687,62.79,79.92,111.105,129.314,84.784,46.389,50.58,151.066,179.921,129.314,144.406,92.915,115.352,20.05,47.334,50.58,151.066,179.843,96.804,165.966
vrikshasana,good,2,1.mp4,112.228,135.723,19.928,48.465,19.928,48.465,148.764,139.909,50.306,150.569,16.231,134.507,150.906,140.832,72.591,59.241,81.266,111.728,129.459,84.676,46.205,50.306,150.569,179.923,129.459,146.376,93.06,115.278,19.928,48.465,50.306,150.569,179.849,95.462,168.132
vrikshasana,good,2,1.mp4,119.395,125.34,20.08,47.256,20.08,47.256,138.106,145.376,48.425,151.871,16.758,141.35,150.81,139.853,67.748,59.869,80.632,111.608,130.67,81.693,46.724,48.425,151.871,179.923,130.67,142.08,95.012,114.947,20.08,47.256,48.425,151.871,179.845,85.709,166.452
vrikshasana,good,2,1.mp4,118.322,130.772,21.29,49.732,21.29,49.732,142.216,142.585,51.432,152.309,16.119,143.217,155.281,139.702,76.99,60.356,80.612,113.901,129.846,86.032,48.069,51.432,152.309,179.921,129.846,144.335,96.157,115.937,21.29,49.732,51.432,152.309,179.847,90.87,165.266
vrikshasana,good,2,1.mp4,123.787,136.175,21.681,48.211,21.681,48.211,139.446,135.043,51.544,154.487,16.586,139.749,155.413,140.105,69.339,59.177,79.497,113.879,129.457,86.568,47.239,51.544,154.487,179.923,129.457,146.963,94.365,117.324,21.681,48.211,51.544,154.487,179.849,94.263,169.008
vrikshasana,good,2,1.mp4,123.893,134.545,22.848,47.766,22.848,47.766,141.055,138.749,51.964,154.86,15.887,138.281,159.143,139.995,60.494,59.003,79.428,112.865,129.648,86.434,45.521,51.964,154.86,179.926,129.648,147.714,94.601,116.376,22.848,47.766,51.964,154.86,179.849,94.99,170.391
vrikshasana,good,2,1.mp4,117.24,137.016,28.251,47.566,28.251,47.566,147.06,140.39,53.873,152.618,14.665,130.386,157.393,139.7,55.361,57.247,79.067,112.887,130.853,88.227,44.096,53.873,152.618,179.926,130.853,154.088,100.178,114.107,28.251,47.566,53.873,152.618,179.855,111.232,171.692
vrikshasana,good,2,1.mp4,111.932,133.355,45.075,47.478,45.075,47.478,149.979,146.921,61.079,156.543,16.386,126.189,155.012,140.997,60.037,54.444,79.755,111.558,124.993,94.719,44.533,61.079,156.543,179.929,124.993,159.31,122.006,112.318,45.075,47.478,61.079,156.543,179.851,107.208,169.346
vrikshasana,good,2,1.mp4,103.649,129.36,43.045,47.265,43.045,47.265,172.774,148.861,66.847,157.86,15.593,123.012,153.484,141.587,57.156,54.537,79.74,106.531,121.202,97.355,42.245,66.847,157.86,179.923,121.202,165.598,125.335,112.735,43.045,47.265,66.847,157.86,179.86,113.143,166.354
vrikshasana,good,2,1.mp4,102.197,124.116,39.122,47.417,39.122,47.417,168.905,155.235,62.822,157.141,14.452,121.585,154.675,140.344,53.556,55.432,79.915,106.806,124.806,94.63,41.85,62.822,157.141,179.926,124.806,168.785,118.034,111.908,39.122,47.417,62.822,157.141,179.86,122.332,166.377
vrikshasana,good,2,1.mp4,103.285,128.866,36.885,51.118,36.885,51.118,161.943,160.189,59.927,153.157,14.232,118.385,153.172,141.563,54.544,52.108,79.829,106.84,127.836,90.644,40.833,59.927,153.157,179.926,127.836,166.886,114.079,112.366,36.885,51.118,59.927,153.157,179.862,119.95,168.979
vrikshasana,good,2,1.mp4,100.723,121.518,35.566,53.056,35.566,53.056,161.569,159.324,59.492,136.492,14.096,105.628,153.314,140.174,52.288,53.62,82.823,105.525,129.449,85.493,38.469,59.492,136.492,179.926,129.449,159.601,115.426,112.627,35.566,53.056,59.492,136.492,179.86,118.11,175.312
vrikshasana,good,2,1.mp4,87.621,106.626,39.103,48.332,39.103,48.332,169.579,147.649,37.319,111.348,12.082,92.583,149.441,147.879,49.634,39.285,81.864,101.847,151.85,57.631,32.191,37.319,111.348,179.921,151.85,154.968,114.343,126.746,39.103,48.332,37.319,111.348,179.864,93.392,174.116
vrikshasana,good,2,1.mp4,123.916,164.568,88.668,140.071,88.668,140.071,169.061,175.229,39.342,108.826,10.517,93.859,154.473,142.91,41.455,46.259,85.171,92.227,150.307,57.985,31.669,39.342,108.826,179.918,150.307,159.778,156.693,135.772,88.668,140.071,39.342,108.826,179.878,137.782,168.645
vrikshasana,good,2,1.mp4,130.453,165.475,117.235,157.336,117.235,157.336,170.009,176.227,34.83,86.324,12.919,85.517,154.041,150.217,42.217,40.842,96.929,83.452,162.349,51.344,35.75,34.83,86.324,179.921,162.349,154.173,134.33,139.013,117.235,157.336,34.83,86.324,179.885,166.454,149.203
vrikshasana,good,2,1.mp4,128.432,162.385,145.541,164.983,145.541,164.983,164.589,162.725,33.891,78.292,12.224,77.328,154.125,154.546,43.521,34.614,103.042,79.272,161.917,48.156,33.411,33.891,78.292,179.916,161.917,141.036,111.319,124.23,145.541,164.983,33.891,78.292,179.886,135.011,144.509
vrikshasana,good,2,1.mp4,147.5,143.415,166.365,168.711,166.365,168.711,159.974,160.715,41.141,94.262,13.378,84.818,154.267,159.787,47.733,35.178,100.02,82.934,152.765,58.701,36.418,41.141,94.262,179.909,152.765,151.447,88.148,105.724,166.365,168.711,41.141,94.262,179.883,149.002,154.641
vrikshasana,good,2,1.mp4,150.508,142.594,162.36,170.808,162.36,170.808,154.307,150.769,43.297,95.141,12.486,78.432,158.286,161.64,44.132,32.16,101.556,79.891,152.071,59.503,33.957,43.297,95.141,179.912,152.071,171.242,74.49,109.679,162.36,170.808,43.297,95.141,179.89,171.565,170.459
vrikshasana,good,2,1.mp4,148.328,142.289,143.386,173.876,143.386,173.876,143.589,140.502,43.398,121.595,14.416,100.98,159.735,164.629,44.112,27.985,86.612,83.678,153.831,64.488,39.359,43.398,121.595,179.914,153.831,172.577,78.426,104.701,143.386,173.876,43.398,121.595,179.888,168.359,173.405
vrikshasana,good,2,1.mp4,146.185,141.988,148.757,176.848,148.757,176.848,139.248,145.267,39.785,137.334,14.599,122.745,161.118,164.359,46.189,27.664,75.635,83.848,160.087,64.095,43.916,39.785,137.334,179.907,160.087,175.898,78.937,106.1,148.757,176.848,39.785,137.334,179.89,171.286,176.753
vrikshasana,good,2,1.mp4,152.333,139.503,148.857,177.652,148.857,177.652,141.834,145.745,42.155,146.067,16.307,130.918,162.993,163.723,50.285,26.889,73.071,86.717,159.547,69.492,48.379,42.155,146.067,179.901,159.547,173.627,78.999,105.298,148.857,177.652,42.155,146.067,179.89,168.578,175.523
vrikshasana,good,2,1.mp4,150.131,141.935,156.968,177.195,156.968,177.195,141.436,149.535,40.942,147.165,14.469,132.574,163.964,162.302,47.976,23.493,75.774,85.243,159.513,67.484,45.882,40.942,147.165,179.907,159.513,173.549,74.626,106.709,156.968,177.195,40.942,147.165,179.892,168.087,175.616
vrikshasana,good,2,1.mp4,123.15,136.058,159.097,159.644,159.097,159.644,172.45,163.341,48.074,116.122,17.755,86.34,156.968,160.598,35.407,24.642,106.562,71.537,144.605,63.8,31.529,48.074,116.122,179.909,144.605,167.052,98.093,122.519,159.097,159.644,48.074,116.122,179.893,162.464,161.707
vrikshasana,good,2,1.mp4,130.482,139.655,124.088,119.671,124.088,119.671,162.23,159.746,148.801,147.314,159.32,164.996,139.556,148.799,47.024,34.526,71.975,128.052,130.272,153.904,163.8,148.801,147.314,179.926,130.272,145.089,124.138,133.94,124.088,119.671,148.801,147.314,179.901,146.93,138.817
vrikshasana,good,2,1.mp4,106.422,127.151,60.88,68.301,60.88,68.301,157.899,165.138,145.511,147.851,172.098,166.552,148.822,153.173,33.665,26.432,87.303,103.998,135.211,149.679,169.773,145.511,147.851,179.926,135.211,143.314,150.323,128.553,60.88,68.301,145.511,147.851,179.89,141.233,141.577
vrikshasana,good,2,2.mp4,104.129,132.346,29.323,58.499,29.323,58.499,139.124,147.051,121.694,118.306,131.074,117.538,168.613,153.792,86.398,35.152,92.045,69.322,169.546,119.493,125.02,121.694,118.306,179.921,169.546,151.667,78.677,106.25,29.323,58.499,121.694,118.306,179.856,147.585,156.245
vrikshasana,good,2,2.mp4,90.966,125.251,16.116,51.108,16.116,51.108,152.707,154.761,170.148,157.01,156.935,140.028,145.609,153.269,77.815,45.219,96.918,66.359,154.865,163.927,149.428,170.148,157.01,179.916,154.865,175.359,84.407,106.192,16.116,51.108,170.148,157.01,179.852,175.686,169.707
vrikshasana,good,2,2.mp4,88.97,118.104,18.857,45.433,18.857,45.433,157.225,161.391,162.853,154.497,139.889,130.653,158.708,150.991,55.683,42.54,95.965,72.118,148.939,158.946,135.38,162.853,154.497,179.916,148.939,169.533,88.559,104.889,18.857,45.433,162.853,154.497,179.848,169.467,166.032
vrikshasana,good,2,2.mp4,103.328,111.456,18.545,41.289,18.545,41.289,136.769,154.329,143.602,137.742,138.825,138.585,154.234,109.318,65.943,88.442,101.882,75.874,156.183,141.218,138.723,143.602,137.742,179.916,156.183,167.488,90.706,106.208,18.545,41.289,143.602,137.742,179.849,169.829,162.869
vrikshasana,good,2,2.mp4,82.254,84.135,13.333,32.823,13.333,32.823,140.543,163.781,91.568,45.851,82.638,40.703,173.487,141.384,39.598,39.751,72.383,94.606,158.116,60.815,53.679,91.568,45.851,179.914,158.116,144.308,78.105,113.957,13.333,32.823,91.568,45.851,179.87,162.791,117.808
vrikshasana,good,2,2.mp4,97.663,96.445,14.277,44.377,14.277,44.377,130.744,165.651,109.696,38.262,104.437,32.511,164.815,135.678,53.291,38.764,87.682,84.818,160.944,58.76,52.571,109.696,38.262,179.914,160.944,137.664,84.846,103.452,14.277,44.377,109.696,38.262,179.856,162.619,95.572
vrikshasana,good,2,2.mp4,113.374,95.413,18.765,44.878,18.765,44.878,109.672,163.104,116.881,31.992,110.151,20.779,154.516,146.631,46.744,42.501,95.389,82.873,160.715,53.568,43.772,116.881,31.992,179.912,160.715,145.83,98.707,93.498,18.765,44.878,116.881,31.992,179.849,167.805,96.284
vrikshasana,good,2,2.mp4,131.697,94.945,28.289,47.505,28.289,47.505,98.54,163.358,94.748,27.225,102.791,19.124,146.214,153.516,69.936,54.234,97.922,87.185,162.595,47.028,44.045,94.748,27.225,179.914,162.595,116.797,100.718,95.753,28.289,47.505,94.748,27.225,179.845,142.691,64.882
vrikshasana,good,2,2.mp4,128.107,97.006,32.02,45.477,32.02,45.477,107.674,161.315,96.062,35.29,103.9,13.312,152.25,158.742,65.14,57.538,104.65,90.95,159.63,53.668,41.283,96.062,35.29,179.914,159.63,124.876,102.501,92.127,32.02,45.477,96.062,35.29,179.84,142.51,70.976
vrikshasana,good,2,2.mp4,104.56,85.997,23.637,36.098,23.637,36.098,120.5,165.98,105.338,44.05,109.717,15.086,148.456,163.045,64.244,58.849,114.071,84.033,158.209,65.732,46.431,105.338,44.05,179.914,158.209,153.599,98.45,92.709,23.637,36.098,105.338,44.05,179.843,147.604,170.267
vrikshasana,good,2,2.mp4,99.765,79.141,24.03,28.982,24.03,28.982,123.737,164.252,115.143,59.421,110.99,28.691,161.388,172.095,44.872,42.341,128.339,83.417,158.678,81.079,57.688,115.143,59.421,179.914,158.678,173.229,100.679,91.429,24.03,28.982,115.143,59.421,179.844,162.665,170.136
vrikshasana,good,2,2.mp4,87.767,72.41,30.404,22.611,30.404,22.611,140.38,165.841,112.81,68.743,109.502,40.722,156.446,176.629,52.969,16.836,132.239,83.146,157.708,87.212,63.241,112.81,68.743,179.918,157.708,176.133,105.995,90.243,30.404,22.611,112.81,68.743,179.855,161.774,163.102
vrikshasana,good,2,2.mp4,81.115,74.472,32.95,24.434,32.95,24.434,148.811,166.229,122.662,69.455,115.047,38.521,156.569,176.065,48.825,23.735,136.239,79.805,157.385,91.105,65.669,122.662,69.455,179.918,157.385,176.377,113.407,87.208,32.95,24.434,122.662,69.455,179.852,168.871,162.995
vrikshasana,good,2,2.mp4,80.181,73.184,34.204,22.139,34.204,22.139,151.258,165.575,129.049,72.497,121.163,42.587,154.064,176.865,51.624,20.896,133.451,78.635,156.777,95.824,69.466,129.049,72.497,179.909,156.777,173.662,109.733,93.902,34.204,22.139,129.049,72.497,179.852,170.347,159.403
vrikshasana,good,2,2.mp4,74.322,69.1,31.376,22.531,31.376,22.531,156.611,168.162,145.423,71.969,139.934,40.226,154.302,176.687,55.041,25.07,129.576,74.222,159.065,101.339,73.175,145.423,71.969,179.916,159.065,174.63,107.511,96.094,31.376,22.531,145.423,71.969,179.848,171.429,160.15
vrikshasana,good,2,2.mp4,71.494,74.515,33.483,27.592,33.483,27.592,160.778,167.332,150.478,75.793,141.967,39.397,152.285,178.686,51.532,20.975,136.207,77.806,159.302,106.986,75.312,150.478,75.793,179.914,159.302,172.658,113.652,94.719,33.483,27.592,150.478,75.793,179.845,171.734,159.613
vrikshasana,good,2,20260218_153842.mp4,119.682,125.916,22.599,35.737,22.599,35.737,152.16,165.331,141.399,107.504,125.185,74.039,158.835,145.065,76.493,56.536,99.827,84.776,136.837,122.507,95.92,141.399,107.504,179.901,136.837,170.543,91.435,110.033,22.599,35.737,141.399,107.504,179.828,170.265,164.346
vrikshasana,good,2,20260218_153842.mp4,93.64,89.385,19.258,18.786,19.258,18.786,143.303,163.788,106.556,67.825,114.829,48.703,140.359,147.158,92.759,54.857,103.594,93.387,150.517,82.768,72.883,106.556,67.825,179.897,150.517,135.745,82.241,111.487,19.258,18.786,106.556,67.825,179.823,140.593,128.51
vrikshasana,good,2,20260218_153842.mp4,90.304,93.801,22.462,19.28,22.462,19.28,159.423,156.473,119.164,56.17,118.39,26.969,152.232,148.511,70.611,38.234,107.237,93.344,151.226,76.232,54.918,119.164,56.17,179.899,151.226,146.623,83.693,112.112,22.462,19.28,119.164,56.17,179.821,153.964,125.108
vrikshasana,good,2,20260218_153842.mp4,92.372,83.9,24.731,12.644,24.731,12.644,156.777,153.876,114.036,51.349,116.877,18.714,157.828,148.338,63.848,48.941,109.946,91.451,156.735,71.252,49.094,114.036,51.349,179.897,156.735,147.023,82.041,112.162,24.731,12.644,114.036,51.349,179.82,150.698,130.843
vrikshasana,good,2,20260218_153842.mp4,99.261,88.964,30.154,15.682,30.154,15.682,159.358,158.751,106.874,58.521,104.016,16.932,146.564,154.245,71.164,56.054,106.317,94.379,151.759,75.625,45.601,106.874,58.521,179.901,151.759,149.596,82.443,114.906,30.154,15.682,106.874,58.521,179.82,151.126,139.101
vrikshasana,good,2,20260218_153842.mp4,95.698,79.842,28.224,15.061,28.224,15.061,158.07,162.201,109.796,58.748,107.947,16.71,151.786,159.236,63.279,50.417,105.553,93.002,152.908,77.641,47.695,109.796,58.748,179.903,152.908,156.351,82.277,113.397,28.224,15.061,109.796,58.748,179.821,152.938,159.056
vrikshasana,good,2,20260218_153842.mp4,99.897,99.5,31.518,37.773,31.518,37.773,155.522,160.316,111.017,51.681,110.295,17.045,149.525,163.705,59.689,52.6,109.206,92.038,158.494,72.839,48.718,111.017,51.681,179.901,158.494,144.316,89.155,104.588,31.518,37.773,111.017,51.681,179.82,155.096,108.089
vrikshasana,good,2,20260218_153842.mp4,95.936,113.909,28.082,53.61,28.082,53.61,152.382,163.511,111.043,48.86,111.58,14.95,149.173,169.774,59.334,55.214,124.785,87.91,163.36,70.989,49.614,111.043,48.86,179.901,163.36,145.919,98.394,88.202,28.082,53.61,111.043,48.86,179.807,154.982,120.373
vrikshasana,good,2,20260218_153842.mp4,95.728,113.423,34.762,58.543,34.762,58.543,154.444,164.57,106.136,43.82,111.525,15.842,148.455,163.107,64.577,59.018,124.143,86.292,165.301,64.682,47.165,106.136,43.82,179.897,165.301,136.778,97.426,86.665,34.762,58.543,106.136,43.82,179.806,149.333,99.79
vrikshasana,good,2,20260218_153842.mp4,95.805,110.136,33.934,55.593,33.934,55.593,152.123,161.078,102.305,40.688,109.501,14.195,149.273,158.054,62.111,54.47,125.098,86.303,166.487,60.295,45.542,102.305,40.688,179.899,166.487,139.069,95.735,85.509,33.934,55.593,102.305,40.688,179.804,147.778,114.665
vrikshasana,good,2,20260218_153842.mp4,99.818,105.726,32.924,49.352,32.924,49.352,153.074,163.455,103.439,42.64,108.854,11.611,148.651,163.523,62.928,44.572,126.429,86.055,163.161,61.744,42.464,103.439,42.64,179.895,163.161,140.196,89.324,96.253,32.924,49.352,103.439,42.64,179.807,149.115,108.14
vrikshasana,good,2,20260218_153842.mp4,100.288,102.804,32.274,46.822,32.274,46.822,154.483,165.432,105.372,48.024,108.586,10.64,146.348,162.842,65.594,55.286,130.824,82.493,161.829,66.894,42.894,105.372,48.024,179.897,161.829,141.737,84.276,103.184,32.274,46.822,105.372,48.024,179.808,149.855,106.165
vrikshasana,good,2,20260218_153842.mp4,97.923,112.928,29.36,53.608,29.36,53.608,153.083,161.655,105.758,52.157,110.682,10.774,139.069,162.366,73.382,53.003,141.234,83.075,162.585,70.488,43.872,105.758,52.157,179.897,162.585,141.18,87.406,102.756,29.36,53.608,105.758,52.157,179.805,147.282,114.827
vrikshasana,good,2,20260218_153842.mp4,92.689,97.276,23.499,35.436,23.499,35.436,153.642,156.742,114.784,54.331,117.269,10.86,144.044,164.263,67.709,51.067,140.762,87.04,159.822,75.448,45.101,114.784,54.331,179.899,159.822,148.873,93.425,94.618,23.499,35.436,114.784,54.331,179.803,151.02,141.732
vrikshasana,good,2,20260218_153842.mp4,92.289,102.554,23.277,37.69,23.277,37.69,154.854,158.328,120.186,59.408,117.191,12.621,147.623,167.635,60.45,51.818,140.492,87.984,157.52,82.123,47.99,120.186,59.408,179.897,157.52,159.48,94.914,93.607,23.277,37.69,120.186,59.408,179.809,156.706,166.034
vrikshasana,good,2,20260218_153842.mp4,93.696,106.554,22.727,39.95,22.727,39.95,153.183,157.966,118.146,62.552,115.246,14.127,147.305,167.931,58.666,48.005,141.183,87.005,157.498,85.056,49.73,118.146,62.552,179.903,157.498,161.212,92.248,94.01,22.727,39.95,118.146,62.552,179.807,155.758,168.094
vrikshasana,good,2,20260218_153842.mp4,95.919,105.737,24.261,39.723,24.261,39.723,152.216,157.657,117.686,63.216,114.753,15.867,145.897,168.64,57.714,52.133,139.934,86.881,157.298,85.345,51.192,117.686,63.216,179.903,157.298,163.248,92.948,92.831,24.261,39.723,117.686,63.216,179.812,156.797,168.768
vrikshasana,good,2,20260218_153842.mp4,96.753,103.85,25.772,38.907,25.772,38.907,151.485,159.336,118.957,61.284,115.68,13.429,145.325,169.106,56.442,50.484,132.919,87.018,157.967,83.744,49.87,118.957,61.284,179.901,157.967,161.336,92.018,92.298,25.772,38.907,118.957,61.284,179.811,158.044,164.487
vrikshasana,good,2,20260218_153842.mp4,96.674,104.896,26.805,38.342,26.805,38.342,152.578,160.615,120.707,60.849,116.478,12.001,143.533,167.997,58.591,52.495,131.101,86.167,157.019,83.694,48.825,120.707,60.849,179.899,157.019,160.862,92.365,92.144,26.805,38.342,120.707,60.849,179.812,159.407,158.94
vrikshasana,good,2,20260218_153842.mp4,96.414,107.123,29.558,40.568,29.558,40.568,154.425,159.572,120.787,59.359,116.582,11.957,145.327,169.48,57.264,49.469,129.821,85.527,159.149,82.496,48.854,120.787,59.359,179.899,159.149,160.942,93.831,92.727,29.558,40.568,120.787,59.359,179.814,160.042,158.332
vrikshasana,good,2,20260218_153842.mp4,95.621,101.311,24.329,35.106,24.329,35.106,152.047,161.327,123.488,60.463,116.795,11.477,151.941,167.691,56.0,50.122,129.171,83.816,156.101,84.069,48.611,123.488,60.463,179.897,156.101,161.296,93.274,99.612,24.329,35.106,123.488,60.463,179.82,163.255,146.536
vrikshasana,good,2,20260218_153842.mp4,94.467,94.081,21.205,27.726,21.205,27.726,153.844,161.988,127.273,62.717,120.817,13.251,151.37,167.671,58.522,47.058,126.551,82.297,153.596,86.058,49.612,127.273,62.717,179.897,153.596,171.022,92.17,103.648,21.205,27.726,127.273,62.717,179.828,165.012,162.04
vrikshasana,good,2,20260218_153842.mp4,98.796,91.566,19.633,20.937,19.633,20.937,153.191,163.347,137.603,69.649,124.408,12.763,152.376,168.841,58.323,49.981,119.928,82.359,145.735,93.738,49.939,137.603,69.649,179.895,145.735,178.021,87.353,109.062,19.633,20.937,137.603,69.649,179.83,172.542,156.898
vrikshasana,good,2,20260218_153842.mp4,101.815,94.191,20.692,22.031,20.692,22.031,151.316,160.881,129.617,65.423,119.356,11.232,150.916,165.209,58.36,50.944,113.042,83.577,148.037,86.545,45.3,129.617,65.423,179.897,148.037,173.924,86.263,111.593,20.692,22.031,129.617,65.423,179.832,168.376,157.406
vrikshasana,good,2,20260218_153842.mp4,101.702,99.124,21.941,25.747,21.941,25.747,152.594,162.899,129.73,63.598,119.527,10.917,150.255,166.717,58.097,50.789,112.722,82.447,149.267,85.049,44.961,129.73,63.598,179.899,149.267,170.393,88.211,111.876,21.941,25.747,129.73,63.598,179.832,168.332,154.915
vrikshasana,good,2,20260218_153842.mp4,100.177,100.97,22.022,26.249,22.022,26.249,154.157,159.406,130.719,60.16,122.59,11.127,146.991,166.359,59.741,49.285,111.854,81.856,151.992,82.231,44.799,130.719,60.16,179.899,151.992,165.104,88.99,108.719,22.022,26.249,130.719,60.16,179.831,167.439,141.448
vrikshasana,good,2,20260218_153842.mp4,99.535,100.69,21.343,20.401,21.343,20.401,155.53,152.837,132.566,60.748,123.779,10.891,147.158,166.348,59.542,49.697,112.648,81.251,151.351,83.465,45.374,132.566,60.748,179.899,151.351,166.875,89.023,106.636,21.343,20.401,132.566,60.748,179.832,168.298,146.537
vrikshasana,good,2,20260218_153842.mp4,100.504,98.871,25.281,24.608,25.281,24.608,160.444,159.168,132.319,60.84,123.856,11.137,146.794,164.991,59.045,50.084,113.124,81.568,151.878,83.453,45.813,132.319,60.84,179.899,151.878,166.574,89.405,107.916,25.281,24.608,132.319,60.84,179.83,168.124,145.704
vrikshasana,good,2,20260218_153842.mp4,103.638,103.153,27.735,27.789,27.735,27.789,158.064,163.35,133.372,63.027,123.806,11.196,146.081,164.178,59.765,51.818,113.442,82.34,150.659,85.535,45.932,133.372,63.027,179.901,150.659,167.946,91.788,110.816,27.735,27.789,133.372,63.027,179.828,168.803,147.038
vrikshasana,good,2,20260218_153842.mp4,108.521,105.07,40.708,32.168,40.708,32.168,159.416,164.215,131.213,62.384,122.278,11.354,144.465,162.722,62.39,50.46,113.101,83.629,149.951,84.708,45.005,131.213,62.384,179.897,149.951,164.817,108.326,115.788,40.708,32.168,131.213,62.384,179.826,167.061,142.049
vrikshasana,good,2,20260218_153842.mp4,115.34,103.591,58.268,42.445,58.268,42.445,157.933,165.426,128.263,60.482,121.327,11.426,145.862,162.9,60.273,49.57,113.629,83.68,153.267,83.1,46.54,128.263,60.482,179.899,153.267,166.375,126.649,129.157,58.268,42.445,128.263,60.482,179.828,165.283,155.19
vrikshasana,good,2,20260218_153842.mp4,125.595,114.039,75.056,58.19,75.056,58.19,160.507,165.18,134.663,59.46,129.084,14.287,147.256,163.691,59.331,45.226,114.615,81.954,156.0,84.768,50.853,134.663,59.46,179.897,156.0,173.953,144.307,143.083,75.056,58.19,134.663,59.46,179.828,166.941,163.813
vrikshasana,good,2,20260218_153842.mp4,130.927,123.531,84.152,72.293,84.152,72.293,158.443,165.838,136.088,58.678,130.506,13.991,147.197,164.184,60.293,44.367,114.21,81.965,156.018,84.475,50.845,136.088,58.678,179.895,156.018,173.655,155.33,155.334,84.152,72.293,136.088,58.678,179.826,167.373,164.808
vrikshasana,good,2,20260218_153842.mp4,136.951,131.627,93.104,82.374,93.104,82.374,160.006,162.092,134.18,56.852,128.991,13.668,147.475,163.907,60.237,43.297,113.709,82.32,156.743,82.33,49.903,134.18,56.852,179.899,156.743,172.511,165.869,167.387,93.104,82.374,134.18,56.852,179.823,166.669,165.921
vrikshasana,good,2,20260218_153842.mp4,141.532,137.904,99.847,89.502,99.847,89.502,161.381,163.125,131.236,55.228,127.213,13.719,143.786,163.873,65.147,43.536,115.39,83.114,157.683,80.509,49.583,131.236,55.228,179.899,157.683,170.491,175.209,175.33,99.847,89.502,131.236,55.228,179.822,164.91,166.729
vrikshasana,good,2,20260218_153842.mp4,146.372,153.348,108.487,100.099,108.487,100.099,163.05,163.87,133.835,58.8,128.767,13.017,143.473,163.884,68.018,44.181,114.832,83.18,151.354,84.151,48.035,133.835,58.8,179.899,151.354,172.101,177.29,171.15,108.487,100.099,133.835,58.8,179.823,164.923,164.189
vrikshasana,good,2,20260218_153842.mp4,151.041,136.099,123.077,97.367,123.077,97.367,173.169,164.862,135.375,68.657,116.15,10.642,145.503,164.6,64.199,46.971,109.172,84.913,135.908,90.563,41.673,135.375,68.657,179.905,135.908,177.862,170.506,170.722,123.077,97.367,135.375,68.657,179.824,173.659,157.683
vrikshasana,good,2,20260218_153842.mp4,150.01,135.444,128.857,108.379,128.857,108.379,174.009,172.007,141.756,78.138,112.405,10.698,145.81,165.071,63.527,45.004,109.078,85.724,124.715,99.96,41.403,141.756,78.138,179.903,124.715,168.696,164.075,164.01,128.857,108.379,141.756,78.138,179.823,173.188,148.957
vrikshasana,good,2,20260218_153842.mp4,155.014,140.331,133.904,114.745,133.904,114.745,169.165,173.637,143.098,76.605,114.215,10.212,145.026,164.866,62.073,46.525,108.419,85.682,126.343,98.397,41.107,143.098,76.605,179.905,126.343,170.63,158.617,156.551,133.904,114.745,143.098,76.605,179.823,173.217,153.794
vrikshasana,good,2,20260218_153842.mp4,159.425,129.166,139.004,113.027,139.004,113.027,169.149,175.222,138.353,70.845,116.846,10.373,143.012,164.237,62.605,44.256,106.982,85.619,132.948,92.232,41.994,138.353,70.845,179.897,132.948,177.73,153.519,155.509,139.004,113.027,138.353,70.845,179.824,176.296,159.095
vrikshasana,good,2,20260218_153842.mp4,168.142,137.139,147.855,124.156,147.855,124.156,167.54,175.267,140.774,76.057,120.025,11.711,143.422,165.002,65.359,46.576,109.47,86.134,132.275,98.049,45.827,140.774,76.057,179.899,132.275,176.876,144.993,142.615,147.855,124.156,140.774,76.057,179.823,176.241,156.384
vrikshasana,good,2,20260218_153842.mp4,171.761,155.381,148.251,134.673,148.251,134.673,169.954,177.741,153.145,89.95,121.272,11.821,145.491,164.617,64.007,50.493,109.608,85.897,121.225,111.068,46.856,153.145,89.95,179.89,121.225,171.134,133.663,123.736,148.251,134.673,153.145,89.95,179.823,170.426,153.522
vrikshasana,good,2,20260218_153842.mp4,175.887,157.507,152.883,144.724,152.883,144.724,169.507,174.167,154.104,89.774,125.307,12.448,144.505,166.611,64.845,48.337,111.284,85.556,123.658,112.456,50.195,154.104,89.774,179.888,123.658,170.433,124.751,114.089,152.883,144.724,154.104,89.774,179.824,172.741,153.904
vrikshasana,good,2,20260218_153842.mp4,178.055,166.037,156.817,150.614,156.817,150.614,171.26,177.671,153.542,89.857,124.957,14.818,144.415,164.513,64.687,58.108,115.057,85.367,127.795,114.147,54.409,153.542,89.857,179.881,127.795,166.845,116.73,102.647,156.817,150.614,153.542,89.857,179.826,173.517,146.13
vrikshasana,good,2,20260218_153842.mp4,173.11,167.655,155.568,150.829,155.568,150.829,166.506,171.934,154.196,93.194,124.692,19.78,145.693,165.548,62.924,60.782,118.822,84.911,129.382,117.273,57.109,154.196,93.194,179.883,129.382,158.613,114.077,95.058,155.568,150.829,154.196,93.194,179.822,172.992,132.485
vrikshasana,good,2,20260218_153842.mp4,162.292,174.491,149.647,146.278,149.647,146.278,169.703,177.269,160.613,96.26,127.508,18.904,147.938,165.725,62.759,63.723,117.97,84.287,124.913,120.653,56.97,160.613,96.26,179.878,124.913,154.832,110.35,89.682,149.647,146.278,160.613,96.26,179.825,168.536,129.243
vrikshasana,good,2,20260218_153842.mp4,161.498,169.726,146.685,140.831,146.685,140.831,168.31,162.586,165.234,99.399,124.177,17.034,152.37,165.48,57.222,59.352,117.005,84.05,117.572,122.92,54.632,165.234,99.399,179.875,117.572,149.135,106.56,85.71,146.685,140.831,165.234,99.399,179.823,161.113,125.291
vrikshasana,good,2,20260218_153842.mp4,174.024,160.871,159.15,150.04,159.15,150.04,161.135,164.01,158.603,94.231,123.275,17.216,152.753,165.394,56.309,60.831,117.865,84.166,121.813,116.781,53.612,158.603,94.231,179.876,121.813,153.743,103.554,85.755,159.15,150.04,158.603,94.231,179.825,166.724,128.811
vrikshasana,good,2,20260218_153842.mp4,163.287,154.909,154.578,151.713,154.578,151.713,158.338,161.991,159.762,95.282,122.195,18.289,153.219,165.685,55.327,62.526,119.043,84.395,119.461,117.676,53.284,159.762,95.282,179.869,119.461,149.612,102.385,85.565,154.578,151.713,159.762,95.282,179.821,164.457,124.43
vrikshasana,good,2,20260218_153842.mp4,155.409,151.354,158.008,156.369,158.008,156.369,164.555,166.678,157.415,94.784,122.276,19.307,152.854,165.686,54.83,62.456,120.393,84.223,121.017,116.722,54.412,157.415,94.784,179.869,121.017,150.828,102.109,83.43,158.008,156.369,157.415,94.784,179.823,166.246,125.209
vrikshasana,good,2,20260221_081148.mp4,131.625,127.331,29.924,35.133,29.924,35.133,139.728,166.068,137.299,70.993,114.662,33.585,155.002,144.089,72.215,43.08,120.173,91.452,127.548,99.15,64.819,137.299,70.993,179.905,127.548,164.91,102.816,102.671,29.924,35.133,137.299,70.993,179.838,171.593,145.09
vrikshasana,good,2,20260221_081148.mp4,134.828,124.645,33.834,46.457,33.834,46.457,156.392,164.442,124.715,49.715,109.378,18.921,157.334,153.137,59.266,47.529,125.046,93.761,142.118,77.489,51.258,124.715,49.715,179.905,142.118,155.118,107.304,102.085,33.834,46.457,124.715,49.715,179.834,167.922,115.206
vrikshasana,good,2,20260221_081148.mp4,134.041,93.162,42.391,20.292,42.391,20.292,152.077,162.79,128.06,52.967,103.123,19.463,157.543,152.411,55.803,68.147,122.172,96.869,134.175,81.288,47.426,128.06,52.967,179.907,134.175,152.866,116.063,99.827,42.391,20.292,128.06,52.967,179.839,172.647,88.186
vrikshasana,good,2,20260221_081148.mp4,115.585,95.596,40.184,17.246,40.184,17.246,151.734,164.262,127.306,59.814,102.715,16.469,155.777,154.511,56.098,75.748,121.813,97.672,128.355,86.043,43.82,127.306,59.814,179.907,128.355,156.249,108.014,102.205,40.184,17.246,127.306,59.814,179.837,171.069,94.763
vrikshasana,good,2,20260221_081148.mp4,109.685,106.268,38.106,20.205,38.106,20.205,151.061,161.556,129.139,64.96,109.12,12.844,153.83,158.599,59.081,76.543,125.228,96.113,129.671,91.041,44.733,129.139,64.96,179.909,129.671,159.767,105.733,100.541,38.106,20.205,129.139,64.96,179.837,169.073,105.265
vrikshasana,good,2,20260221_081148.mp4,115.144,102.555,39.416,16.508,39.416,16.508,149.208,158.68,126.431,64.767,112.892,10.539,152.784,162.831,60.028,68.929,127.754,94.023,134.396,90.504,47.053,126.431,64.767,179.907,134.396,162.543,107.912,98.499,39.416,16.508,126.431,64.767,179.839,165.715,138.383
vrikshasana,good,2,20260221_081148.mp4,120.588,108.026,42.267,17.113,42.267,17.113,148.438,158.343,131.856,73.478,114.061,12.144,154.674,168.739,58.308,62.786,127.545,91.976,133.522,99.795,50.81,131.856,73.478,179.903,133.522,176.155,111.425,93.929,42.267,17.113,131.856,73.478,179.84,170.736,158.445
vrikshasana,good,2,20260221_081148.mp4,119.246,106.722,40.973,13.21,40.973,13.21,149.986,158.395,135.441,79.28,118.348,16.632,155.133,172.011,61.017,65.655,131.219,90.306,132.664,106.383,55.252,135.441,79.28,179.907,132.664,179.505,111.451,91.319,40.973,13.21,135.441,79.28,179.838,170.957,151.891
vrikshasana,good,2,20260221_081148.mp4,117.668,109.905,40.451,11.548,40.451,11.548,150.566,160.484,144.44,82.194,120.658,14.41,154.004,168.501,63.058,62.386,129.111,88.923,126.194,111.206,53.44,144.44,82.194,179.909,126.194,174.183,111.146,90.586,40.451,11.548,144.44,82.194,179.838,176.912,147.901
vrikshasana,good,2,20260221_081148.mp4,115.646,102.781,31.729,14.468,31.729,14.468,154.199,163.591,144.829,84.267,122.453,13.366,152.831,170.117,64.984,63.16,124.795,88.013,125.302,111.569,51.777,144.829,84.267,179.907,125.302,174.975,100.166,97.965,31.729,14.468,144.829,84.267,179.839,176.298,148.506
vrikshasana,good,2,20260221_081148.mp4,120.644,99.597,24.467,21.246,24.467,21.246,152.25,166.831,152.373,91.772,125.632,11.99,153.244,171.728,63.972,56.0,112.139,87.449,116.774,115.591,48.499,152.373,91.772,179.912,116.774,168.021,89.514,103.437,24.467,21.246,152.373,91.772,179.848,175.371,145.318
vrikshasana,good,2,20260221_081148.mp4,118.531,100.897,22.239,19.208,22.239,19.208,150.902,165.896,153.759,89.304,123.562,12.044,155.942,168.149,56.822,55.482,109.205,86.785,119.121,113.301,46.59,153.759,89.304,179.912,119.121,169.77,88.487,101.45,22.239,19.208,153.759,89.304,179.845,172.331,150.765
vrikshasana,good,2,20260221_081148.mp4,118.327,98.794,21.448,18.651,21.448,18.651,152.232,165.94,153.385,88.059,124.197,12.225,155.857,170.319,57.684,54.645,107.677,86.662,121.736,112.404,47.779,153.385,88.059,179.912,121.736,167.95,88.486,100.578,21.448,18.651,153.385,88.059,179.848,173.24,150.14
vrikshasana,good,2,20260221_081148.mp4,118.739,107.722,22.654,17.271,22.654,17.271,147.38,160.859,154.405,85.43,126.843,12.572,156.75,168.854,58.189,54.332,108.986,85.678,125.448,111.262,48.462,154.405,85.43,179.912,125.448,170.348,90.775,98.763,22.654,17.271,154.405,85.43,179.851,174.184,150.472
vrikshasana,good,2,20260221_081148.mp4,124.218,111.187,34.644,20.19,34.644,20.19,144.866,159.309,166.28,91.177,132.115,13.546,156.205,170.598,62.29,61.044,109.482,84.616,117.819,118.689,49.806,166.28,91.177,179.909,117.819,166.481,101.246,99.124,34.644,20.19,166.28,91.177,179.849,165.824,149.252
vrikshasana,good,2,20260221_081148.mp4,165.378,155.873,137.492,130.697,137.492,130.697,172.477,170.306,151.998,82.872,129.129,17.986,158.36,167.683,70.162,66.076,110.432,83.97,129.537,110.952,54.513,151.998,82.872,179.909,129.537,162.194,152.85,134.5,137.492,130.697,151.998,82.872,179.856,176.396,135.265
vrikshasana,good,2,20260221_081148.mp4,164.054,166.923,143.37,139.661,143.37,139.661,160.782,170.674,152.871,85.261,131.133,17.752,159.603,167.489,71.046,67.512,112.358,83.126,129.404,112.45,54.849,152.871,85.261,179.909,129.404,164.016,138.839,123.498,143.37,139.661,152.871,85.261,179.852,174.842,136.306
vrikshasana,good,2,20260221_081722.mp4,145.356,150.173,23.547,32.176,23.547,32.176,142.292,152.652,170.491,139.423,140.885,114.333,159.907,143.432,76.132,81.929,86.866,81.486,133.054,154.677,126.615,170.491,139.423,179.926,133.054,173.854,99.22,101.016,23.547,32.176,170.491,139.423,179.862,166.163,171.505
vrikshasana,good,2,20260221_081722.mp4,147.625,136.568,21.185,29.82,21.185,29.82,139.288,157.997,167.875,136.421,141.026,114.399,143.779,156.824,96.601,62.428,90.329,82.429,133.17,152.498,126.826,167.875,136.421,179.923,133.17,176.182,95.393,101.619,21.185,29.82,167.875,136.421,179.863,167.46,170.108
vrikshasana,good,2,20260221_081722.mp4,141.911,126.669,23.421,25.856,23.421,25.856,136.227,162.627,146.742,99.202,117.581,62.959,170.593,145.561,66.342,47.568,107.146,86.281,130.684,122.241,86.099,146.742,99.202,179.929,130.684,177.623,94.398,100.233,23.421,25.856,146.742,99.202,179.862,171.691,166.702
vrikshasana,good,2,20260221_081722.mp4,140.748,117.332,27.772,28.157,27.772,28.157,134.349,166.751,147.134,70.395,128.363,28.251,172.39,151.569,64.683,48.667,115.326,90.668,137.075,103.071,65.519,147.134,70.395,179.929,137.075,172.195,92.334,105.731,27.772,28.157,147.134,70.395,179.863,169.979,153.021
vrikshasana,good,2,20260221_081722.mp4,156.437,132.489,33.872,31.756,33.872,31.756,119.355,153.381,149.075,60.88,135.561,18.211,166.326,152.659,73.442,56.182,123.329,91.181,139.141,97.467,60.146,149.075,60.88,179.926,139.141,166.913,97.617,98.542,33.872,31.756,149.075,60.88,179.859,168.646,131.85
vrikshasana,good,2,20260221_081722.mp4,139.941,117.033,35.639,21.462,35.639,21.462,128.573,160.249,151.001,63.582,130.032,14.777,164.529,155.376,55.766,61.888,123.127,91.37,131.58,99.683,54.418,151.001,63.582,179.926,131.58,172.044,98.399,98.129,35.639,21.462,151.001,63.582,179.859,166.268,122.898
vrikshasana,good,2,20260221_081722.mp4,129.5,109.46,34.042,18.105,34.042,18.105,128.44,162.503,142.874,64.792,123.777,15.447,162.21,159.706,53.779,74.633,121.738,93.507,131.643,96.045,48.947,142.874,64.792,179.929,131.643,163.912,97.065,98.547,34.042,18.105,142.874,64.792,179.86,166.169,100.076
vrikshasana,good,2,20260221_081722.mp4,122.059,99.418,35.088,5.542,35.088,5.542,140.559,159.177,139.093,71.264,114.583,12.42,158.153,147.961,52.017,85.905,121.921,95.654,129.473,100.641,48.361,139.093,71.264,179.929,129.473,169.745,98.809,95.688,35.088,5.542,139.093,71.264,179.864,165.984,116.627
vrikshasana,good,2,20260221_081722.mp4,116.207,104.137,34.629,6.213,34.629,6.213,143.521,157.583,140.344,73.598,114.248,13.727,157.62,151.982,52.171,81.084,122.044,93.478,129.059,103.516,49.575,140.344,73.598,179.926,129.059,169.663,96.789,95.854,34.629,6.213,140.344,73.598,179.866,166.937,122.44
vrikshasana,good,2,20260221_081722.mp4,118.794,108.045,36.705,6.359,36.705,6.359,144.704,159.57,144.494,77.42,114.02,13.975,160.874,168.41,50.892,69.131,117.226,91.819,127.823,106.746,50.765,144.494,77.42,179.926,127.823,172.268,97.577,95.43,36.705,6.359,144.494,77.42,179.869,167.076,145.231
vrikshasana,good,2,20260221_081722.mp4,117.906,109.12,38.56,7.298,38.56,7.298,147.084,158.985,148.913,78.698,114.637,12.795,159.634,168.678,50.902,61.501,115.309,89.81,125.952,108.006,49.727,148.913,78.698,179.921,125.952,170.283,101.539,93.978,38.56,7.298,148.913,78.698,179.87,165.669,149.809
vrikshasana,good,2,20260221_081722.mp4,116.609,105.285,38.928,8.611,38.928,8.611,147.513,160.035,153.068,83.158,114.35,12.334,154.786,170.014,54.676,63.487,116.339,87.841,122.026,112.877,50.589,153.068,83.158,179.929,122.026,163.819,100.899,95.326,38.928,8.611,153.068,83.158,179.87,162.142,152.735
vrikshasana,good,2,20260221_081722.mp4,121.28,101.622,36.129,19.313,36.129,19.313,140.563,162.919,156.131,86.438,122.009,17.307,151.936,169.502,59.499,53.887,117.459,86.038,122.583,117.112,54.383,156.131,86.438,179.926,122.583,158.337,96.42,105.445,36.129,19.313,156.131,86.438,179.872,166.559,138.809
vrikshasana,good,2,20260221_081722.mp4,131.788,108.899,34.05,21.104,34.05,21.104,134.733,156.722,165.596,86.303,130.768,15.07,154.647,173.234,55.689,60.763,114.402,81.389,123.897,117.546,54.327,165.596,86.303,179.923,123.897,158.15,95.017,106.01,34.05,21.104,165.596,86.303,179.875,162.883,144.109
vrikshasana,good,2,20260221_081722.mp4,133.399,114.422,31.101,21.622,31.101,21.622,140.277,154.74,166.096,85.418,132.662,15.692,154.194,170.954,56.759,59.17,114.891,79.931,127.118,116.958,54.941,166.096,85.418,179.923,127.118,159.252,94.33,104.438,31.101,21.622,166.096,85.418,179.87,164.547,144.949
vrikshasana,good,2,20260221_081722.mp4,170.909,159.029,115.738,111.285,115.738,111.285,166.511,176.918,159.72,78.479,137.816,18.918,164.675,170.962,56.354,62.964,115.652,76.957,142.457,110.737,60.776,159.72,78.479,179.931,142.457,166.043,177.921,136.516,115.738,111.285,159.72,78.479,179.878,174.531,148.309
vrikshasana,good,2,20260221_081722.mp4,171.552,159.565,126.179,124.118,126.179,124.118,174.027,174.307,161.464,80.881,138.961,17.727,164.956,170.311,61.541,65.296,115.443,77.323,136.411,112.399,59.201,161.464,80.881,179.926,136.411,165.211,164.947,137.965,126.179,124.118,161.464,80.881,179.875,173.642,146.084
vrikshasana,good,2,20260221_081722.mp4,165.893,155.16,134.129,134.898,134.129,134.898,167.786,175.934,163.26,82.035,138.295,16.415,163.614,168.683,59.893,63.578,112.206,77.604,135.771,112.11,56.719,163.26,82.035,179.923,135.771,163.959,153.961,131.976,134.129,134.898,163.26,82.035,179.878,171.823,145.922
vrikshasana,good,2,20260221_081722.mp4,152.215,158.237,142.053,143.992,142.053,143.992,147.767,177.478,158.988,82.537,138.526,17.818,161.501,171.458,62.034,67.139,115.285,78.528,137.949,110.64,56.702,158.988,82.537,179.916,137.949,166.101,140.002,122.89,142.053,143.992,158.988,82.537,179.867,173.951,145.745
vrikshasana,good,2,20260221_082041.mp4,91.665,85.142,22.989,12.76,22.989,12.76,153.295,164.046,137.603,73.9,112.228,14.511,157.533,174.355,44.306,46.164,114.609,78.583,140.132,95.917,47.845,137.603,73.9,179.899,140.132,165.963,82.501,112.224,22.989,12.76,137.603,73.9,179.82,174.554,146.87
vrikshasana,good,2,20260221_082041.mp4,95.43,92.441,21.744,14.486,21.744,14.486,153.507,163.54,146.076,71.809,114.428,11.191,158.626,174.376,41.972,38.876,112.242,75.783,136.96,95.649,44.973,146.076,71.809,179.901,136.96,163.387,86.623,107.535,21.744,14.486,146.076,71.809,179.823,167.576,148.929
vrikshasana,good,2,20260221_082041.mp4,98.992,93.794,20.085,14.972,20.085,14.972,152.718,161.406,146.303,72.994,112.372,10.419,160.354,170.867,39.823,46.269,113.681,74.671,137.543,97.006,45.547,146.303,72.994,179.899,137.543,161.958,84.68,107.904,20.085,14.972,146.303,72.994,179.822,164.716,148.078
vrikshasana,good,2,20260221_082041.mp4,106.018,97.411,39.825,34.307,39.825,34.307,151.082,166.97,148.499,83.674,107.105,11.291,158.306,171.131,42.57,52.213,108.538,77.933,129.26,105.668,45.568,148.499,83.674,179.899,129.26,155.081,100.005,128.063,39.825,34.307,148.499,83.674,179.829,158.824,143.997
vrikshasana,good,2,20260221_082041.mp4,140.768,122.937,82.878,62.912,82.878,62.912,138.933,137.062,156.788,87.973,112.864,20.892,159.657,168.148,40.728,55.571,111.457,76.304,128.957,113.419,54.322,156.788,87.973,179.903,128.957,142.854,132.886,145.911,82.878,62.912,156.788,87.973,179.83,153.646,126.841
vrikshasana,good,2,20260221_082041.mp4,159.26,152.883,114.154,76.047,114.154,76.047,154.474,113.544,173.223,85.172,134.027,29.539,160.936,169.069,44.08,65.57,111.291,66.066,136.063,119.727,70.662,173.223,85.172,179.907,136.063,144.584,150.449,153.901,114.154,76.047,173.223,85.172,179.844,153.776,131.508
vrikshasana,good,2,20260221_082041.mp4,160.625,138.619,139.079,101.216,139.079,101.216,153.31,145.427,161.474,86.053,127.945,32.295,156.134,169.879,43.251,60.632,108.686,66.543,136.021,116.468,69.578,161.474,86.053,179.912,136.021,148.254,150.129,155.227,139.079,101.216,161.474,86.053,179.853,161.854,131.203
vrikshasana,good,2,20260221_082041.mp4,119.799,112.627,148.518,125.029,148.518,125.029,141.669,151.333,140.427,91.639,106.539,30.31,155.58,169.277,46.611,62.395,108.365,80.515,132.254,113.118,60.781,140.427,91.639,179.916,132.254,148.875,148.178,134.539,148.518,125.029,140.427,91.639,179.853,167.031,125.65
vrikshasana,good,2,20260221_082041.mp4,101.62,112.384,161.696,152.641,161.696,152.641,128.572,163.309,147.953,98.699,114.749,30.265,155.102,168.911,53.937,68.907,109.863,77.441,129.496,120.004,64.363,147.953,98.699,179.918,129.496,146.345,136.658,104.347,161.696,152.641,147.953,98.699,179.859,166.195,118.577
vrikshasana,good,2,20260221_082347.mp4,99.55,99.007,23.712,17.562,23.712,17.562,153.388,148.457,146.602,73.343,108.169,11.447,167.004,172.2,39.129,42.67,103.227,83.019,131.545,93.968,39.793,146.602,73.343,179.88,131.545,160.05,90.033,97.122,23.712,17.562,146.602,73.343,179.784,158.937,147.759
vrikshasana,good,2,20260221_082347.mp4,99.885,94.387,25.679,13.935,25.679,13.935,149.265,164.377,157.507,73.53,119.736,15.281,166.221,170.226,38.324,54.889,103.892,80.877,131.96,95.956,41.064,157.507,73.53,179.876,131.96,165.019,91.403,99.527,25.679,13.935,157.507,73.53,179.781,157.918,120.047
vrikshasana,good,2,20260221_082347.mp4,145.268,91.062,54.292,34.06,54.292,34.06,107.736,164.297,153.552,72.149,115.537,13.575,164.799,167.519,37.122,57.097,106.333,81.46,133.898,94.787,41.253,153.552,72.149,179.872,133.898,162.19,110.094,122.725,54.292,34.06,153.552,72.149,179.778,157.279,126.188
vrikshasana,good,2,20260221_082347.mp4,140.484,99.928,85.034,62.609,85.034,62.609,160.927,160.905,151.659,79.064,110.59,13.124,161.509,164.913,38.73,54.488,93.176,81.455,127.656,98.204,39.156,151.659,79.064,179.886,127.656,158.282,130.689,151.869,85.034,62.609,151.659,79.064,179.795,155.785,130.172
vrikshasana,good,2,20260221_082347.mp4,158.932,117.559,117.476,85.74,117.476,85.74,172.045,170.094,147.712,69.552,112.722,9.147,157.65,167.034,42.188,55.023,88.65,79.287,136.183,90.736,39.299,147.712,69.552,179.893,136.183,161.158,163.986,170.296,117.476,85.74,147.712,69.552,179.805,162.524,149.277
vrikshasana,good,2,20260221_082347.mp4,163.373,134.095,126.542,103.887,126.542,103.887,167.598,164.879,156.065,56.042,132.932,9.113,161.372,167.11,42.909,55.714,90.245,68.404,150.547,82.4,44.938,156.065,56.042,179.892,150.547,170.604,160.862,153.059,126.542,103.887,156.065,56.042,179.804,169.653,152.423
vrikshasana,good,2,20260221_082347.mp4,163.071,132.674,135.189,113.858,135.189,113.858,154.759,168.026,146.479,66.442,131.783,26.017,162.723,167.81,39.906,59.665,101.654,67.319,156.508,96.937,66.589,146.479,66.442,179.897,156.508,170.29,152.193,133.973,135.189,113.858,146.479,66.442,179.814,177.915,157.335
vrikshasana,good,2,20260221_082347.mp4,151.684,132.475,144.615,119.769,144.615,119.769,157.643,163.468,145.586,70.003,128.087,27.057,169.659,166.745,36.402,54.458,98.806,67.935,153.803,98.678,66.897,145.586,70.003,179.893,153.803,168.092,149.102,125.177,144.615,119.769,145.586,70.003,179.822,175.353,155.919
vrikshasana,good,2,20260221_082347.mp4,133.191,134.33,160.022,138.999,160.022,138.999,162.391,156.886,144.874,64.085,127.928,16.877,173.192,166.533,37.324,54.868,95.384,68.083,156.367,91.714,60.56,144.874,64.085,179.883,156.367,173.24,143.709,105.407,160.022,138.999,144.874,64.085,179.815,175.152,164.026
vrikshasana,good,2,20260221_082347.mp4,120.314,121.934,165.281,140.452,165.281,140.452,159.119,163.795,168.658,59.785,149.163,12.979,174.579,168.044,41.409,58.444,88.731,59.956,154.187,94.241,61.54,168.658,59.785,179.88,154.187,167.195,138.093,102.544,165.281,140.452,168.658,59.785,179.813,169.273,159.579
vrikshasana,good,2,20260221_082347.mp4,112.53,117.571,163.645,149.732,163.645,149.732,124.927,149.336,165.452,68.863,143.805,16.882,177.168,167.789,53.662,72.675,94.763,61.598,154.468,101.452,65.123,165.452,68.863,179.881,154.468,163.309,128.941,93.475,163.645,149.732,165.452,68.863,179.815,167.708,152.569
vrikshasana,good,2,20260221_082347.mp4,104.231,122.241,168.715,161.918,168.715,161.918,150.643,160.358,175.003,69.985,149.355,13.652,176.926,168.426,51.847,60.536,92.954,62.167,147.453,104.356,62.384,175.003,69.985,179.866,147.453,157.394,129.302,90.452,168.715,161.918,175.003,69.985,179.809,159.312,151.441
vrikshasana,good,2,good.mp4,160.08,119.652,48.906,44.855,48.906,44.855,124.877,133.763,75.301,124.27,38.422,131.598,159.083,160.934,82.644,56.738,92.405,141.893,157.189,100.403,68.021,75.301,124.27,179.934,157.189,170.729,89.717,109.539,48.906,44.855,75.301,124.27,179.878,164.307,149.692
vrikshasana,good,2,good.mp4,134.89,126.802,36.482,45.106,36.482,45.106,141.276,132.528,69.82,133.014,28.042,139.057,156.944,150.517,80.236,66.076,89.475,134.599,158.237,99.474,64.172,69.82,133.014,179.931,158.237,165.134,86.37,110.761,36.482,45.106,69.82,133.014,179.876,172.534,152.348
vrikshasana,good,2,good.mp4,127.091,122.814,32.38,47.322,32.38,47.322,144.849,131.193,72.426,132.369,34.264,132.11,156.475,156.441,72.085,53.555,87.219,138.759,157.865,100.58,67.407,72.426,132.369,179.931,157.865,171.755,85.666,115.108,32.38,47.322,72.426,132.369,179.878,168.466,157.717
vrikshasana,good,2,good.mp4,123.907,112.275,31.873,44.321,31.873,44.321,144.961,137.027,72.766,128.93,36.798,127.33,160.349,157.382,60.842,55.866,85.369,141.189,162.219,98.718,68.905,72.766,128.93,179.934,162.219,171.822,83.142,116.674,31.873,44.321,72.766,128.93,179.876,170.612,158.75
vrikshasana,good,2,good.mp4,132.3,131.762,32.266,53.588,32.266,53.588,147.63,151.259,77.394,145.81,35.491,133.684,162.138,156.797,78.1,65.871,84.325,145.692,153.92,109.832,69.255,77.394,145.81,179.931,153.92,178.4,85.136,120.084,32.266,53.588,77.394,145.81,179.876,161.515,169.489
vrikshasana,good,2,good.mp4,140.318,149.305,45.868,58.979,45.868,58.979,151.174,159.325,71.175,155.894,17.598,134.469,163.845,153.69,69.263,70.45,77.897,138.356,148.299,107.088,58.224,71.175,155.894,179.929,148.299,176.312,113.62,126.945,45.868,58.979,71.175,155.894,179.88,167.469,178.84
vrikshasana,good,2,good.mp4,146.231,154.023,92.807,91.467,92.807,91.467,162.129,166.059,60.041,129.752,16.315,117.298,161.016,158.39,58.84,54.641,78.391,126.797,152.802,86.909,50.441,60.041,129.752,179.929,152.802,173.042,160.216,144.134,92.807,91.467,60.041,129.752,179.875,168.027,167.821
vrikshasana,good,2,good.mp4,147.069,161.832,109.801,119.424,109.801,119.424,166.614,176.235,64.464,101.074,24.52,86.693,162.605,160.377,53.437,49.388,85.573,130.196,153.747,82.22,47.24,64.464,101.074,179.929,153.747,175.709,167.079,157.758,109.801,119.424,64.464,101.074,179.88,159.626,159.347
vrikshasana,good,2,good.mp4,146.177,169.349,121.631,142.461,121.631,142.461,165.151,175.291,72.805,103.974,34.451,95.333,159.44,161.065,54.755,48.91,84.283,137.643,158.98,87.794,56.575,72.805,103.974,179.926,158.98,176.748,146.184,138.429,121.631,142.461,72.805,103.974,179.875,161.845,158.35
vrikshasana,good,2,good.mp4,156.868,163.675,135.621,148.94,135.621,148.94,154.087,167.477,73.517,109.263,36.833,104.186,161.113,161.53,53.148,47.412,82.516,136.623,163.756,89.232,62.033,73.517,109.263,179.923,163.756,175.195,129.223,130.53,135.621,148.94,73.517,109.263,179.87,166.62,159.655
vrikshasana,good,2,good.mp4,149.239,155.081,146.329,162.512,146.329,162.512,163.426,173.026,76.712,124.464,35.7,115.811,162.376,157.765,57.765,56.382,80.139,135.169,157.441,97.346,64.427,76.712,124.464,179.918,157.441,179.152,119.917,113.992,146.329,162.512,76.712,124.464,179.873,162.936,164.759
vrikshasana,good,2,good.mp4,88.802,149.027,166.111,165.981,166.111,165.981,129.816,91.902,85.915,145.068,43.482,121.002,162.944,163.712,58.177,52.25,75.406,140.776,150.206,111.753,73.548,85.915,145.068,179.916,150.206,163.37,100.766,110.001,166.111,165.981,85.915,145.068,179.875,149.559,174.795
vrikshasana,good,2,good.mp4,122.726,133.582,162.794,173.164,162.794,173.164,162.494,169.165,90.234,155.889,54.417,137.42,167.565,167.494,54.683,47.653,69.416,146.305,155.713,118.969,88.319,90.234,155.889,179.918,155.713,163.808,104.517,106.439,162.794,173.164,90.234,155.889,179.881,153.045,173.136
vrikshasana,good,2,good.mp4,114.158,131.848,164.754,170.527,164.754,170.527,150.322,172.61,91.827,151.458,51.316,132.097,166.881,164.989,58.647,50.103,71.327,144.319,152.157,118.194,83.94,91.827,151.458,179.912,152.157,162.716,94.888,113.056,164.754,170.527,91.827,151.458,179.878,148.664,174.626
vrikshasana,good,2,good.mp4,123.51,130.306,164.484,172.682,164.484,172.682,163.482,173.137,94.005,162.26,50.582,135.85,166.133,163.735,58.627,48.535,72.37,143.98,148.632,123.412,86.227,94.005,162.26,179.912,148.632,158.275,101.233,108.619,164.484,172.682,94.005,162.26,179.878,146.801,167.143
vrikshasana,good,2,good.mp4,130.288,126.992,161.567,176.401,161.567,176.401,164.849,162.222,97.694,162.143,54.482,141.409,166.558,164.182,59.716,47.262,74.809,144.422,152.097,126.674,90.555,97.694,162.143,179.909,152.097,161.956,95.821,110.711,161.567,176.401,97.694,162.143,179.88,150.181,171.791
vrikshasana,good,2,good.mp4,131.94,132.909,164.486,174.969,164.486,174.969,161.754,175.727,98.427,157.646,57.074,136.341,166.817,164.228,58.601,46.053,75.369,145.8,152.074,125.456,89.564,98.427,157.646,179.912,152.074,160.685,90.414,113.251,164.486,174.969,98.427,157.646,179.883,148.116,172.851
vrikshasana,good,2,good.mp4,126.116,128.309,158.023,173.084,158.023,173.084,156.703,160.244,98.326,163.848,57.204,134.135,167.066,164.319,59.174,44.361,73.652,143.844,143.63,127.642,88.624,98.326,163.848,179.918,143.63,152.41,95.786,112.69,158.023,173.084,98.326,163.848,179.881,140.341,164.588
vrikshasana,good,2,good.mp4,122.916,128.862,154.453,172.94,154.453,172.94,154.944,156.303,102.19,166.261,60.019,134.155,166.207,166.008,56.827,44.231,72.677,144.477,140.468,131.172,90.831,102.19,166.261,179.916,140.468,149.551,98.622,114.289,154.453,172.94,102.19,166.261,179.885,136.958,162.167
vrikshasana,good,2,good.mp4,121.956,130.771,151.06,172.801,151.06,172.801,155.669,156.495,100.369,166.142,57.777,131.563,168.045,166.218,54.573,42.566,71.925,143.402,140.513,129.601,89.18,100.369,166.142,179.912,140.513,150.671,100.875,110.855,151.06,172.801,100.369,166.142,179.881,140.516,160.197
vrikshasana,good,2,good.mp4,123.56,132.172,147.306,179.146,147.306,179.146,149.603,155.561,100.419,165.034,62.4,133.822,168.248,167.781,57.075,40.735,71.206,147.521,145.029,129.745,93.751,100.419,165.034,179.912,145.029,154.618,103.639,102.748,147.306,179.146,100.419,165.034,179.881,146.255,162.335
vrikshasana,good,2,good.mp4,126.035,131.281,149.808,178.252,149.808,178.252,152.033,155.428,98.153,162.627,59.068,134.726,166.546,167.977,59.392,41.584,70.098,145.889,147.027,127.015,91.371,98.153,162.627,179.909,147.027,156.87,102.391,103.845,149.808,178.252,98.153,162.627,179.885,147.133,165.696
vrikshasana,good,2,good.mp4,128.769,131.617,151.615,177.125,151.615,177.125,154.64,157.549,91.722,162.283,52.031,136.372,164.704,165.382,65.472,54.775,70.175,140.406,149.371,122.281,85.75,91.722,162.283,179.909,149.371,157.835,101.408,103.593,151.615,177.125,91.722,162.283,179.88,147.113,167.852
vrikshasana,good,2,good.mp4,130.686,129.284,158.053,174.189,158.053,174.189,159.622,160.57,89.06,160.85,47.076,132.698,165.075,166.209,61.232,54.891,70.858,135.558,146.792,119.266,80.258,89.06,160.85,179.912,146.792,155.86,98.345,107.178,158.053,174.189,89.06,160.85,179.885,144.606,166.489
vrikshasana,good,2,good.mp4,132.95,130.064,158.385,174.323,158.385,174.323,160.493,161.716,86.731,158.809,44.959,132.0,166.104,165.764,61.922,47.764,71.207,132.801,147.609,116.331,77.586,86.731,158.809,179.912,147.609,156.205,97.513,108.738,158.385,174.323,86.731,158.809,179.885,144.405,167.747
vrikshasana,good,2,good.mp4,134.015,130.41,163.327,167.219,163.327,167.219,164.904,161.942,90.066,162.679,43.341,129.382,165.497,166.223,60.511,47.495,71.848,130.716,140.469,119.784,75.663,90.066,162.679,179.912,140.469,150.125,95.139,112.695,163.327,167.219,90.066,162.679,179.886,137.659,162.225
vrikshasana,good,2,good.mp4,135.849,129.498,168.394,163.765,168.394,163.765,170.647,167.211,87.121,160.679,39.82,130.264,165.489,166.652,57.103,48.89,70.978,128.287,142.825,116.718,73.641,87.121,160.679,179.907,142.825,154.237,93.025,110.983,168.394,163.765,87.121,160.679,179.886,141.761,165.112
vrikshasana,good,2,good.mp4,136.847,130.599,169.416,169.132,169.416,169.132,166.611,163.972,83.448,159.012,37.206,131.647,165.139,167.277,54.054,47.976,70.577,126.095,146.033,113.599,72.422,83.448,159.012,179.916,146.033,158.09,92.728,109.765,169.416,169.132,83.448,159.012,179.888,145.77,168.103
vrikshasana,good,2,temp_VID20260218162118.mp4,36.966,167.554,67.984,130.34,67.984,130.34,157.035,176.512,134.956,140.05,172.916,175.571,149.767,173.891,15.855,30.484,90.226,91.912,144.323,143.575,174.334,134.956,140.05,179.98,144.323,145.757,123.621,77.919,67.984,130.34,134.956,140.05,179.952,138.86,140.27
vrikshasana,good,2,temp_VID20260218162118.mp4,98.573,108.108,8.458,10.694,8.458,10.694,162.153,165.179,143.899,150.727,110.453,118.853,152.234,150.888,67.371,69.637,82.43,101.033,126.258,147.462,114.554,143.899,150.727,179.798,126.258,172.437,76.057,103.314,8.458,10.694,143.899,150.727,179.699,172.085,171.189
vrikshasana,good,2,temp_VID20260218162118.mp4,106.557,99.978,13.078,9.627,13.078,9.627,164.032,170.325,159.534,167.964,123.514,128.638,150.938,149.78,65.791,69.479,88.833,91.187,122.268,164.092,125.911,159.534,167.964,179.852,122.268,162.005,79.889,107.334,13.078,9.627,159.534,167.964,179.756,163.391,159.739
vrikshasana,good,2,temp_VID20260218162118.mp4,162.968,142.446,82.5,42.713,82.5,42.713,174.96,177.536,155.651,172.256,109.061,111.663,152.15,159.696,64.108,54.053,81.22,103.706,105.933,168.363,110.436,155.651,172.256,179.905,105.933,146.618,156.943,52.889,82.5,42.713,155.651,172.256,179.83,157.472,134.818
vrikshasana,good,2,temp_VID20260218162118.mp4,167.063,151.961,96.718,84.839,96.718,84.839,170.54,173.672,151.874,104.362,95.108,27.392,157.514,170.24,56.917,28.592,29.862,119.499,102.175,116.867,47.811,151.874,104.362,179.857,102.175,157.209,159.006,62.37,96.718,84.839,151.874,104.362,179.817,151.123,167.474
vrikshasana,good,2,temp_VID20260218162118.mp4,168.566,152.783,162.392,153.519,162.392,153.519,154.212,172.351,114.046,56.05,97.553,18.516,163.525,165.325,54.404,23.952,40.716,123.22,140.214,70.972,41.714,114.046,56.05,179.825,140.214,156.19,141.437,77.996,162.392,153.519,114.046,56.05,179.749,166.799,127.652
vrikshasana,good,2,temp_VID20260218162118.mp4,171.648,158.087,175.277,164.614,175.277,164.614,151.399,166.102,102.327,44.694,101.68,15.315,157.121,159.031,65.178,21.455,50.472,123.406,150.054,58.379,40.882,102.327,44.694,179.828,150.054,128.934,138.044,65.425,175.277,164.614,102.327,44.694,179.692,150.365,78.739
vrikshasana,good,2,temp_VID20260218162118.mp4,165.431,159.096,172.786,157.814,172.786,157.814,163.633,169.072,97.221,40.789,101.902,15.785,169.741,160.92,52.103,22.165,52.12,120.862,155.899,56.535,43.435,97.221,40.789,179.821,155.899,139.003,135.55,64.889,172.786,157.814,97.221,40.789,179.684,146.081,114.424
vrikshasana,good,2,temp_VID20260218162118.mp4,166.055,159.009,176.244,171.635,176.244,171.635,145.879,169.257,115.826,55.682,107.982,14.597,169.648,164.081,51.73,24.359,53.206,112.395,144.22,70.777,43.521,115.826,55.682,179.824,144.22,158.443,129.755,63.305,176.244,171.635,115.826,55.682,179.685,162.703,136.722
vrikshasana,good,2,temp_VID20260218162118.mp4,163.142,144.172,166.241,169.83,166.241,169.83,156.742,116.56,115.948,64.205,114.688,15.956,161.144,153.957,69.959,32.211,55.617,112.339,140.462,77.976,47.547,115.948,64.205,179.836,140.462,158.037,117.768,68.417,166.241,169.83,115.948,64.205,179.68,154.531,160.8
vrikshasana,good,2,temp_VID20260218162118.mp4,150.512,162.842,168.588,159.201,168.588,159.201,150.14,177.528,134.682,85.781,118.022,18.062,159.943,166.633,70.314,36.634,55.488,110.126,123.607,99.666,51.836,134.682,85.781,179.836,123.607,175.568,126.43,56.795,168.588,159.201,134.682,85.781,179.691,171.876,152.41
vrikshasana,good,2,temp_VID20260218162118.mp4,156.662,163.838,158.267,149.987,158.267,149.987,160.299,176.233,141.724,93.426,118.547,17.014,162.637,165.615,69.398,33.87,53.768,111.54,115.426,107.036,50.745,141.724,93.426,179.829,115.426,169.278,126.84,56.514,158.267,149.987,141.724,93.426,179.701,177.998,144.97
vrikshasana,good,2,temp_VID20260218162118.mp4,159.035,160.976,161.433,153.489,161.433,153.489,156.963,173.094,139.309,92.916,118.956,16.892,162.389,165.112,71.368,34.991,48.562,112.913,115.487,106.072,50.099,139.309,92.916,179.84,115.487,169.113,125.032,58.032,161.433,153.489,139.309,92.916,179.73,174.818,139.867
vrikshasana,good,2,VID-20260218-WA0008.mp4,111.309,135.075,31.77,48.158,31.77,48.158,150.235,155.193,130.515,138.149,116.009,121.499,136.811,162.526,84.751,71.552,85.172,83.978,142.51,134.18,118.593,130.515,138.149,179.923,142.51,169.187,111.651,109.772,31.77,48.158,130.515,138.149,179.888,165.122,169.799
vrikshasana,good,2,VID-20260218-WA0008.mp4,111.027,133.515,34.291,49.417,34.291,49.417,151.534,158.283,133.726,139.827,119.266,124.118,143.626,163.999,78.272,66.143,84.687,85.098,144.561,136.745,121.476,133.726,139.827,179.929,144.561,171.364,111.702,106.139,34.291,49.417,133.726,139.827,179.888,167.476,170.637
vrikshasana,good,2,VID-20260218-WA0008.mp4,109.401,135.508,32.68,46.891,32.68,46.891,152.599,155.615,134.562,133.059,124.075,128.817,115.068,166.488,110.168,86.929,84.717,88.236,145.612,133.895,125.745,134.562,133.059,179.931,145.612,164.454,111.755,101.151,32.68,46.891,134.562,133.059,179.888,165.897,159.413
vrikshasana,good,2,VID-20260218-WA0008.mp4,109.389,137.15,28.279,43.134,28.279,43.134,151.284,154.021,83.887,129.268,61.509,118.287,138.91,161.525,53.647,75.053,90.511,90.914,146.276,105.356,84.825,83.887,129.268,179.934,146.276,156.528,108.569,96.817,28.279,43.134,83.887,129.268,179.883,149.385,159.707
vrikshasana,good,2,VID-20260218-WA0008.mp4,114.679,143.123,24.909,45.699,24.909,45.699,148.861,148.425,148.143,130.196,131.288,118.719,136.152,160.235,71.436,88.132,86.612,94.834,147.81,138.232,122.867,148.143,130.196,179.931,147.81,171.373,104.082,97.427,24.909,45.699,148.143,130.196,179.878,174.351,160.935
vrikshasana,good,2,VID-20260218-WA0008.mp4,122.119,133.37,29.176,49.078,29.176,49.078,140.424,145.759,134.27,113.027,158.772,116.405,126.618,161.658,130.306,84.772,82.845,84.662,158.673,121.635,135.342,134.27,113.027,179.931,158.673,145.547,100.611,100.685,29.176,49.078,134.27,113.027,179.86,144.996,147.317
vrikshasana,good,2,VID-20260218-WA0008.mp4,134.861,139.766,36.437,54.862,36.437,54.862,131.111,143.946,139.924,112.277,172.68,116.402,134.851,151.35,126.465,70.923,77.175,80.596,164.176,124.7,142.165,139.924,112.277,179.931,164.176,145.267,101.342,103.329,36.437,54.862,139.924,112.277,179.855,143.546,148.111
vrikshasana,good,2,VID-20260218-WA0008.mp4,127.001,128.439,38.222,59.433,38.222,59.433,136.132,157.624,140.523,106.154,174.027,110.236,136.39,144.31,123.684,64.188,71.718,75.471,163.195,121.932,140.233,140.523,106.154,179.931,163.195,143.76,100.366,102.681,38.222,59.433,140.523,106.154,179.862,141.987,146.468
vrikshasana,avg,1,1.mp4,100.459,132.271,32.345,43.485,32.345,43.485,150.226,161.527,168.176,167.883,136.899,123.818,135.418,136.75,56.396,58.578,79.966,90.887,125.61,176.366,130.282,168.176,167.883,179.931,125.61,150.458,110.131,105.921,32.345,43.485,168.176,167.883,179.878,145.995,153.235
vrikshasana,avg,1,1.mp4,101.089,132.603,31.858,42.984,31.858,42.984,149.692,160.978,167.723,168.116,137.057,122.934,138.623,136.816,55.03,57.984,79.56,90.381,125.533,175.783,129.911,167.723,168.116,179.929,125.533,150.126,109.166,105.827,31.858,42.984,167.723,168.116,179.88,145.517,153.574
vrikshasana,avg,1,1.mp4,98.939,130.984,30.661,46.819,30.661,46.819,156.352,164.832,166.347,169.351,134.696,120.598,143.09,140.393,49.37,52.447,80.795,89.175,123.817,174.096,127.603,166.347,169.351,179.923,123.817,147.409,106.986,108.557,30.661,46.819,166.347,169.351,179.876,143.226,150.784
vrikshasana,avg,1,1.mp4,120.724,134.922,49.389,58.089,49.389,58.089,153.51,167.722,165.091,98.195,140.058,52.241,133.311,150.595,59.608,47.856,96.97,86.864,132.861,122.964,82.55,165.091,98.195,179.929,132.861,171.354,114.171,114.588,49.389,58.089,165.091,98.195,179.875,157.857,167.355
vrikshasana,avg,1,1.mp4,138.998,123.843,98.202,74.809,98.202,74.809,169.13,169.85,129.195,50.185,118.766,17.921,142.282,155.929,53.272,40.14,94.76,90.842,150.904,63.311,37.865,129.195,50.185,179.923,150.904,155.025,147.19,136.597,98.202,74.809,129.195,50.185,179.869,167.065,113.202
vrikshasana,avg,1,1.mp4,164.92,144.029,133.021,109.103,133.021,109.103,168.72,171.916,100.041,29.78,96.108,11.729,154.922,158.354,35.939,45.025,87.602,99.475,162.582,42.12,26.04,100.041,29.78,179.929,162.582,135.126,160.621,145.09,133.021,109.103,100.041,29.78,179.87,159.631,64.493
vrikshasana,avg,1,1.mp4,176.097,155.57,152.763,132.958,152.763,132.958,163.093,177.302,106.902,38.105,99.668,12.662,149.771,160.954,42.154,44.912,86.668,98.795,157.306,51.412,29.23,106.902,38.105,179.926,157.306,141.935,143.259,124.765,152.763,132.958,106.902,38.105,179.866,160.789,81.965
vrikshasana,avg,1,1.mp4,174.389,118.352,160.897,109.134,160.897,109.134,162.821,174.369,120.877,40.734,110.894,13.428,140.912,162.715,56.39,46.692,88.748,94.464,153.103,59.11,33.02,120.877,40.734,179.918,153.103,142.321,111.527,141.759,160.897,109.134,120.877,40.734,179.867,162.367,93.146
vrikshasana,avg,1,1.mp4,141.455,170.233,157.279,136.836,157.279,136.836,165.698,179.312,136.107,76.022,124.326,15.76,134.707,146.459,68.711,81.703,93.962,91.309,133.003,87.77,42.0,136.107,76.022,179.918,133.003,163.623,136.165,73.836,157.279,136.836,136.107,76.022,179.867,166.06,147.201
vrikshasana,avg,1,1.mp4,145.945,139.484,156.011,135.394,156.011,135.394,94.106,158.2,140.427,79.338,122.319,15.167,134.423,150.663,64.01,77.132,94.641,90.302,129.912,89.177,40.565,140.427,79.338,179.921,129.912,171.92,118.813,63.75,156.011,135.394,140.427,79.338,179.873,172.748,158.718
vrikshasana,avg,1,1.mp4,128.239,137.595,157.6,145.578,157.6,145.578,177.896,147.754,147.891,76.601,130.309,14.349,136.966,159.701,61.393,66.398,98.323,89.327,129.626,88.282,40.363,147.891,76.601,179.914,129.626,173.01,107.829,66.913,157.6,145.578,147.891,76.601,179.87,173.832,158.87
vrikshasana,avg,1,1.mp4,118.819,136.619,155.853,144.111,155.853,144.111,164.094,151.765,148.829,77.698,129.197,13.567,137.95,162.337,60.018,59.768,99.812,90.233,128.07,88.056,38.358,148.829,77.698,179.916,128.07,173.457,110.052,66.657,155.853,144.111,148.829,77.698,179.87,173.778,160.091
vrikshasana,avg,1,1.mp4,110.378,135.511,154.142,143.592,154.142,143.592,126.716,141.861,153.189,76.755,137.684,14.241,139.846,160.598,60.237,62.915,105.567,90.833,129.511,88.962,41.04,153.189,76.755,179.916,129.511,173.45,108.708,67.446,154.142,143.592,153.189,76.755,179.87,173.844,162.696
vrikshasana,avg,1,1.mp4,106.823,134.945,159.78,152.788,159.78,152.788,127.291,140.243,148.418,69.651,136.105,13.777,139.818,163.779,59.84,61.812,105.494,91.179,135.281,81.071,38.64,148.418,69.651,179.916,135.281,170.554,107.298,67.86,159.78,152.788,148.418,69.651,179.867,173.652,149.902
vrikshasana,avg,1,1.mp4,121.94,140.588,160.852,151.891,160.852,151.891,165.486,141.854,150.592,70.8,138.582,14.301,139.779,163.077,60.498,59.998,107.303,92.363,135.789,82.746,40.48,150.592,70.8,179.912,135.789,171.671,108.011,69.28,160.852,151.891,150.592,70.8,179.867,174.584,153.149
vrikshasana,avg,1,1.mp4,128.166,141.598,162.105,155.311,162.105,155.311,166.054,151.781,154.086,67.114,141.247,14.317,140.334,160.914,57.523,66.057,107.996,97.199,138.924,80.96,40.912,154.086,67.114,179.907,138.924,172.346,108.022,72.657,162.105,155.311,154.086,67.114,179.866,175.16,152.452
vrikshasana,avg,1,1.mp4,133.643,134.118,143.523,131.002,143.523,131.002,160.112,134.426,152.565,88.588,138.995,34.959,126.429,157.277,82.518,42.474,100.152,97.077,126.726,106.243,65.021,152.565,88.588,179.909,126.726,173.874,115.82,92.433,143.523,131.002,152.565,88.588,179.881,169.937,162.081
vrikshasana,avg,1,1.mp4,156.738,131.078,116.931,113.507,116.931,113.507,148.013,138.465,143.441,156.771,160.626,148.197,128.712,131.566,67.308,66.585,105.139,89.462,115.816,156.912,155.722,143.441,156.771,179.923,115.816,142.844,132.434,131.645,116.931,113.507,143.441,156.771,179.883,133.439,148.449
vrikshasana,avg,1,1.mp4,150.72,156.302,74.086,76.169,74.086,76.169,163.472,164.636,144.786,168.367,161.446,132.201,128.904,134.482,68.216,58.539,91.13,83.6,113.214,158.212,148.417,144.786,168.367,179.934,113.214,139.39,145.814,93.269,74.086,76.169,144.786,168.367,179.893,135.642,139.277
vrikshasana,avg,1,1.mp4,128.404,150.788,36.677,50.218,36.677,50.218,146.886,157.887,146.798,166.61,159.439,120.75,127.556,138.045,70.071,54.209,82.272,87.765,123.777,167.801,142.42,146.798,166.61,179.931,123.777,148.373,111.955,98.657,36.677,50.218,146.798,166.61,179.888,138.641,152.013
vrikshasana,avg,1,2 (1).mp4,149.021,113.301,23.415,62.337,23.415,62.337,71.916,155.588,90.297,59.034,142.742,35.009,159.581,151.394,104.536,72.642,143.334,82.276,160.097,72.889,82.13,90.297,59.034,179.918,160.097,110.224,109.517,95.249,23.415,62.337,90.297,59.034,179.848,107.322,123.687
vrikshasana,avg,1,2 (1).mp4,123.38,108.617,49.409,58.886,49.409,58.886,122.726,161.963,70.421,60.117,116.495,35.488,152.35,157.295,92.636,67.757,135.292,97.616,157.046,63.934,54.739,70.421,60.117,179.918,157.046,127.999,124.494,92.355,49.409,58.886,70.421,60.117,179.853,95.413,166.811
vrikshasana,avg,1,2 (1).mp4,138.439,102.945,77.883,48.584,77.883,48.584,145.152,159.111,82.345,43.255,102.913,20.699,150.102,163.084,70.675,38.596,109.922,93.303,157.954,58.918,48.056,82.345,43.255,179.918,157.954,140.543,141.427,95.002,77.883,48.584,82.345,43.255,179.855,121.829,169.776
vrikshasana,avg,1,2 (1).mp4,138.508,89.353,81.997,38.41,81.997,38.41,148.93,166.78,94.675,49.569,102.734,25.672,146.417,160.989,60.358,51.27,105.768,92.746,157.255,67.551,52.57,94.675,49.569,179.923,157.255,155.902,138.516,103.027,81.997,38.41,94.675,49.569,179.87,141.73,169.588
vrikshasana,avg,1,2 (1).mp4,119.394,76.518,66.856,32.46,66.856,32.46,149.076,165.986,86.757,50.273,93.642,21.459,142.873,161.167,62.762,53.156,102.552,96.769,160.756,64.509,48.545,86.757,50.273,179.923,160.756,155.456,124.879,103.044,66.856,32.46,86.757,50.273,179.873,142.968,176.575
vrikshasana,avg,1,2 (1).mp4,119.608,98.651,48.624,47.338,48.624,47.338,130.699,162.921,122.336,62.665,131.025,32.779,145.268,163.495,62.344,59.629,114.744,78.055,159.002,87.363,66.353,122.336,62.665,179.916,159.002,166.322,110.988,98.986,48.624,47.338,122.336,62.665,179.863,151.93,170.564
vrikshasana,avg,1,2 (1).mp4,118.456,97.837,46.94,35.861,46.94,35.861,136.442,157.881,134.006,65.194,139.685,31.766,149.369,166.74,66.116,64.253,128.324,73.224,155.323,93.036,67.303,134.006,65.194,179.918,155.323,168.274,122.831,94.831,46.94,35.861,134.006,65.194,179.856,157.082,168.85
vrikshasana,avg,1,2 (1).mp4,120.173,101.84,45.031,33.232,45.031,33.232,137.372,155.34,129.484,65.786,129.764,28.252,151.405,164.954,60.759,61.014,126.473,75.939,153.112,92.379,63.221,129.484,65.786,179.914,153.112,170.084,115.356,100.538,45.031,33.232,129.484,65.786,179.856,158.797,168.67
vrikshasana,avg,1,2 (1).mp4,123.709,111.088,49.134,40.707,49.134,40.707,140.488,150.689,124.62,48.435,132.044,15.255,151.586,166.13,70.873,50.524,106.931,75.605,154.732,70.724,45.266,124.62,48.435,179.914,154.732,140.318,115.997,115.572,49.134,40.707,124.62,48.435,179.857,152.335,106.958
vrikshasana,avg,1,2 (1).mp4,97.356,90.861,52.889,42.281,52.889,42.281,158.545,161.737,114.865,42.37,118.743,11.287,146.02,167.251,65.662,41.206,104.371,78.992,158.321,60.523,36.797,114.865,42.37,179.918,158.321,149.302,122.107,136.066,52.889,42.281,114.865,42.37,179.857,153.452,135.126
vrikshasana,avg,1,2 (1).mp4,117.59,116.272,75.281,73.868,75.281,73.868,162.002,168.219,111.603,40.445,112.349,10.278,145.56,168.348,62.397,36.213,104.0,79.269,157.736,57.479,33.429,111.603,40.445,179.916,157.736,147.668,146.3,157.237,75.281,73.868,111.603,40.445,179.856,155.049,125.291
vrikshasana,avg,1,2 (1).mp4,139.363,132.718,104.468,93.838,104.468,93.838,170.553,167.228,58.799,38.362,71.618,10.97,143.188,173.578,73.425,43.439,99.138,95.225,162.793,47.035,30.512,58.799,38.362,179.921,162.793,115.306,166.459,155.724,104.468,93.838,58.799,38.362,179.862,109.382,137.657
vrikshasana,avg,1,2 (1).mp4,147.722,139.134,116.15,112.31,116.15,112.31,170.271,169.808,64.723,30.795,70.017,10.53,143.015,167.033,60.386,38.968,95.336,90.773,166.734,41.462,28.479,64.723,30.795,179.918,166.734,126.084,170.266,148.114,116.15,112.31,64.723,30.795,179.859,136.554,94.308
vrikshasana,avg,1,2 (1).mp4,160.797,143.443,138.059,129.42,138.059,129.42,170.666,171.494,66.115,31.339,76.631,12.549,144.159,166.215,65.753,38.329,89.019,95.151,163.339,41.972,28.933,66.115,31.339,179.921,163.339,101.801,155.67,126.207,138.059,129.42,66.115,31.339,179.86,125.881,59.068
vrikshasana,avg,1,2 (1).mp4,170.781,151.516,169.746,149.34,169.746,149.34,172.127,159.901,79.158,51.975,107.294,15.691,142.74,164.341,89.612,44.599,95.447,99.422,153.873,63.309,43.358,79.158,51.975,179.923,153.873,124.43,137.984,93.76,169.746,149.34,79.158,51.975,179.863,112.256,157.072
vrikshasana,avg,1,2 (1).mp4,157.59,138.175,162.912,149.547,162.912,149.547,142.807,177.398,96.438,67.881,102.441,21.051,144.728,164.824,76.666,40.101,94.821,98.168,138.768,79.064,46.112,96.438,67.881,179.929,138.768,161.871,128.559,91.342,162.912,149.547,96.438,67.881,179.872,135.119,149.695
vrikshasana,avg,1,2 (1).mp4,128.713,121.675,161.764,141.11,161.764,141.11,169.301,174.62,108.84,54.217,132.961,17.41,154.607,166.927,73.056,45.397,91.273,88.178,147.702,71.889,48.312,108.84,54.217,179.918,147.702,150.551,116.711,105.76,161.764,141.11,108.84,54.217,179.87,131.045,169.926
vrikshasana,avg,1,2 (1).mp4,113.128,137.845,168.972,163.399,168.972,163.399,167.336,104.031,71.76,45.082,93.095,13.98,148.926,167.485,74.537,47.369,85.864,103.952,157.161,54.353,39.676,71.76,45.082,179.918,157.161,116.578,124.803,69.815,168.972,163.399,71.76,45.082,179.872,112.842,127.966
vrikshasana,avg,1,2.mp4,170.578,140.774,22.304,77.349,22.304,77.349,53.522,152.161,90.995,55.464,114.788,27.435,152.13,158.731,79.605,61.757,119.076,89.79,156.249,69.526,60.108,90.995,55.464,179.909,156.249,132.518,87.115,113.865,22.304,77.349,90.995,55.464,179.859,124.075,151.179
vrikshasana,avg,1,2.mp4,125.392,92.691,47.366,35.013,47.366,35.013,122.816,161.933,83.929,47.673,90.283,20.953,163.268,160.779,60.143,55.47,106.048,100.992,149.858,62.98,47.211,83.929,47.673,179.921,149.858,138.995,109.449,109.058,47.366,35.013,83.929,47.673,179.867,132.595,154.545
vrikshasana,avg,1,2.mp4,115.025,83.154,53.902,31.131,53.902,31.131,134.266,170.48,79.465,44.752,93.798,21.657,144.842,159.701,62.665,54.464,103.547,101.453,156.448,58.853,48.21,79.465,44.752,179.923,156.448,136.475,116.102,103.033,53.902,31.131,79.465,44.752,179.873,127.466,155.917
vrikshasana,avg,1,2.mp4,125.279,76.104,67.147,21.168,67.147,21.168,142.086,162.644,89.571,58.39,100.668,34.384,141.837,160.15,68.217,59.031,112.657,100.566,153.542,72.771,58.682,89.571,58.39,179.926,153.542,152.717,121.622,111.705,67.147,21.168,89.571,58.39,179.88,137.079,162.242
vrikshasana,avg,1,2.mp4,125.832,88.769,64.421,29.666,64.421,29.666,141.72,161.191,117.26,52.98,120.996,25.495,146.897,156.582,60.755,63.034,106.399,82.843,154.678,77.846,59.557,117.26,52.98,179.929,154.678,159.663,120.211,102.285,64.421,29.666,117.26,52.98,179.875,153.991,163.854
vrikshasana,avg,1,2.mp4,123.494,90.531,54.101,32.384,54.101,32.384,135.863,162.0,136.78,74.608,146.624,48.299,145.199,160.769,63.431,67.596,139.855,72.999,155.989,103.355,82.712,136.78,74.608,179.923,155.989,167.004,121.012,96.212,54.101,32.384,136.78,74.608,179.853,155.116,159.554
vrikshasana,avg,1,2.mp4,96.965,99.333,48.135,50.024,48.135,50.024,156.032,159.166,100.348,37.222,104.911,12.188,139.746,165.427,62.418,43.187,102.978,77.53,162.72,53.851,35.726,100.348,37.222,179.916,162.72,140.701,115.588,141.042,48.135,50.024,100.348,37.222,179.86,149.123,112.604
vrikshasana,avg,1,2.mp4,116.848,114.03,71.01,72.403,71.01,72.403,164.168,166.549,63.99,36.655,82.349,12.637,134.379,164.407,79.65,41.948,101.638,89.031,163.076,47.124,31.649,63.99,36.655,179.916,163.076,103.618,139.364,159.249,71.01,72.403,63.99,36.655,179.862,105.857,103.837
vrikshasana,avg,1,2.mp4,129.839,130.398,94.894,93.754,94.894,93.754,167.661,166.533,61.078,33.575,82.072,12.322,132.176,164.11,79.153,42.398,101.771,88.592,167.516,43.645,32.033,61.078,33.575,179.918,167.516,106.283,162.701,165.34,94.894,93.754,61.078,33.575,179.86,106.731,110.133
vrikshasana,avg,1,2.mp4,143.637,138.634,115.584,112.563,115.584,112.563,168.294,169.261,57.347,28.715,73.736,13.763,133.475,163.329,74.214,43.383,98.194,89.762,168.861,38.348,29.514,57.347,28.715,179.921,168.861,93.2,170.053,152.172,115.584,112.563,57.347,28.715,179.86,112.749,60.66
vrikshasana,avg,1,2.mp4,145.937,140.143,128.985,123.656,128.985,123.656,175.641,170.351,66.128,35.229,83.037,14.073,140.0,161.53,72.986,45.779,99.732,90.595,164.511,46.162,34.518,66.128,35.229,179.916,164.511,106.562,158.715,135.019,128.985,123.656,66.128,35.229,179.86,116.546,85.736
vrikshasana,avg,1,2.mp4,163.421,142.636,160.61,139.931,160.61,139.931,165.433,178.198,70.726,39.269,86.416,15.469,140.2,161.937,72.756,46.203,101.473,88.686,161.193,50.374,37.81,70.726,39.269,179.912,161.193,109.695,136.313,109.799,160.61,139.931,70.726,39.269,179.857,120.443,85.268
vrikshasana,avg,1,2.mp4,157.35,140.326,171.802,152.882,171.802,152.882,160.347,171.566,91.78,50.709,106.327,12.917,142.252,167.631,75.866,42.819,101.317,85.524,148.927,62.429,39.5,91.78,50.709,179.916,148.927,140.426,125.349,90.171,171.802,152.882,91.78,50.709,179.853,130.725,165.595
vrikshasana,avg,1,2.mp4,123.016,146.259,170.304,161.85,170.304,161.85,154.392,160.013,72.013,44.973,88.803,12.43,145.51,166.146,70.458,44.693,92.759,94.6,155.299,52.51,36.347,72.013,44.973,179.934,155.299,130.039,130.798,60.489,170.304,161.85,72.013,44.973,179.859,119.976,155.77
vrikshasana,avg,1,20260218_153906.mp4,129.159,126.311,22.702,33.774,22.702,33.774,142.342,160.202,136.957,130.453,119.486,110.111,148.961,124.161,74.985,87.136,91.201,85.867,139.551,134.514,114.622,136.957,130.453,179.899,139.551,173.686,97.519,102.881,22.702,33.774,136.957,130.453,179.811,168.643,169.994
vrikshasana,avg,1,20260218_153906.mp4,121.007,101.817,24.353,27.129,24.353,27.129,149.181,165.718,128.639,128.392,117.122,116.599,149.485,135.865,77.342,73.656,93.277,84.348,143.968,129.205,116.846,128.639,128.392,179.899,143.968,166.153,97.298,102.506,24.353,27.129,128.639,128.392,179.817,163.355,165.134
vrikshasana,avg,1,20260218_153906.mp4,126.14,129.633,22.525,24.289,22.525,24.289,147.196,158.122,141.215,138.329,119.272,104.661,156.09,117.939,73.546,75.926,100.094,84.875,129.573,142.415,112.214,141.215,138.329,179.901,129.573,174.578,91.328,103.569,22.525,24.289,141.215,138.329,179.817,166.049,173.384
vrikshasana,avg,1,20260218_153906.mp4,134.106,126.983,26.164,27.806,26.164,27.806,156.114,159.872,119.954,92.195,99.116,48.592,165.935,149.537,66.621,43.742,94.106,94.042,131.825,104.687,68.728,119.954,92.195,179.897,131.825,164.562,89.49,105.42,26.164,27.806,119.954,92.195,179.824,160.133,163.973
vrikshasana,avg,1,20260218_153906.mp4,106.701,98.109,25.098,21.222,25.098,21.222,154.289,161.032,112.772,68.525,102.654,29.781,165.932,139.918,52.308,37.583,96.395,94.885,145.405,84.253,54.552,112.772,68.525,179.903,145.405,158.021,82.213,110.915,25.098,21.222,112.772,68.525,179.826,157.44,151.448
vrikshasana,avg,1,20260218_153906.mp4,97.083,94.961,26.287,24.746,26.287,24.746,159.078,158.75,117.715,56.93,111.662,21.169,165.904,150.594,53.525,30.334,98.477,93.158,150.834,76.22,48.652,117.715,56.93,179.903,150.834,155.491,84.349,110.819,26.287,24.746,117.715,56.93,179.821,157.621,141.086
vrikshasana,avg,1,20260218_153906.mp4,106.038,103.144,28.447,19.089,28.447,19.089,158.901,148.717,130.43,60.561,123.044,16.725,147.83,159.654,60.394,40.603,107.702,90.459,146.91,83.434,48.227,130.43,60.561,179.897,146.91,163.11,86.735,108.548,28.447,19.089,130.43,60.561,179.82,160.442,156.754
vrikshasana,avg,1,20260218_153906.mp4,107.823,101.284,27.915,18.419,27.915,18.419,158.306,153.389,133.845,63.537,125.338,15.998,145.45,157.965,61.488,50.165,108.296,90.063,145.316,86.719,48.507,133.845,63.537,179.899,145.316,162.997,86.115,108.506,27.915,18.419,133.845,63.537,179.818,162.128,149.859
vrikshasana,avg,1,20260218_153906.mp4,101.596,97.005,27.814,14.417,27.814,14.417,159.474,153.433,132.313,66.012,124.69,16.291,149.466,158.304,56.891,49.895,106.914,87.85,148.08,88.315,50.881,132.313,66.012,179.903,148.08,167.159,82.671,112.878,27.814,14.417,132.313,66.012,179.821,163.733,163.387
vrikshasana,avg,1,20260218_153906.mp4,132.002,114.875,80.257,58.616,80.257,58.616,155.709,167.176,119.939,58.223,114.428,15.88,150.953,160.665,54.092,47.55,99.304,92.046,155.244,78.989,47.615,119.939,58.223,179.901,155.244,166.573,143.558,144.074,80.257,58.616,119.939,58.223,179.832,162.278,165.154
vrikshasana,avg,1,20260218_153906.mp4,135.57,125.581,88.45,74.303,88.45,74.303,156.408,167.12,114.8,57.215,108.863,15.599,150.67,160.445,56.549,47.567,98.479,95.283,155.101,77.077,45.937,114.8,57.215,179.899,155.101,164.042,154.891,156.216,88.45,74.303,114.8,57.215,179.828,160.631,163.398
vrikshasana,avg,1,20260218_153906.mp4,138.658,129.048,97.462,81.871,97.462,81.871,156.939,162.964,118.07,58.72,113.929,15.77,145.949,159.701,63.052,47.007,98.22,95.265,152.359,79.515,47.024,118.07,58.72,179.901,152.359,162.841,161.27,166.579,97.462,81.871,118.07,58.72,179.825,159.05,162.669
vrikshasana,avg,1,20260218_153906.mp4,148.659,137.514,108.146,88.822,108.146,88.822,156.996,165.905,113.107,56.559,110.201,15.891,148.352,160.952,59.354,46.998,98.449,97.053,153.677,76.934,46.417,113.107,56.559,179.899,153.677,161.057,171.763,171.014,108.146,88.822,113.107,56.559,179.825,156.588,163.284
vrikshasana,avg,1,20260218_153906.mp4,149.202,138.771,113.794,95.794,113.794,95.794,161.641,169.027,113.877,58.156,110.894,15.459,145.688,161.595,61.535,46.85,98.491,97.497,150.617,78.247,45.952,113.877,58.156,179.901,150.617,160.957,171.281,167.386,113.794,95.794,113.877,58.156,179.823,156.376,162.75
vrikshasana,avg,1,20260218_153906.mp4,161.769,138.542,129.905,105.384,129.905,105.384,162.891,174.186,122.181,66.19,109.624,14.684,146.42,160.526,59.875,45.877,94.929,97.698,140.702,86.104,44.151,122.181,66.19,179.903,140.702,169.682,166.678,156.411,129.905,105.384,122.181,66.19,179.824,164.614,163.791
vrikshasana,avg,1,20260218_153906.mp4,165.596,141.986,137.779,115.218,137.779,115.218,171.873,174.95,137.5,82.503,111.061,14.16,146.605,161.122,61.288,47.783,93.261,96.391,124.635,101.709,43.631,137.5,82.503,179.903,124.635,169.472,161.236,146.759,137.779,115.218,137.5,82.503,179.825,168.585,157.849
vrikshasana,avg,1,20260218_153906.mp4,160.059,139.311,140.548,117.844,140.548,117.844,168.816,165.394,131.278,73.918,110.984,14.311,147.451,160.301,61.158,47.804,93.129,95.509,132.838,92.979,43.673,131.278,73.918,179.901,132.838,172.321,157.344,145.034,140.548,117.844,131.278,73.918,179.826,171.113,158.137
vrikshasana,avg,1,20260218_153906.mp4,169.547,151.769,148.632,133.84,148.632,133.84,164.312,172.97,129.806,69.378,113.459,14.994,146.62,158.443,61.811,49.995,94.159,94.455,138.118,88.942,45.005,129.806,69.378,179.899,138.118,166.944,147.281,127.116,148.632,133.84,129.806,69.378,179.831,170.668,144.878
vrikshasana,avg,1,20260218_153906.mp4,171.856,154.484,155.592,143.585,155.592,143.585,165.479,175.176,126.282,71.355,113.378,16.476,147.622,160.051,63.881,50.078,98.912,95.29,139.954,91.081,49.332,126.282,71.355,179.89,139.954,165.601,136.029,116.297,155.592,143.585,126.282,71.355,179.83,166.836,153.129
vrikshasana,avg,1,20260218_153906.mp4,171.533,164.975,161.118,152.036,161.118,152.036,163.074,175.232,119.524,72.89,114.502,17.663,145.517,161.402,73.384,51.571,103.703,97.549,141.86,91.126,51.519,119.524,72.89,179.892,141.86,158.655,129.403,106.343,161.118,152.036,119.524,72.89,179.83,156.022,156.836
vrikshasana,avg,1,20260218_153906.mp4,167.812,170.776,156.718,147.016,156.718,147.016,150.071,163.59,134.297,79.582,119.64,16.996,147.437,159.481,66.163,54.976,104.107,94.561,134.89,99.432,51.582,134.297,79.582,179.885,134.89,170.348,125.651,94.391,156.718,147.016,134.297,79.582,179.83,168.313,161.02
vrikshasana,avg,1,20260218_153906.mp4,143.501,158.169,149.237,143.339,149.237,143.339,156.565,176.861,140.522,88.29,117.923,17.175,146.392,157.653,65.193,55.189,104.17,94.027,127.118,106.383,51.37,140.522,88.29,179.885,127.118,178.362,129.968,93.641,149.237,143.339,140.522,88.29,179.831,176.315,161.12
vrikshasana,avg,1,20260218_153906.mp4,120.697,156.005,148.863,141.814,148.863,141.814,156.72,168.064,148.321,97.13,119.184,19.099,149.591,155.948,63.913,60.827,107.99,92.849,121.196,116.043,55.403,148.321,97.13,179.888,121.196,167.64,129.834,86.524,148.863,141.814,148.321,97.13,179.834,175.933,149.457
vrikshasana,avg,1,20260218_153906.mp4,119.173,155.624,151.693,140.334,151.693,140.334,157.129,160.063,154.877,101.187,120.176,20.921,150.585,157.54,62.947,66.183,110.784,91.982,116.786,121.717,57.147,154.877,101.187,179.878,116.786,157.239,121.599,84.76,151.693,140.334,154.877,101.187,179.831,169.729,134.971
vrikshasana,avg,1,20260218_153906.mp4,128.578,147.096,169.736,159.1,169.736,159.1,162.413,155.211,146.267,93.545,121.662,20.755,147.165,155.048,69.318,59.924,110.181,92.254,123.633,112.853,56.769,146.267,93.545,179.875,123.633,168.829,114.327,86.901,169.736,159.1,146.267,93.545,179.83,176.39,146.7
vrikshasana,avg,1,20260218_153906.mp4,113.322,138.215,160.929,158.267,160.929,158.267,153.418,172.031,148.972,92.409,126.807,22.122,150.313,155.345,68.376,63.516,115.404,90.433,125.014,113.673,59.855,148.972,92.409,179.875,125.014,168.843,114.571,87.872,160.929,158.267,148.972,92.409,179.826,174.818,146.054
vrikshasana,avg,1,20260218_153906.mp4,110.447,134.11,159.746,155.195,159.746,155.195,145.207,176.544,145.749,90.297,124.265,20.972,148.569,154.902,69.381,60.619,115.813,90.676,125.444,110.701,57.797,145.749,90.297,179.87,125.444,170.97,115.103,86.256,159.746,155.195,145.749,90.297,179.824,173.92,148.241
vrikshasana,avg,1,20260218_153906.mp4,111.76,132.519,159.077,155.699,159.077,155.699,142.741,174.78,145.087,89.329,124.557,19.778,143.455,155.232,69.32,60.718,116.963,90.704,125.134,109.604,57.0,145.087,89.329,179.869,125.134,175.113,113.764,85.879,159.077,155.699,145.087,89.329,179.823,173.156,153.75
vrikshasana,avg,1,20260218_153906.mp4,109.72,124.682,161.739,162.586,161.739,162.586,141.683,151.462,142.003,83.661,124.168,19.659,141.759,155.932,68.658,64.128,118.641,91.838,131.826,105.356,56.701,142.003,83.661,179.867,131.826,178.733,110.489,88.909,161.739,162.586,142.003,83.661,179.821,171.64,157.58
vrikshasana,avg,1,20260218_153906.mp4,108.342,130.579,158.045,154.421,158.045,154.421,140.99,170.617,148.08,88.435,124.128,18.773,142.937,156.159,68.412,63.03,115.511,92.638,124.69,109.46,55.057,148.08,88.435,179.869,124.69,176.275,111.509,87.389,158.045,154.421,148.08,88.435,179.822,176.915,159.438
vrikshasana,avg,1,20260218_153906.mp4,110.578,129.87,157.78,152.712,157.78,152.712,145.803,167.87,150.589,88.004,127.329,19.264,142.232,156.152,68.478,59.705,115.932,93.261,125.362,110.199,56.924,150.589,88.004,179.869,125.362,174.262,112.083,85.422,157.78,152.712,150.589,88.004,179.817,178.208,158.94
vrikshasana,avg,1,20260218_153906.mp4,106.634,127.918,158.857,157.42,158.857,157.42,142.534,159.146,145.539,84.611,128.883,19.73,142.693,155.974,72.614,59.793,115.293,94.305,131.692,106.67,57.583,145.539,84.611,179.876,131.692,178.272,112.594,83.108,158.857,157.42,145.539,84.611,179.815,173.838,161.468
vrikshasana,avg,1,avg.mp4,133.567,127.821,169.074,158.478,169.074,158.478,161.642,165.111,65.941,124.253,30.45,98.03,159.417,168.073,40.665,28.095,93.734,97.957,147.454,87.373,54.333,65.941,124.253,179.909,147.454,164.964,87.012,119.636,169.074,158.478,65.941,124.253,179.893,157.07,172.763
vrikshasana,avg,1,avg.mp4,131.454,124.14,168.508,156.033,168.508,156.033,161.552,162.512,69.031,128.2,30.726,98.19,159.893,167.739,40.833,28.012,94.137,98.503,142.372,90.978,54.712,69.031,128.2,179.914,142.372,161.302,86.677,121.662,168.508,156.033,69.031,128.2,179.89,153.513,168.913
vrikshasana,avg,1,avg.mp4,135.116,126.026,169.818,157.8,169.818,157.8,162.39,160.991,68.287,125.35,32.24,98.423,160.051,167.537,40.801,28.293,93.377,100.237,145.361,89.835,56.258,68.287,125.35,179.907,145.361,164.646,86.339,120.618,169.818,157.8,68.287,125.35,179.892,156.771,172.221
vrikshasana,avg,1,avg.mp4,131.387,120.593,165.282,150.695,165.282,150.695,163.036,158.999,73.314,125.99,28.893,92.547,158.349,165.969,43.103,31.493,97.391,98.649,136.56,93.803,52.273,73.314,125.99,179.912,136.56,161.066,86.672,121.729,165.282,150.695,73.314,125.99,179.893,151.394,169.782
vrikshasana,avg,1,avg.mp4,126.073,121.33,160.237,146.025,160.237,146.025,162.924,163.217,75.252,123.746,26.681,85.404,158.67,166.517,43.623,30.731,100.177,96.933,131.755,94.46,48.778,75.252,123.746,179.914,131.755,158.814,86.682,122.286,160.237,146.025,75.252,123.746,179.888,149.294,166.69
vrikshasana,avg,1,avg.mp4,125.344,124.835,152.974,136.254,152.974,136.254,164.529,165.929,79.285,134.359,26.924,86.955,159.535,165.521,43.324,31.804,99.06,98.0,124.846,101.22,49.095,79.285,134.359,179.905,124.846,150.9,90.915,115.896,152.974,136.254,79.285,134.359,179.892,143.032,157.638
vrikshasana,avg,1,avg.mp4,127.474,123.62,157.372,144.992,157.372,144.992,160.754,164.716,77.068,127.704,26.196,88.206,160.252,165.71,41.982,31.49,98.279,96.197,129.602,96.329,48.46,77.068,127.704,179.909,129.602,154.896,85.549,124.382,157.372,144.992,77.068,127.704,179.888,144.126,164.697
vrikshasana,avg,1,avg.mp4,119.676,123.765,149.993,133.943,149.993,133.943,156.92,166.208,83.201,143.522,26.494,91.432,160.662,166.379,43.888,31.726,95.839,97.286,119.497,106.462,49.805,83.201,143.522,179.907,119.497,144.148,90.587,118.25,149.993,133.943,83.201,143.522,179.89,135.984,151.469
vrikshasana,avg,1,avg.mp4,124.243,123.512,152.753,138.617,152.753,138.617,159.031,164.088,78.767,135.179,24.78,89.546,159.558,165.322,40.413,33.122,97.16,95.736,124.923,100.272,47.838,78.767,135.179,179.909,124.923,151.759,89.244,119.236,152.753,138.617,78.767,135.179,179.888,142.506,159.716
vrikshasana,avg,1,temp_VID20260218162125.mp4,124.213,147.065,31.476,136.04,31.476,136.04,90.061,171.201,105.743,47.13,146.636,176.629,167.528,142.566,137.625,129.638,34.656,82.858,122.414,64.307,173.398,105.743,47.13,179.818,122.414,61.399,53.771,18.534,31.476,136.04,105.743,47.13,179.651,85.326,47.389
vrikshasana,avg,1,temp_VID20260218162125.mp4,171.032,126.693,48.929,127.443,48.929,127.443,71.176,174.117,71.979,39.911,128.27,133.276,159.078,138.312,88.027,72.974,10.515,135.337,144.905,50.71,127.225,71.979,39.911,179.855,144.905,73.483,78.201,16.042,48.929,127.443,71.979,39.911,179.705,96.631,58.245
vrikshasana,avg,1,temp_VID20260218162125.mp4,101.238,151.95,56.104,138.952,56.104,138.952,54.116,175.064,81.937,54.918,161.355,130.098,150.763,147.283,94.719,66.142,15.776,136.137,115.2,65.424,143.321,81.937,54.918,179.825,115.2,81.432,120.127,83.109,56.104,138.952,81.937,54.918,179.806,89.015,75.203
vrikshasana,avg,1,temp_VID20260218162125.mp4,160.616,161.065,162.571,160.16,162.571,160.16,157.268,161.214,136.953,101.996,106.532,27.942,170.727,163.119,64.91,31.753,64.929,106.279,109.629,114.215,56.165,136.953,101.996,179.784,109.629,171.211,112.687,72.713,162.571,160.16,136.953,101.996,179.648,175.674,152.731
vrikshasana,avg,1,temp_VID20260218162125.mp4,150.28,167.91,172.959,177.903,172.959,177.903,95.25,152.239,131.8,72.755,107.533,23.723,168.195,166.676,48.864,32.213,63.715,102.765,133.595,89.864,51.212,131.8,72.755,179.748,133.595,177.926,111.984,72.661,172.959,177.903,131.8,72.755,179.68,178.588,169.691
vrikshasana,avg,1,temp_VID20260218162125.mp4,151.05,166.677,166.845,156.469,166.845,156.469,162.468,169.772,139.425,85.93,111.388,24.507,164.802,163.181,57.132,30.838,61.734,103.659,121.344,99.525,52.618,139.425,85.93,179.8,121.344,173.913,117.701,61.138,166.845,156.469,139.425,85.93,179.68,178.04,151.319
vrikshasana,avg,1,temp_VID20260218162125.mp4,135.867,164.702,167.878,171.802,167.878,171.802,140.408,167.037,136.482,74.387,108.745,23.873,162.876,159.139,53.021,32.743,61.881,104.587,129.764,91.339,50.771,136.482,74.387,179.759,129.764,174.882,115.046,69.236,167.878,171.802,136.482,74.387,179.662,176.603,151.633
vrikshasana,avg,1,temp_VID20260218162202.mp4,82.59,118.863,12.567,36.05,12.567,36.05,173.08,166.343,152.235,134.135,126.458,103.069,151.906,155.246,59.693,54.719,90.67,90.754,134.799,143.435,115.03,152.235,134.135,179.745,134.799,171.924,91.347,91.956,12.567,36.05,152.235,134.135,179.652,171.793,172.212
vrikshasana,avg,1,temp_VID20260218162202.mp4,103.039,106.476,44.382,33.563,44.382,33.563,172.967,167.233,150.356,79.953,128.972,59.157,141.639,152.647,74.522,69.278,122.851,96.668,136.33,99.448,78.221,150.356,79.953,179.771,136.33,158.235,116.136,101.442,44.382,33.563,150.356,79.953,179.707,175.879,126.299
vrikshasana,avg,1,temp_VID20260218162202.mp4,122.206,115.721,84.621,63.936,84.621,63.936,171.783,170.177,113.378,70.941,84.112,30.813,136.44,168.495,74.249,26.442,116.299,84.693,137.539,81.725,46.277,113.378,70.941,179.772,137.539,165.274,136.401,136.542,84.621,63.936,113.378,70.941,179.653,176.081,141.735
vrikshasana,avg,1,temp_VID20260218162202.mp4,133.702,129.287,117.371,101.725,117.371,101.725,148.145,140.421,123.413,44.798,107.523,20.286,160.3,152.771,47.401,16.902,119.157,100.073,153.554,62.274,40.983,123.413,44.798,179.791,153.554,158.864,134.949,164.293,117.371,101.725,123.413,44.798,179.647,173.672,120.616
vrikshasana,avg,1,temp_VID20260218162202.mp4,164.189,141.573,141.97,142.33,141.97,142.33,164.929,169.072,131.041,65.611,107.53,15.247,156.841,157.117,59.717,18.212,115.365,96.34,134.114,76.191,37.18,131.041,65.611,179.778,134.114,149.666,123.368,116.91,141.97,142.33,131.041,65.611,179.608,175.803,93.633
vrikshasana,avg,1,temp_VID20260218162202.mp4,172.511,152.079,150.209,147.903,150.209,147.903,163.234,177.744,130.879,78.524,105.824,15.342,159.815,158.778,59.404,19.543,100.385,98.016,126.962,86.553,40.166,130.879,78.524,179.804,126.962,161.183,134.835,86.619,150.209,147.903,130.879,78.524,179.557,176.441,113.872
vrikshasana,avg,1,temp_VID20260218162202.mp4,165.843,160.767,143.317,154.759,143.317,154.759,170.94,172.955,128.54,75.5,102.193,15.942,161.384,161.162,58.075,14.977,66.636,109.815,127.321,87.17,41.565,128.54,75.5,179.793,127.321,164.62,135.492,72.947,143.317,154.759,128.54,75.5,179.608,176.461,124.287
vrikshasana,avg,1,temp_VID20260218162202.mp4,156.147,169.718,144.791,138.84,144.791,138.84,176.422,174.676,136.76,88.27,111.767,17.734,157.167,159.552,68.278,20.68,60.085,109.962,120.647,95.322,44.865,136.76,88.27,179.844,120.647,158.379,143.004,52.966,144.791,138.84,136.76,88.27,179.641,176.686,116.963
vrikshasana,avg,1,temp_VID20260218162202.mp4,120.887,171.83,150.175,143.056,150.175,143.056,141.334,165.47,140.103,86.559,113.125,16.826,159.084,158.517,63.071,20.445,61.944,107.779,119.927,93.922,43.277,140.103,86.559,179.839,119.927,159.094,137.868,52.662,150.175,143.056,140.103,86.559,179.641,179.384,112.58
vrikshasana,avg,1,temp_VID20260218162202.mp4,129.283,172.234,146.775,130.874,146.775,130.874,151.782,173.571,149.09,97.817,114.891,18.157,156.38,153.466,67.864,19.532,62.691,107.918,108.429,103.36,44.46,149.09,97.817,179.842,108.429,157.802,132.147,51.299,146.775,130.874,149.09,97.817,179.643,172.176,114.87
vrikshasana,avg,1,temp_VID20260218162202.mp4,136.185,167.849,154.66,137.34,154.66,137.34,150.315,173.86,147.019,95.951,115.094,17.802,151.654,155.624,72.047,21.174,60.29,107.752,110.221,101.035,43.885,147.019,95.951,179.855,110.221,160.087,128.776,53.738,154.66,137.34,147.019,95.951,179.652,174.211,116.526
vrikshasana,avg,1,temp_VID20260218162202.mp4,136.87,168.891,154.107,134.821,154.107,134.821,151.863,174.569,147.666,97.372,114.873,17.352,155.213,154.96,66.899,20.524,57.51,108.093,109.856,102.219,43.727,147.666,97.372,179.862,109.856,165.424,129.946,51.755,154.107,134.821,147.666,97.372,179.664,173.007,120.722
vrikshasana,avg,1,temp_VID20260218162202.mp4,140.41,168.163,152.036,147.511,152.036,147.511,154.455,157.392,150.094,88.999,116.656,15.985,158.708,154.581,61.457,18.56,57.846,106.512,113.186,97.718,42.212,150.094,88.999,179.832,113.186,166.504,129.455,58.149,152.036,147.511,150.094,88.999,179.661,170.665,114.139
vrikshasana,avg,1,temp_VID20260218162202.mp4,138.302,167.271,149.969,149.522,149.969,149.522,155.895,157.243,149.629,87.049,116.62,16.06,157.626,156.344,62.373,19.374,58.34,107.519,113.994,96.599,42.25,149.629,87.049,179.822,113.994,165.849,129.864,59.376,149.969,149.522,149.629,87.049,179.657,171.06,113.1
vrikshasana,avg,1,temp_VID20260218162202.mp4,133.712,172.115,158.007,140.419,158.007,140.419,165.067,174.396,142.935,83.71,116.546,15.708,157.941,156.778,61.059,20.388,58.708,107.037,120.566,90.488,41.41,142.935,83.71,179.855,120.566,161.007,133.244,46.532,158.007,140.419,142.935,83.71,179.657,177.275,109.357
vrikshasana,avg,1,temp_VID20260218162202.mp4,138.334,172.102,161.142,142.426,161.142,142.426,162.296,176.198,143.125,82.187,117.364,15.805,157.269,156.029,61.481,20.077,58.826,106.468,121.829,89.544,41.621,143.125,82.187,179.853,121.829,160.737,131.278,47.085,161.142,142.426,143.125,82.187,179.656,177.609,108.309
vrikshasana,avg,1,temp_VID20260218162209.mp4,102.895,139.347,13.066,51.371,13.066,51.371,170.941,170.337,168.0,165.162,137.213,133.484,143.666,148.579,73.335,66.809,100.047,83.692,128.339,167.611,135.47,168.0,165.162,179.749,128.339,163.329,90.446,93.446,13.066,51.371,168.0,165.162,179.577,164.628,161.609
vrikshasana,avg,1,temp_VID20260218162209.mp4,92.898,105.419,10.769,13.437,10.769,13.437,168.064,168.051,174.676,164.478,134.193,126.79,145.263,153.121,69.959,61.929,96.256,85.097,121.343,171.116,130.642,174.676,164.478,179.752,121.343,157.098,90.91,97.968,10.769,13.437,174.676,164.478,179.566,154.311,159.419
vrikshasana,avg,1,temp_VID20260218162209.mp4,91.207,108.843,9.023,18.199,9.023,18.199,167.661,170.752,163.137,141.362,124.881,104.731,150.347,157.886,62.654,59.207,91.549,91.372,125.099,152.422,114.614,163.137,141.362,179.752,125.099,164.705,88.201,99.177,9.023,18.199,163.137,141.362,179.566,160.235,168.838
vrikshasana,avg,1,temp_VID20260218162209.mp4,104.489,89.209,12.998,8.558,12.998,8.558,158.667,169.846,154.931,134.609,118.741,98.457,150.599,157.05,61.225,58.452,82.644,92.382,127.527,144.841,108.4,154.931,134.609,179.763,127.527,167.48,86.188,107.07,12.998,8.558,154.931,134.609,179.595,163.651,171.425
vrikshasana,avg,1,temp_VID20260218162209.mp4,109.28,102.72,40.241,18.628,40.241,18.628,175.118,170.979,145.76,98.902,99.774,38.671,117.99,164.828,91.63,37.775,71.992,97.274,119.03,111.687,58.163,145.76,98.902,179.782,119.03,165.894,113.23,104.59,40.241,18.628,145.76,98.902,179.593,157.51,179.069
vrikshasana,avg,1,temp_VID20260218162209.mp4,101.36,117.883,56.454,36.297,56.454,36.297,164.179,135.514,140.374,93.73,96.936,34.473,150.916,163.447,64.02,34.57,89.288,95.794,116.843,104.19,51.928,140.374,93.73,179.774,116.843,170.528,134.133,117.489,56.454,36.297,140.374,93.73,179.556,164.929,140.297
vrikshasana,avg,1,temp_VID20260218162209.mp4,118.533,114.583,112.368,94.532,112.368,94.532,173.487,173.047,132.81,71.521,103.959,33.654,155.258,162.644,56.267,30.826,108.777,91.492,137.214,87.291,53.092,132.81,71.521,179.779,137.214,167.193,156.302,167.809,112.368,94.532,132.81,71.521,179.585,173.594,138.687
vrikshasana,avg,1,temp_VID20260218162209.mp4,160.726,145.105,140.876,136.956,140.876,136.956,173.5,175.087,138.454,114.254,97.804,49.849,153.022,164.609,64.598,34.456,88.891,95.782,115.821,123.315,69.609,138.454,114.254,179.802,115.821,164.005,138.628,104.813,140.876,136.956,138.454,114.254,179.536,169.331,157.915
vrikshasana,avg,1,temp_VID20260218162209.mp4,169.778,156.413,167.111,156.942,167.111,156.942,170.929,161.229,114.504,109.983,101.185,80.855,151.468,166.268,65.784,36.674,77.18,103.35,146.155,112.444,90.756,114.504,109.983,179.814,146.155,174.589,137.29,84.212,167.111,156.942,114.504,109.983,179.592,165.666,175.92
vrikshasana,avg,1,temp_VID20260218162209.mp4,167.254,166.938,169.512,168.661,169.512,168.661,168.168,168.068,117.77,101.004,103.421,73.031,154.867,169.998,64.772,37.825,74.357,102.191,146.074,109.221,87.208,117.77,101.004,179.762,146.074,174.009,126.578,77.254,169.512,168.661,117.77,101.004,179.597,167.589,178.266
vrikshasana,avg,1,temp_VID20260218162209.mp4,167.574,147.333,163.563,147.773,163.563,147.773,175.05,145.378,138.474,144.548,107.863,98.154,162.71,168.949,55.376,34.502,85.698,98.539,131.947,141.675,102.674,138.474,144.548,179.785,131.947,162.65,125.847,58.606,163.563,147.773,138.474,144.548,179.604,172.581,153.156
vrikshasana,avg,1,temp_VID20260218162209.mp4,166.3,167.691,178.213,171.833,178.213,171.833,175.471,157.083,133.281,115.586,110.658,72.116,163.769,171.323,56.889,37.267,72.501,98.891,133.107,123.556,89.73,133.281,115.586,179.814,133.107,171.199,122.665,62.24,178.213,171.833,133.281,115.586,179.634,179.159,161.877
vrikshasana,avg,1,temp_VID20260218162209.mp4,165.508,166.431,175.667,171.673,175.667,171.673,171.159,158.034,139.793,124.473,113.869,80.902,162.801,167.718,55.9,32.574,77.043,96.792,129.876,131.972,96.476,139.793,124.473,179.793,129.876,167.328,118.831,64.075,175.667,171.673,139.793,124.473,179.634,175.441,159.122
vrikshasana,avg,1,temp_VID20260218162209.mp4,160.442,167.316,169.617,164.714,169.617,164.714,151.613,160.512,144.478,129.669,112.92,78.058,166.426,169.625,49.418,33.764,76.59,95.897,124.343,136.658,94.582,144.478,129.669,179.813,124.343,160.089,121.933,62.565,169.617,164.714,144.478,129.669,179.634,168.991,150.774
vrikshasana,avg,1,temp_VID20260218162209.mp4,165.022,167.978,172.487,166.648,172.487,166.648,159.654,154.616,139.882,126.181,111.369,76.835,167.59,170.66,45.793,33.398,76.545,95.824,127.328,132.473,93.208,139.882,126.181,179.825,127.328,162.408,123.917,60.704,172.487,166.648,139.882,126.181,179.634,171.752,152.438
vrikshasana,avg,1,temp_VID20260218162209.mp4,167.897,165.694,176.732,172.905,176.732,172.905,159.175,164.271,137.238,124.57,111.711,79.497,166.335,166.929,47.274,30.535,77.995,95.763,130.558,130.568,94.778,137.238,124.57,179.817,130.558,165.888,120.924,63.616,176.732,172.905,137.238,124.57,179.634,175.028,156.352
vrikshasana,avg,1,temp_VID20260218162209.mp4,168.289,163.013,177.64,175.481,177.64,175.481,159.528,167.481,136.806,121.307,112.204,77.554,164.91,164.53,49.181,29.223,77.187,95.752,131.184,128.654,93.875,136.806,121.307,179.808,131.184,167.526,119.034,65.661,177.64,175.481,136.806,121.307,179.633,176.201,158.432
vrikshasana,avg,1,temp_VID20260218162209.mp4,167.885,162.876,177.702,176.372,177.702,176.372,160.22,166.659,137.421,120.866,112.415,78.504,165.498,163.707,47.377,27.954,78.584,95.15,131.809,128.85,94.64,137.421,120.866,179.794,131.809,167.871,117.355,66.82,177.702,176.372,137.421,120.866,179.627,175.545,159.788
vrikshasana,avg,1,temp_VID20260218162209.mp4,165.829,159.811,175.604,177.765,175.604,177.765,163.522,167.941,137.893,127.643,112.434,85.216,165.843,163.803,46.808,28.356,81.771,94.829,131.87,132.769,98.347,137.893,127.643,179.793,131.87,166.758,115.642,68.762,175.604,177.765,137.893,127.643,179.626,175.059,158.223
vrikshasana,avg,1,temp_VID20260218162209.mp4,167.659,165.762,172.992,166.773,172.992,166.773,158.919,164.545,143.941,131.439,113.201,82.484,164.489,163.53,49.285,29.381,80.888,94.6,126.045,137.641,97.177,143.941,131.439,179.787,126.045,161.519,117.788,64.861,172.992,166.773,143.941,131.439,179.624,170.258,152.65
vrikshasana,avg,1,temp_VID20260218162236.mp4,107.209,117.785,32.251,46.008,32.251,46.008,165.786,165.349,147.719,142.547,132.216,125.501,151.341,154.271,65.647,57.721,91.0,89.983,147.919,145.268,128.793,147.719,142.547,179.75,147.919,179.115,93.455,96.876,32.251,46.008,147.719,142.547,179.541,178.029,177.025
vrikshasana,avg,1,temp_VID20260218162236.mp4,89.86,90.672,14.789,19.41,14.789,19.41,165.654,177.393,155.048,162.901,130.375,141.211,157.654,119.088,54.153,94.039,88.676,90.196,144.63,159.232,135.799,155.048,162.901,179.748,144.63,171.467,91.521,94.837,14.789,19.41,155.048,162.901,179.593,170.432,172.073
vrikshasana,avg,1,temp_VID20260218162236.mp4,82.731,86.311,12.556,18.299,12.556,18.299,166.288,178.206,137.059,131.038,131.601,123.177,134.03,146.578,91.228,79.314,91.643,92.916,144.169,134.197,127.439,137.059,131.038,179.745,144.169,165.585,86.538,103.477,12.556,18.299,137.059,131.038,179.565,166.248,164.419
vrikshasana,avg,1,temp_VID20260218162236.mp4,146.366,77.662,60.025,41.335,60.025,41.335,173.808,175.907,146.308,119.733,90.514,34.286,152.726,150.924,63.367,27.025,36.786,122.471,96.693,123.368,51.856,146.308,119.733,179.892,96.693,161.662,142.043,115.773,60.025,41.335,146.308,119.733,179.79,155.414,170.751
vrikshasana,avg,1,temp_VID20260218162236.mp4,140.743,37.816,96.791,36.343,96.791,36.343,178.229,163.049,138.878,81.538,95.155,19.262,170.284,158.438,37.131,22.444,39.959,117.582,120.643,95.934,42.073,138.878,81.538,179.859,120.643,162.583,152.537,135.793,96.791,36.343,138.878,81.538,179.789,161.044,167.788
vrikshasana,avg,1,temp_VID20260218162236.mp4,143.387,136.701,104.624,128.126,104.624,128.126,162.986,175.405,157.211,118.633,95.601,15.477,158.567,149.255,60.07,18.22,42.089,126.363,90.594,124.881,40.296,157.211,118.633,179.878,90.594,161.959,159.06,92.692,104.624,128.126,157.211,118.633,179.766,150.671,156.863
vrikshasana,avg,1,temp_VID20260218162236.mp4,107.614,141.655,142.28,163.397,142.28,163.397,142.946,146.105,169.597,117.337,106.528,16.971,159.167,151.026,62.026,28.024,43.459,118.911,90.913,128.317,44.003,169.597,117.337,179.84,90.913,160.521,125.751,115.352,142.28,163.397,169.597,117.337,179.744,144.151,154.248
vrikshasana,avg,1,temp_VID20260218162236.mp4,112.983,146.171,159.055,163.472,159.055,163.472,120.725,119.893,164.063,112.974,104.904,16.055,162.913,151.444,58.503,27.972,46.04,118.909,93.44,125.134,44.322,164.063,112.974,179.832,93.44,157.119,114.301,114.749,159.055,163.472,164.063,112.974,179.729,149.43,169.568
vrikshasana,avg,1,temp_VID20260218162236.mp4,125.829,87.754,157.453,153.084,157.453,153.084,111.4,161.92,159.551,100.895,106.752,16.89,162.122,152.372,57.496,22.54,47.152,114.343,102.909,117.046,45.765,159.551,100.895,179.806,102.909,157.818,117.814,111.552,157.453,153.084,159.551,100.895,179.727,154.488,172.609
vrikshasana,avg,1,temp_VID20260218162236.mp4,130.27,120.896,166.103,170.912,166.103,170.912,103.709,146.702,159.948,101.529,107.618,16.931,161.541,155.282,57.109,28.266,49.385,113.056,102.986,119.496,47.271,159.948,101.529,179.801,102.986,146.589,110.14,96.529,166.103,170.912,159.948,101.529,179.722,154.369,132.345
vrikshasana,avg,1,temp_VID20260218162236.mp4,121.516,136.554,157.473,171.984,157.473,171.984,117.364,146.117,163.17,103.861,109.236,16.494,162.291,156.729,57.763,53.357,49.993,112.204,100.487,120.552,46.253,163.17,103.861,179.796,100.487,151.496,112.888,88.222,157.473,171.984,163.17,103.861,179.712,152.764,152.467
vrikshasana,avg,1,temp_VID20260218162236.mp4,129.289,137.717,158.903,171.671,158.903,171.671,119.211,151.693,162.061,103.528,108.365,17.044,163.169,154.948,56.382,37.286,51.898,112.493,99.961,120.057,46.548,162.061,103.528,179.789,99.961,153.609,110.731,87.451,158.903,171.671,162.061,103.528,179.701,153.387,158.756
vrikshasana,avg,1,temp_VID20260218162236.mp4,141.687,146.207,157.747,159.78,157.747,159.78,124.319,156.055,157.207,109.149,104.512,19.654,166.3,156.092,53.247,34.442,51.55,113.457,98.689,124.097,50.574,157.207,109.149,179.824,98.689,153.284,113.057,78.852,157.747,159.78,157.207,109.149,179.711,156.358,153.33
vrikshasana,avg,1,temp_VID20260218162236.mp4,148.061,149.747,153.904,151.853,153.904,151.853,130.985,161.156,160.693,113.525,106.972,21.912,163.132,153.81,55.938,30.139,48.62,110.851,97.33,129.297,54.688,160.693,113.525,179.848,97.33,148.075,116.279,73.255,153.904,151.853,160.693,113.525,179.739,154.185,142.158
vrikshasana,avg,1,temp_VID20260218162236.mp4,153.612,145.095,154.426,158.292,154.426,158.292,135.61,160.914,161.743,113.832,106.314,22.607,167.556,154.094,50.17,29.815,47.653,110.097,97.445,131.157,55.968,161.743,113.832,179.853,97.445,142.593,116.881,77.92,154.426,158.292,161.743,113.832,179.754,151.962,129.063
vrikshasana,avg,1,temp_VID20260218162236.mp4,148.585,151.019,148.599,151.161,148.599,151.161,134.913,158.984,168.926,112.967,112.088,19.69,166.284,152.908,53.478,29.083,45.648,106.973,95.525,129.877,52.274,168.926,112.967,179.845,95.525,144.273,118.498,73.016,148.599,151.161,168.926,112.967,179.744,148.323,142.812
vrikshasana,avg,1,temp_VID20260218162236.mp4,151.113,153.657,146.399,149.944,146.399,149.944,128.805,151.278,175.208,117.577,117.478,20.371,162.693,152.426,62.805,28.912,45.657,107.35,89.576,136.776,54.373,175.208,117.577,179.821,89.576,143.743,110.824,76.41,146.399,149.944,175.208,117.577,179.744,145.424,145.207
vrikshasana,avg,1,temp_VID20260218162307.mp4,95.594,128.087,22.173,56.847,22.173,56.847,170.238,169.163,154.297,140.139,138.244,131.107,138.972,148.01,77.33,71.497,93.226,92.162,144.118,147.844,135.128,154.297,140.139,179.762,144.118,175.797,96.62,96.88,22.173,56.847,154.297,140.139,179.559,177.423,170.737
vrikshasana,avg,1,temp_VID20260218162307.mp4,86.408,104.642,19.257,35.806,19.257,35.806,168.164,166.198,144.481,133.493,131.16,126.786,145.652,148.07,64.587,68.22,87.889,95.228,149.267,139.292,128.8,144.481,133.493,179.755,149.267,172.013,88.34,94.121,19.257,35.806,144.481,133.493,179.572,175.615,166.341
vrikshasana,avg,1,temp_VID20260218162307.mp4,85.494,89.245,11.911,15.162,11.911,15.162,163.322,167.732,140.389,127.159,133.757,113.198,121.239,61.467,97.222,153.22,93.298,87.106,145.409,133.858,123.428,140.389,127.159,179.768,145.409,169.268,76.908,106.011,11.911,15.162,140.389,127.159,179.567,168.497,169.251
vrikshasana,avg,1,temp_VID20260218162307.mp4,153.876,120.275,76.552,20.152,76.552,20.152,176.116,178.393,148.187,163.878,106.454,101.018,140.866,125.139,75.016,91.119,74.746,103.837,104.408,157.226,103.784,148.187,163.878,179.89,104.408,155.094,143.765,70.79,76.552,20.152,148.187,163.878,179.747,165.191,144.071
vrikshasana,avg,1,temp_VID20260218162307.mp4,154.433,72.468,96.071,38.483,96.071,38.483,172.194,178.643,140.859,125.172,97.921,46.28,153.893,98.953,60.396,92.883,32.469,113.905,107.082,127.488,65.671,140.859,125.172,179.929,107.082,157.061,165.17,101.328,96.071,38.483,140.859,125.172,179.885,165.53,148.459
vrikshasana,avg,1,temp_VID20260218162307.mp4,163.837,167.028,119.857,106.067,119.857,106.067,169.291,173.843,130.903,99.375,101.398,25.668,149.381,147.188,68.681,41.75,28.118,117.983,120.626,105.452,51.669,130.903,99.375,179.918,120.626,168.627,165.943,34.115,119.857,106.067,130.903,99.375,179.864,176.789,152.386
vrikshasana,avg,1,temp_VID20260218162307.mp4,166.838,160.599,118.926,129.73,118.926,129.73,88.085,158.335,151.673,93.724,108.001,18.328,151.999,149.538,68.569,21.813,30.124,116.443,111.186,106.426,44.166,151.673,93.724,179.867,111.186,176.682,151.613,54.011,118.926,129.73,151.673,93.724,179.828,164.854,134.71
vrikshasana,avg,1,temp_VID20260218162307.mp4,131.857,159.051,136.004,145.21,136.004,145.21,158.017,171.837,144.599,94.186,100.363,16.339,148.862,150.949,68.731,25.367,37.856,122.194,110.789,104.9,41.764,144.599,94.186,179.848,110.789,176.096,139.705,62.12,136.004,145.21,144.599,94.186,179.774,165.848,130.086
vrikshasana,avg,1,temp_VID20260218162307.mp4,142.855,156.307,150.512,149.928,150.512,149.928,147.035,167.486,153.389,96.694,108.09,19.434,160.144,143.383,57.147,41.134,45.901,115.544,109.961,111.457,48.909,153.389,96.694,179.83,109.961,168.715,126.458,64.703,150.512,149.928,153.389,96.694,179.727,160.442,156.525
vrikshasana,avg,1,temp_VID20260218162307.mp4,151.239,154.349,154.278,154.261,154.278,154.261,139.506,157.676,155.156,101.632,113.744,20.264,157.441,153.492,65.623,30.731,48.703,115.29,107.686,117.329,52.912,155.156,101.632,179.831,107.686,162.899,122.428,68.66,154.278,154.261,155.156,101.632,179.72,165.043,164.676
vrikshasana,avg,1,temp_VID20260218162307.mp4,145.512,156.818,151.054,147.014,151.054,147.014,134.524,159.094,158.35,108.71,113.678,20.681,157.986,153.921,66.531,29.018,49.964,116.133,102.235,123.338,53.553,158.35,108.71,179.837,102.235,157.928,121.231,67.538,151.054,147.014,158.35,108.71,179.719,162.545,155.026
vrikshasana,avg,1,temp_VID20260218162307.mp4,152.34,150.937,148.718,151.465,148.718,151.465,145.413,163.492,154.63,105.82,112.99,20.161,156.911,153.878,67.47,27.884,50.392,115.707,103.575,120.356,52.837,154.63,105.82,179.843,103.575,157.247,125.929,68.069,148.718,151.465,154.63,105.82,179.724,166.05,144.186
vrikshasana,avg,1,temp_VID20260218162307.mp4,147.214,157.059,147.547,143.772,147.547,143.772,140.279,163.314,152.111,108.49,111.402,20.696,154.542,152.631,73.327,27.909,50.28,119.037,100.521,121.978,53.152,152.111,108.49,179.844,100.521,160.032,125.092,63.177,147.547,143.772,152.111,108.49,179.723,169.519,145.598
vrikshasana,avg,1,temp_VID20260218162307.mp4,144.604,161.075,140.348,136.144,140.348,136.144,147.17,165.589,158.732,111.787,112.728,20.057,151.905,153.338,75.178,31.097,50.285,117.112,96.748,126.219,53.079,158.732,111.787,179.838,96.748,156.097,125.408,61.381,140.348,136.144,158.732,111.787,179.723,163.11,146.922
vrikshasana,avg,1,temp_VID20260218162307.mp4,152.557,160.221,142.352,139.106,142.352,139.106,145.607,162.333,164.961,112.68,116.451,20.278,151.832,152.075,76.995,29.935,51.1,115.326,93.615,129.372,54.26,164.961,112.68,179.817,93.615,153.794,119.1,65.636,142.352,139.106,164.961,112.68,179.72,159.35,145.902
vrikshasana,avg,1,temp_VID20260218162307.mp4,149.816,161.841,141.177,138.833,141.177,138.833,149.199,159.981,171.036,109.852,124.522,18.792,154.262,152.482,73.269,30.24,52.069,108.8,96.664,126.557,53.565,171.036,109.852,179.819,96.664,155.963,122.95,63.616,141.177,138.833,171.036,109.852,179.709,156.783,162.789
vrikshasana,avg,1,temp_VID20260218162307.mp4,155.785,160.963,143.1,138.7,143.1,138.7,148.299,162.686,176.597,111.554,121.992,18.898,157.147,154.871,66.681,31.84,56.789,108.078,93.235,130.834,53.561,176.597,111.554,179.787,93.235,146.148,114.99,67.069,143.1,138.7,176.597,111.554,179.684,147.748,147.945
vrikshasana,avg,1,temp_VID20260218162307.mp4,160.904,160.357,142.566,138.258,142.566,138.258,148.618,162.315,177.558,112.533,122.939,18.614,156.084,155.042,68.632,31.045,59.494,108.236,91.599,132.692,53.587,177.558,112.533,179.773,91.599,143.251,111.541,69.47,142.566,138.258,177.558,112.533,179.673,146.708,138.856
vrikshasana,avg,1,temp_VID20260218162307.mp4,163.916,159.448,142.861,139.12,142.861,139.12,149.1,161.361,177.517,115.475,121.561,20.296,155.214,153.814,69.767,30.998,60.585,108.724,89.459,137.053,56.439,177.517,115.475,179.77,89.459,138.718,110.257,70.75,142.861,139.12,177.517,115.475,179.672,145.664,126.368
vrikshasana,avg,1,temp_VID20260218162307.mp4,165.834,157.116,145.373,140.53,145.373,140.53,147.966,162.636,177.371,115.457,119.69,21.257,157.405,154.007,64.463,30.271,61.525,107.262,90.958,137.878,57.816,177.371,115.457,179.784,90.958,133.631,111.602,69.504,145.373,140.53,177.371,115.457,179.672,144.293,116.149
vrikshasana,avg,1,temp_VID20260218162307.mp4,161.073,157.39,145.016,140.419,145.016,140.419,146.701,163.039,175.839,114.904,119.987,21.019,155.896,152.926,67.056,29.406,60.838,107.7,91.765,136.088,57.384,175.839,114.904,179.794,91.765,137.251,114.048,68.153,145.016,140.419,175.839,114.904,179.672,147.415,120.551
vrikshasana,avg,1,temp_VID20260218162307.mp4,164.02,157.864,145.692,140.683,145.692,140.683,148.373,162.848,176.706,115.042,119.371,21.186,157.096,154.607,64.605,30.853,61.735,107.183,91.562,137.3,57.719,176.706,115.042,179.791,91.562,133.887,112.674,68.624,145.692,140.683,176.706,115.042,179.669,145.407,115.43
vrikshasana,avg,1,temp_VID20260218162348.mp4,87.303,127.712,6.91,52.382,6.91,52.382,167.148,170.1,160.837,171.722,162.859,152.09,156.78,162.935,48.743,43.612,71.53,116.77,139.154,167.934,158.302,160.837,171.722,179.806,139.154,153.847,113.801,100.605,6.91,52.382,160.837,171.722,179.657,150.349,156.966
vrikshasana,avg,1,temp_VID20260218162348.mp4,84.069,128.831,7.912,52.15,7.912,52.15,168.564,171.455,173.712,167.362,142.935,137.567,155.07,157.768,53.162,50.692,81.678,104.513,138.369,172.212,140.382,173.712,167.362,179.77,138.369,160.357,106.109,100.683,7.912,52.15,173.712,167.362,179.642,158.66,161.551
vrikshasana,avg,1,temp_VID20260218162348.mp4,89.493,121.969,8.785,35.841,8.785,35.841,166.249,171.541,175.584,174.43,144.071,139.837,157.986,158.076,49.374,53.114,85.044,100.113,133.984,178.416,141.86,175.584,174.43,179.751,133.984,155.887,88.271,95.641,8.785,35.841,175.584,174.43,179.613,155.253,156.455
vrikshasana,avg,1,temp_VID20260218162348.mp4,99.678,134.362,16.628,41.451,16.628,41.451,166.025,167.602,173.93,173.555,143.029,146.471,155.182,155.337,52.964,57.298,93.033,90.111,133.864,179.555,144.56,173.93,173.555,179.787,133.864,157.186,83.837,84.783,16.628,41.451,173.93,173.555,179.59,159.125,154.62
vrikshasana,avg,1,temp_VID20260218162348.mp4,96.836,121.267,16.591,33.186,16.591,33.186,165.631,168.624,164.76,157.863,135.221,121.251,157.175,106.088,51.523,103.654,91.021,90.018,135.637,162.03,128.54,164.76,157.863,179.795,135.637,162.665,81.673,92.44,16.591,33.186,164.76,157.863,179.599,163.676,160.935
vrikshasana,avg,1,temp_VID20260218162348.mp4,100.795,112.089,20.344,26.001,20.344,26.001,166.578,169.662,152.048,153.601,117.358,114.211,159.517,113.126,46.867,96.029,87.98,93.922,132.811,153.074,115.748,152.048,153.601,179.793,132.811,161.637,89.071,98.704,20.344,26.001,152.048,153.601,179.608,162.67,159.868
vrikshasana,avg,1,temp_VID20260218162348.mp4,96.236,105.258,29.243,28.973,29.243,28.973,175.419,171.189,144.149,147.17,109.346,108.589,156.419,160.172,46.661,45.655,90.009,93.463,134.109,145.886,108.944,144.149,147.17,179.779,134.109,162.787,99.712,106.72,29.243,28.973,144.149,147.17,179.612,163.778,161.085
vrikshasana,avg,1,temp_VID20260218162348.mp4,90.46,106.656,31.047,35.304,31.047,35.304,176.248,171.35,70.096,118.202,27.999,81.772,159.436,159.162,33.517,52.643,107.194,88.424,131.679,86.205,45.428,70.096,118.202,179.758,131.679,167.861,108.646,114.607,31.047,35.304,70.096,118.202,179.614,150.077,174.384
vrikshasana,avg,1,temp_VID20260218162348.mp4,94.863,115.088,53.821,52.989,53.821,52.989,175.349,168.199,58.182,114.728,21.088,94.225,148.573,155.142,28.128,60.735,123.352,80.921,140.787,76.326,44.929,58.182,114.728,179.752,140.787,159.602,133.215,121.997,53.821,52.989,58.182,114.728,179.646,142.515,167.027
vrikshasana,avg,1,temp_VID20260218162348.mp4,123.325,73.749,106.595,44.807,106.595,44.807,170.877,163.965,61.286,135.563,18.036,115.798,156.263,160.855,27.824,57.717,121.439,84.299,138.107,85.661,49.47,61.286,135.563,179.774,138.107,174.145,169.278,143.577,106.595,44.807,61.286,135.563,179.647,173.897,171.758
vrikshasana,avg,1,temp_VID20260218162348.mp4,133.3,148.768,141.4,130.806,141.4,130.806,167.05,174.67,75.987,141.791,20.747,116.339,153.686,164.6,25.491,53.336,118.701,85.391,126.224,95.86,50.877,75.987,141.791,179.762,126.224,172.822,131.664,129.862,141.4,130.806,75.987,141.791,179.651,169.072,172.674
vrikshasana,avg,1,temp_VID20260218162348.mp4,130.381,170.966,145.186,165.384,145.186,165.384,169.344,156.223,68.734,117.356,26.89,110.334,147.055,165.073,22.785,52.901,119.087,55.4,141.37,86.725,59.435,68.734,117.356,179.843,141.37,166.312,97.466,139.089,145.186,165.384,68.734,117.356,179.727,171.429,159.387
vrikshasana,avg,1,temp_VID20260218162348.mp4,137.887,141.777,163.759,170.104,163.759,170.104,161.151,35.202,89.389,137.989,26.309,109.809,155.576,164.298,30.627,49.946,115.538,51.047,123.674,107.175,58.484,89.389,137.989,179.851,123.674,162.86,91.205,125.213,163.759,170.104,89.389,137.989,179.753,144.152,175.124
vrikshasana,avg,1,temp_VID20260218162348.mp4,137.051,150.038,163.421,177.054,163.421,177.054,162.157,158.844,82.37,153.467,22.237,122.47,162.428,169.426,25.249,44.876,104.273,52.185,124.412,105.651,56.953,82.37,153.467,179.818,124.412,161.443,87.133,116.022,163.421,177.054,82.37,153.467,179.741,149.826,168.522
vrikshasana,avg,1,temp_VID20260218162348.mp4,143.35,164.192,167.311,159.827,167.311,159.827,157.555,159.168,81.123,159.849,21.136,122.0,154.654,169.59,28.79,46.137,105.967,54.76,118.206,105.344,53.392,81.123,159.849,179.75,118.206,164.696,86.642,111.161,167.311,159.827,81.123,159.849,179.719,167.077,162.52
vrikshasana,avg,1,temp_VID20260218162348.mp4,139.511,165.87,166.057,156.52,166.057,156.52,159.311,153.779,79.204,158.554,20.255,121.469,152.447,168.624,29.003,48.834,107.925,56.013,118.049,102.685,51.324,79.204,158.554,179.724,118.049,168.599,88.646,106.164,166.057,156.52,79.204,158.554,179.705,172.467,163.665
vrikshasana,avg,1,temp_VID20260218162348.mp4,144.692,163.693,172.819,149.06,172.819,149.06,158.064,149.369,81.994,161.05,20.071,119.698,152.011,167.796,27.928,49.281,109.167,57.186,114.544,106.006,50.943,81.994,161.05,179.709,114.544,165.272,88.412,102.298,172.819,149.06,81.994,161.05,179.695,171.314,160.082
vrikshasana,avg,1,temp_VID20260218162348.mp4,147.827,167.091,175.96,145.37,175.96,145.37,154.02,152.219,87.911,161.54,21.211,118.096,155.33,166.24,33.465,52.536,112.215,57.662,109.779,113.0,53.531,87.911,161.54,179.705,109.779,159.196,89.775,99.42,175.96,145.37,87.911,161.54,179.695,154.721,159.725
vrikshasana,avg,1,temp_VID20260218162348.mp4,148.032,168.24,177.871,142.921,177.871,142.921,154.97,153.528,94.421,162.381,22.929,116.102,154.383,165.667,30.705,53.122,114.502,57.711,105.509,120.316,56.079,94.421,162.381,179.706,105.509,150.169,89.162,99.951,177.871,142.921,94.421,162.381,179.701,136.398,158.095
vrikshasana,avg,1,temp_VID20260218162348.mp4,147.444,168.43,176.988,143.815,176.988,143.815,155.177,152.505,93.113,161.358,21.915,113.529,152.266,166.322,28.139,51.544,115.022,56.915,105.811,118.088,53.77,93.113,161.358,179.707,105.811,151.066,88.054,99.976,176.988,143.815,93.113,161.358,179.701,139.486,156.933
vrikshasana,avg,1,temp_VID20260218162348.mp4,149.076,168.906,178.3,143.063,178.3,143.063,154.669,155.188,91.087,161.409,21.339,112.231,152.533,166.62,27.981,51.035,115.331,56.945,106.45,116.568,52.465,91.087,161.409,179.698,106.45,151.727,89.551,95.108,178.3,143.063,91.087,161.409,179.7,142.137,155.8
vrikshasana,avg,1,temp_VID20260218162400.mp4,90.444,120.813,17.521,19.853,17.521,19.853,167.547,166.879,153.389,172.315,152.839,120.519,151.698,161.496,52.688,44.355,86.529,118.104,115.666,168.133,138.645,153.389,172.315,179.781,115.666,139.327,115.714,91.865,17.521,19.853,153.389,172.315,179.715,135.938,143.201
vrikshasana,avg,1,temp_VID20260218162400.mp4,74.841,100.148,12.446,17.59,12.446,17.59,173.936,170.651,169.55,170.435,147.297,131.984,155.033,158.121,47.166,46.956,75.726,117.549,130.942,178.907,140.281,169.55,170.435,179.791,130.942,151.678,116.024,86.551,12.446,17.59,169.55,170.435,179.721,148.161,155.411
vrikshasana,avg,1,temp_VID20260218162400.mp4,79.625,90.099,12.457,10.997,12.457,10.997,173.83,171.838,174.767,173.244,140.308,135.23,152.653,154.548,51.322,52.154,76.951,107.229,131.073,178.473,137.781,174.767,173.244,179.774,131.073,152.645,112.675,83.834,12.457,10.997,174.767,173.244,179.658,149.368,155.782
vrikshasana,avg,1,temp_VID20260218162400.mp4,85.837,117.505,9.904,37.184,9.904,37.184,170.012,173.834,175.297,170.241,140.541,135.581,149.277,151.876,56.94,56.796,80.417,103.645,133.256,173.898,138.09,175.297,170.241,179.749,133.256,158.468,104.824,98.273,9.904,37.184,175.297,170.241,179.645,156.817,159.968
vrikshasana,avg,1,temp_VID20260218162400.mp4,89.208,122.862,9.247,36.814,9.247,36.814,168.096,171.763,163.4,164.458,125.61,128.454,157.964,158.282,46.542,49.481,87.671,93.661,131.211,164.311,126.916,163.4,164.458,179.74,131.211,159.443,99.906,99.073,9.247,36.814,163.4,164.458,179.627,158.137,160.597
vrikshasana,avg,1,temp_VID20260218162400.mp4,86.585,116.646,8.59,32.069,8.59,32.069,167.148,169.967,158.428,156.518,123.73,122.946,137.042,157.239,67.909,49.475,91.124,91.153,133.877,157.691,123.27,158.428,156.518,179.738,133.877,163.263,99.746,100.493,8.59,32.069,158.428,156.518,179.628,161.681,164.634
vrikshasana,avg,1,temp_VID20260218162400.mp4,91.717,100.439,10.072,18.642,10.072,18.642,165.005,169.801,153.455,155.277,121.552,122.428,148.449,157.431,58.625,49.442,95.735,84.544,134.817,154.527,121.96,153.455,155.277,179.74,134.817,166.139,86.462,103.687,10.072,18.642,153.455,155.277,179.582,166.031,165.915
vrikshasana,avg,1,temp_VID20260218162400.mp4,96.979,102.956,14.521,19.265,14.521,19.265,165.078,168.778,154.992,157.495,122.588,124.453,157.243,159.612,50.208,48.744,94.904,85.012,134.685,156.423,123.452,154.992,157.495,179.749,134.685,165.511,89.168,101.144,14.521,19.265,154.992,157.495,179.588,165.232,165.497
vrikshasana,avg,1,temp_VID20260218162400.mp4,98.844,104.897,19.301,21.481,19.301,21.481,165.077,168.577,153.684,155.956,125.508,124.096,159.474,160.597,48.062,48.409,95.285,83.949,137.219,154.9,124.738,153.684,155.956,179.773,137.219,168.001,85.927,102.433,19.301,21.481,153.684,155.956,179.597,168.556,167.013
vrikshasana,avg,1,temp_VID20260218162400.mp4,98.826,100.605,18.575,17.443,18.575,17.443,164.85,168.932,154.015,153.691,125.805,122.315,160.25,157.723,47.412,52.384,95.615,82.033,137.561,153.922,123.971,154.015,153.691,179.781,137.561,168.332,84.196,105.197,18.575,17.443,154.015,153.691,179.614,168.235,168.133
vrikshasana,avg,1,temp_VID20260218162400.mp4,96.429,97.871,15.001,13.488,15.001,13.488,165.133,168.058,153.219,153.652,124.746,122.433,156.469,158.261,51.537,52.497,93.879,83.491,137.029,153.468,123.453,153.219,153.652,179.785,137.029,168.741,81.915,106.949,15.001,13.488,153.219,153.652,179.621,168.519,168.695
vrikshasana,avg,1,temp_VID20260218162400.mp4,94.25,96.153,14.821,11.639,14.821,11.639,168.13,167.411,153.937,153.18,121.328,115.658,158.128,165.276,48.63,42.616,91.828,85.433,133.673,153.612,118.482,153.937,153.18,179.786,133.673,164.27,83.873,108.723,14.821,11.639,153.937,153.18,179.624,165.438,162.79
vrikshasana,avg,1,temp_VID20260218162400.mp4,100.26,115.882,27.871,37.635,27.871,37.635,175.618,165.294,79.11,96.593,50.801,66.464,152.915,162.258,53.776,44.537,102.364,80.187,138.845,87.113,57.809,79.11,96.593,179.742,138.845,160.286,105.816,105.441,27.871,37.635,79.11,96.593,179.617,155.211,164.838
vrikshasana,avg,1,temp_VID20260218162400.mp4,121.637,114.887,68.689,63.504,68.689,63.504,175.16,172.709,64.955,115.612,24.893,80.082,167.234,161.777,37.151,47.586,112.133,82.159,133.462,81.842,42.095,64.955,115.612,179.774,133.462,164.876,132.204,121.321,68.689,63.504,64.955,115.612,179.624,147.173,174.0
vrikshasana,avg,1,temp_VID20260218162400.mp4,123.036,146.671,106.683,126.916,106.683,126.916,171.187,174.49,57.002,119.584,19.574,94.949,153.973,164.35,30.115,48.641,123.526,80.341,137.801,77.021,43.679,57.002,119.584,179.759,137.801,169.253,160.441,131.302,106.683,126.916,57.002,119.584,179.636,158.532,172.541
vrikshasana,avg,1,temp_VID20260218162400.mp4,110.911,169.092,124.992,146.902,124.992,146.902,171.927,172.957,65.795,115.525,19.538,99.264,153.291,165.867,29.878,55.729,126.124,42.244,136.566,82.228,47.607,65.795,115.525,179.836,136.566,166.961,121.345,147.789,124.992,146.902,65.795,115.525,179.772,169.776,164.713
vrikshasana,avg,1,temp_VID20260218162400.mp4,146.433,171.904,164.094,159.712,164.094,159.712,172.856,166.893,71.583,123.019,24.523,105.904,149.128,168.99,23.609,51.142,115.747,43.567,135.825,89.373,55.094,71.583,123.019,179.851,135.825,173.024,76.547,142.729,164.094,159.712,71.583,123.019,179.765,173.819,169.47
vrikshasana,avg,1,temp_VID20260218162400.mp4,150.538,145.984,170.471,167.489,170.471,167.489,170.07,159.795,74.782,131.753,23.672,107.457,156.982,174.93,29.502,43.657,112.523,48.704,135.044,94.809,55.056,74.782,131.753,179.843,135.044,172.285,75.261,123.544,170.471,167.489,74.782,131.753,179.745,160.307,177.88
vrikshasana,avg,1,temp_VID20260218162400.mp4,147.055,159.343,178.165,145.773,178.165,145.773,165.252,149.601,87.293,153.559,20.253,107.164,155.06,174.536,32.525,44.554,111.191,42.578,113.776,107.827,48.912,87.293,153.559,179.804,113.776,158.111,78.424,130.22,178.165,145.773,87.293,153.559,179.766,158.215,157.971
vrikshasana,avg,1,temp_VID20260218162400.mp4,152.436,166.576,179.579,143.067,179.579,143.067,153.041,149.724,88.167,169.662,20.495,111.508,159.743,174.108,30.857,45.298,109.135,46.683,106.885,116.993,51.639,88.167,169.662,179.705,106.885,149.802,85.762,99.315,179.579,143.067,88.167,169.662,179.744,152.613,145.317
vrikshasana,avg,1,temp_VID20260218162400.mp4,146.505,165.308,175.149,149.255,175.149,149.255,151.401,139.507,97.806,173.129,20.545,113.566,158.847,173.946,32.795,45.626,107.719,46.521,101.47,124.834,52.602,97.806,173.129,179.741,101.47,134.963,88.64,106.666,175.149,149.255,97.806,173.129,179.752,122.778,143.128
vrikshasana,avg,1,temp_VID20260218162400.mp4,126.637,167.645,163.732,156.447,163.732,156.447,163.485,153.408,89.724,168.824,21.612,115.957,154.446,172.527,26.092,46.81,106.892,48.506,108.812,118.837,55.132,89.724,168.824,179.717,108.812,144.194,90.033,102.19,163.732,156.447,89.724,168.824,179.744,135.055,148.847
vrikshasana,avg,1,temp_VID20260218162400.mp4,138.482,171.93,171.263,156.095,171.263,156.095,163.134,147.781,87.81,171.393,20.248,118.439,150.463,172.113,26.194,45.972,103.677,48.488,110.402,116.639,53.453,87.81,171.393,179.715,110.402,144.208,87.041,102.016,171.263,156.095,87.81,171.393,179.736,136.996,147.143
vrikshasana,avg,1,temp_VID20260218162400.mp4,140.473,171.192,173.357,151.698,173.357,151.698,162.469,152.702,84.767,171.112,17.67,117.575,155.834,170.087,28.727,47.601,104.547,46.657,111.05,110.478,47.378,84.767,171.112,179.708,111.05,151.54,86.669,100.445,173.357,151.698,84.767,171.112,179.735,156.392,147.001
vrikshasana,avg,1,temp_VID20260218162400.mp4,150.486,171.14,173.806,141.527,173.806,141.527,159.715,153.988,89.78,170.213,18.719,115.103,155.867,170.549,26.964,49.837,109.249,48.068,106.142,116.034,49.528,89.78,170.213,179.705,106.142,149.838,84.79,100.039,173.806,141.527,89.78,170.213,179.73,149.179,147.733
vrikshasana,avg,1,temp_VID20260218162400.mp4,158.773,171.15,171.223,144.193,171.223,144.193,147.735,151.997,86.218,163.007,17.804,109.806,155.033,170.846,25.3,48.339,112.429,47.508,108.316,109.667,45.864,86.218,163.007,179.706,108.316,157.542,83.0,101.18,171.223,144.193,86.218,163.007,179.729,167.117,151.052
vrikshasana,avg,1,temp_VID20260218162435.mp4,85.635,103.689,16.756,23.606,16.756,23.606,172.355,165.281,109.544,160.173,86.972,131.089,148.679,155.997,59.483,51.955,86.097,80.145,141.535,135.007,109.128,109.544,160.173,179.756,141.535,172.933,88.726,99.967,16.756,23.606,109.544,160.173,179.641,177.418,165.072
vrikshasana,avg,1,temp_VID20260218162435.mp4,106.795,121.5,40.204,41.262,40.204,41.262,175.654,169.066,68.567,150.787,33.032,121.621,163.965,160.669,39.143,49.922,95.306,59.385,140.126,87.975,54.727,68.567,150.787,179.786,140.126,175.327,95.404,100.042,40.204,41.262,68.567,150.787,179.686,147.952,168.011
vrikshasana,avg,1,temp_VID20260218162435.mp4,87.606,104.82,38.571,37.447,38.571,37.447,173.042,166.608,42.062,120.373,17.571,110.464,157.762,157.982,29.072,53.311,112.18,59.6,157.569,59.555,40.383,42.062,120.373,179.798,157.569,148.435,99.452,93.296,38.571,37.447,42.062,120.373,179.695,101.746,166.145
vrikshasana,avg,1,temp_VID20260218162435.mp4,87.355,106.997,40.523,43.529,40.523,43.529,174.498,169.258,42.961,115.758,16.864,116.124,149.194,156.844,26.729,62.579,115.785,62.258,158.878,61.48,44.828,42.961,115.758,179.8,158.878,137.819,99.806,95.434,40.523,43.529,42.961,115.758,179.69,95.409,153.425
vrikshasana,avg,1,temp_VID20260218162435.mp4,122.998,107.104,63.337,38.126,63.337,38.126,175.518,177.156,59.36,120.433,17.625,105.255,147.505,163.434,26.878,50.808,119.725,62.825,148.411,74.906,43.514,59.36,120.433,179.82,148.411,155.879,77.149,99.598,63.337,38.126,59.36,120.433,179.705,122.453,165.808
vrikshasana,avg,1,temp_VID20260218162435.mp4,127.455,112.363,65.943,40.357,65.943,40.357,178.108,175.345,63.177,122.844,18.399,104.899,146.048,159.72,26.46,56.749,118.895,63.805,143.645,80.234,45.191,63.177,122.844,179.801,143.645,156.014,76.34,106.343,65.943,40.357,63.177,122.844,179.703,126.217,166.231
vrikshasana,avg,1,temp_VID20260218162435.mp4,127.588,117.902,61.132,49.356,61.132,49.356,176.525,176.395,69.689,121.337,17.919,98.562,147.246,160.223,26.196,56.945,120.66,64.094,137.006,85.336,44.059,69.689,121.337,179.803,137.006,161.515,76.067,113.393,61.132,49.356,69.689,121.337,179.698,142.222,167.468
vrikshasana,avg,1,temp_VID20260218162435.mp4,141.375,144.713,44.125,55.712,44.125,55.712,147.911,160.275,105.664,158.664,19.374,106.775,147.84,160.514,27.261,63.403,118.652,64.906,101.936,123.352,48.555,105.664,158.664,179.79,101.936,162.988,73.535,119.961,44.125,55.712,105.664,158.664,179.701,170.335,158.598
vrikshasana,avg,1,temp_VID20260218162435.mp4,157.351,160.907,83.021,89.518,83.021,89.518,160.776,156.799,99.32,150.039,19.601,106.173,148.414,160.386,27.81,63.805,120.309,64.614,112.32,116.379,48.828,99.32,150.039,179.782,112.32,167.983,67.473,119.511,83.021,89.518,99.32,150.039,179.699,168.1,167.032
vrikshasana,avg,1,temp_VID20260218162435.mp4,154.941,137.906,97.586,98.684,97.586,98.684,143.375,143.963,105.191,155.762,20.97,105.059,150.164,163.35,29.766,61.543,118.993,69.758,107.375,124.651,51.09,105.191,155.762,179.759,107.375,154.824,80.466,106.178,97.586,98.684,105.191,155.762,179.689,140.146,161.315
vrikshasana,avg,1,temp_VID20260218162435.mp4,160.758,161.943,165.873,161.478,165.873,161.478,167.202,170.238,55.546,107.272,20.719,104.891,150.155,173.037,27.048,45.589,118.963,65.587,153.237,74.025,50.558,55.546,107.272,179.786,153.237,157.216,68.147,119.39,165.873,161.478,55.546,107.272,179.701,168.924,150.351
vrikshasana,avg,1,temp_VID20260218162435.mp4,159.142,163.164,159.258,176.974,159.258,176.974,171.148,167.722,49.859,97.936,20.581,95.828,148.111,169.468,29.997,47.623,123.157,55.673,156.071,66.5,47.888,49.859,97.936,179.813,156.071,147.782,72.452,123.639,159.258,176.974,49.859,97.936,179.732,146.453,148.099
vrikshasana,avg,1,temp_VID20260218162435.mp4,145.018,117.406,145.842,172.813,145.842,172.813,157.103,108.883,63.118,105.081,20.098,97.416,151.589,172.457,26.888,41.372,121.922,52.344,150.593,74.736,47.283,63.118,105.081,179.888,150.593,159.437,86.57,129.823,145.842,172.813,63.118,105.081,179.747,162.096,155.849
vrikshasana,avg,1,temp_VID20260218162435.mp4,146.121,158.713,156.516,170.942,156.516,170.942,158.898,142.748,69.597,118.663,18.913,97.152,152.36,170.47,27.063,41.687,121.014,52.361,136.983,83.36,44.867,69.597,118.663,179.844,136.983,168.391,83.255,122.952,156.516,170.942,69.597,118.663,179.745,158.572,170.474
vrikshasana,avg,1,temp_VID20260218162435.mp4,146.558,171.719,164.741,166.492,164.741,166.492,166.136,156.688,66.736,118.241,17.366,93.7,151.407,168.665,25.373,45.049,123.315,52.848,133.954,80.938,41.028,66.736,118.241,179.805,133.954,160.387,76.841,118.546,164.741,166.492,66.736,118.241,179.736,131.362,171.236
vrikshasana,avg,1,temp_VID20260218162435.mp4,159.199,174.321,178.258,154.312,178.258,154.312,164.006,161.33,73.333,127.875,18.587,92.96,149.302,168.52,26.587,45.044,123.171,55.426,125.098,90.336,42.941,73.333,127.875,179.759,125.098,169.516,76.108,108.603,178.258,154.312,73.333,127.875,179.728,140.854,177.015
vrikshasana,avg,1,temp_VID20260218162435.mp4,161.776,174.989,163.856,130.716,163.856,130.716,156.201,160.446,97.821,152.796,19.37,95.01,151.411,164.916,26.208,51.088,122.458,59.084,101.113,117.096,45.413,97.821,152.796,179.733,101.113,157.431,83.657,97.474,163.856,130.716,97.821,152.796,179.716,158.249,155.466
vrikshasana,avg,1,temp_VID20260218162435.mp4,157.769,175.189,162.662,129.089,162.662,129.089,155.928,157.557,104.287,157.646,19.956,96.993,151.137,164.091,25.916,53.577,121.758,61.258,95.632,123.114,46.829,104.287,157.646,179.733,95.632,152.463,83.96,98.128,162.662,129.089,104.287,157.646,179.707,150.067,152.563
vrikshasana,avg,1,temp_VID20260218162435.mp4,161.158,174.063,152.629,125.13,152.629,125.13,158.659,159.7,107.419,165.14,19.775,101.776,151.826,164.98,25.709,52.238,119.139,62.991,93.206,126.883,47.553,107.419,165.14,179.731,93.206,146.252,82.474,98.954,152.629,125.13,107.419,165.14,179.699,143.112,147.055
vrikshasana,avg,1,temp_VID20260218162435.mp4,157.248,175.125,161.161,130.371,161.161,130.371,157.944,161.58,99.268,158.307,18.154,101.348,150.558,165.13,24.507,51.889,118.28,67.982,98.663,116.306,43.805,99.268,158.307,179.726,98.663,164.343,84.436,97.217,161.161,130.371,99.268,158.307,179.679,166.904,153.763
vrikshasana,avg,1,temp_VID20260218162435.mp4,151.973,172.08,176.419,135.537,176.419,135.537,157.837,156.185,88.012,151.319,18.488,101.186,150.527,165.361,24.388,51.73,118.293,68.769,107.136,107.99,44.619,88.012,151.319,179.714,107.136,170.336,89.834,85.312,176.419,135.537,88.012,151.319,179.677,166.367,160.518
vrikshasana,avg,1,temp_VID20260218162435.mp4,155.374,172.852,172.693,136.204,172.693,136.204,155.846,158.368,93.722,152.914,18.155,101.146,152.234,165.248,25.879,51.929,118.441,68.943,103.427,111.811,44.25,93.722,152.914,179.722,103.427,163.691,87.37,93.29,172.693,136.204,93.722,152.914,179.677,171.07,158.735
vrikshasana,avg,1,temp_VID20260218162435.mp4,156.686,174.399,170.544,138.788,170.544,138.788,157.42,159.496,92.946,151.316,18.43,101.288,152.773,165.232,26.081,52.006,118.402,69.121,104.994,111.383,44.914,92.946,151.316,179.723,104.994,160.451,86.087,94.372,170.544,138.788,92.946,151.316,179.676,158.538,160.358
vrikshasana,avg,1,temp_VID20260218162446.mp4,82.029,100.659,13.735,34.382,13.735,34.382,164.756,168.686,142.734,133.397,129.697,119.49,149.784,154.659,59.117,53.634,89.98,97.465,151.658,138.122,124.537,142.734,133.397,179.768,151.658,177.121,101.642,92.058,13.735,34.382,142.734,133.397,179.664,177.334,175.37
vrikshasana,avg,1,temp_VID20260218162446.mp4,89.213,109.931,25.777,44.088,25.777,44.088,168.498,172.319,162.45,158.637,146.608,142.701,150.895,153.032,56.464,56.287,79.671,102.772,151.011,160.82,144.634,162.45,158.637,179.774,151.011,175.718,94.241,96.557,25.777,44.088,162.45,158.637,179.642,173.774,176.502
vrikshasana,avg,1,temp_VID20260218162446.mp4,118.349,91.311,60.07,30.207,60.07,30.207,175.226,175.252,150.799,151.737,131.38,135.502,148.984,150.314,64.594,62.764,95.911,83.924,145.941,151.401,133.297,150.799,151.737,179.769,145.941,177.941,98.05,106.197,60.07,30.207,150.799,151.737,179.628,175.132,178.067
vrikshasana,avg,1,temp_VID20260218162446.mp4,152.06,149.952,69.246,64.004,69.246,64.004,174.468,176.012,117.115,141.198,61.322,86.43,159.177,154.016,48.277,56.107,92.582,92.466,113.079,128.373,72.525,117.115,141.198,179.783,113.079,161.418,105.629,86.173,69.246,64.004,117.115,141.198,179.63,164.069,158.044
vrikshasana,avg,1,temp_VID20260218162446.mp4,156.465,161.228,67.405,63.112,67.405,63.112,151.233,154.37,112.546,152.432,38.521,83.227,125.839,159.369,17.123,54.951,98.746,90.524,98.972,127.581,53.944,112.546,152.432,179.775,98.972,163.259,115.101,79.023,67.405,63.112,112.546,152.432,179.63,175.575,152.07
vrikshasana,avg,1,temp_VID20260218162446.mp4,144.662,143.788,88.658,99.98,88.658,99.98,175.754,134.232,92.763,141.76,24.155,92.628,149.138,160.784,22.25,53.045,106.469,90.141,115.847,107.805,45.774,92.763,141.76,179.747,115.847,175.067,99.917,93.872,88.658,99.98,92.763,141.76,179.629,158.211,165.08
vrikshasana,avg,1,temp_VID20260218162446.mp4,158.079,139.237,104.06,116.859,104.06,116.859,160.041,176.625,88.374,136.353,22.407,96.866,154.011,160.776,26.712,54.655,107.902,90.024,120.851,101.383,45.393,88.374,136.353,179.749,120.851,170.907,83.89,105.172,104.06,116.859,88.374,136.353,179.633,145.91,170.922
vrikshasana,avg,1,temp_VID20260218162446.mp4,157.583,149.125,120.667,128.659,120.667,128.659,162.807,120.419,79.717,129.748,24.196,97.414,150.628,169.472,25.083,43.527,109.132,89.969,129.882,94.585,47.677,79.717,129.748,179.741,129.882,168.705,88.455,100.271,120.667,128.659,79.717,129.748,179.636,150.734,173.751
vrikshasana,avg,1,temp_VID20260218162446.mp4,163.348,161.459,134.228,140.865,134.228,140.865,163.344,145.21,68.469,115.053,25.057,92.793,151.148,170.649,25.977,41.115,112.845,80.433,140.829,82.268,47.056,68.469,115.053,179.753,140.829,158.952,76.318,110.093,134.228,140.865,68.469,115.053,179.644,141.684,167.339
vrikshasana,avg,1,temp_VID20260218162446.mp4,161.376,163.145,132.836,139.862,132.836,139.862,162.326,148.331,71.192,119.275,24.552,92.463,153.367,167.024,26.013,45.012,114.538,75.934,136.969,85.5,46.366,71.192,119.275,179.75,136.969,163.376,77.408,108.974,132.836,139.862,71.192,119.275,179.651,146.159,171.415
vrikshasana,avg,1,temp_VID20260218162446.mp4,163.888,161.597,138.162,147.008,138.162,147.008,167.33,157.268,65.443,115.357,24.187,93.548,155.018,166.624,25.999,44.455,116.497,68.853,142.389,79.355,45.724,65.443,115.357,179.769,142.389,157.836,66.173,119.366,138.162,147.008,65.443,115.357,179.663,135.764,168.458
vrikshasana,avg,1,temp_VID20260218162446.mp4,158.808,163.287,173.844,166.375,173.844,166.375,151.221,166.497,61.999,113.35,25.121,93.607,154.697,168.097,25.622,43.172,120.651,53.548,142.498,76.295,46.209,61.999,113.35,179.796,142.498,152.968,73.589,121.027,173.844,166.375,61.999,113.35,179.704,126.413,166.749
vrikshasana,avg,1,temp_VID20260218162446.mp4,154.052,169.467,152.575,172.581,152.575,172.581,161.481,159.254,53.613,107.507,25.206,97.046,156.265,166.617,26.72,48.158,119.965,45.896,147.521,68.116,46.639,53.613,107.507,179.806,147.521,141.661,78.918,118.739,152.575,172.581,53.613,107.507,179.734,112.353,158.145
vrikshasana,avg,1,temp_VID20260218162446.mp4,147.392,159.577,150.958,154.516,150.958,154.516,154.434,158.821,66.342,101.56,24.53,85.338,156.699,169.113,26.812,46.741,126.587,46.832,139.503,73.923,43.39,66.342,101.56,179.857,139.503,141.25,86.659,103.415,150.958,154.516,66.342,101.56,179.727,115.379,157.475
vrikshasana,avg,1,temp_VID_20260218_005708264.mp4,158.168,166.302,56.137,53.469,56.137,53.469,73.047,162.458,139.876,147.733,113.59,123.473,171.192,124.741,142.178,91.181,32.661,101.371,175.43,149.095,105.794,139.876,147.733,179.901,175.43,134.452,163.738,95.646,56.137,53.469,139.876,147.733,179.59,152.741,109.57
vrikshasana,avg,1,temp_VID_20260218_005708264.mp4,102.558,100.223,68.735,27.752,68.735,27.752,135.714,158.571,55.612,117.681,148.403,115.438,166.74,159.255,80.335,50.49,45.994,135.577,92.313,84.468,145.6,55.612,117.681,179.956,92.313,78.022,104.855,81.485,68.735,27.752,55.612,117.681,179.941,70.564,87.426
vrikshasana,avg,1,temp_VID_20260218_005708264.mp4,118.625,130.858,54.025,12.44,54.025,12.44,151.347,162.538,114.596,122.791,145.479,131.033,162.901,161.182,90.853,75.24,79.383,116.724,108.773,121.196,138.433,114.596,122.791,179.952,108.773,104.115,116.951,83.778,54.025,12.44,114.596,122.791,179.929,107.87,97.361
vrikshasana,avg,1,temp_VID_20260218_005708264.mp4,108.416,149.786,58.499,33.056,58.499,33.056,162.9,157.799,130.969,126.336,145.259,127.121,161.566,167.82,101.842,83.07,75.078,106.051,85.367,129.66,135.198,130.969,126.336,179.952,85.367,115.156,127.965,67.272,58.499,33.056,130.969,126.336,179.944,122.744,105.275
vrikshasana,avg,1,temp_VID_20260218_005708264.mp4,156.481,140.599,32.038,51.147,32.038,51.147,142.47,169.495,120.278,119.762,165.048,146.375,151.113,167.274,115.182,92.904,103.607,76.503,111.485,119.878,157.052,120.278,119.762,179.941,111.485,109.543,55.883,130.102,32.038,51.147,120.278,119.762,179.901,115.347,102.963
vrikshasana,avg,1,temp_VID_20260218_005708264.mp4,135.845,44.59,94.96,113.334,94.96,113.334,166.206,128.315,117.713,139.571,163.549,136.03,149.655,167.284,103.013,81.025,101.003,105.32,79.741,130.695,153.568,117.713,139.571,179.952,79.741,119.943,158.12,44.412,94.96,113.334,117.713,139.571,179.909,118.587,116.629
vrikshasana,avg,1,temp_VID_20260218_005826806.mp4,158.541,134.586,98.652,89.965,98.652,89.965,167.044,174.07,157.009,99.529,131.866,34.017,153.661,132.341,87.625,32.25,79.581,117.677,119.048,117.951,68.903,157.009,99.529,179.832,119.048,171.336,131.376,104.112,98.652,89.965,157.009,99.529,179.706,173.289,149.943
vrikshasana,avg,1,temp_VID_20260218_005826806.mp4,149.284,135.345,129.236,124.978,129.236,124.978,171.015,173.743,166.727,110.83,133.907,38.358,153.499,125.38,88.313,34.774,74.633,118.117,109.119,127.723,72.187,166.727,110.83,179.834,109.119,174.406,127.906,111.278,129.236,124.978,166.727,110.83,179.715,167.362,149.088
vrikshasana,avg,1,temp_VID_20260218_005826806.mp4,136.983,143.546,142.539,145.214,142.539,145.214,177.599,179.624,158.133,106.953,132.624,43.491,155.814,119.911,85.326,41.122,68.383,117.923,111.745,123.412,77.329,158.133,106.953,179.837,111.745,166.872,127.941,96.504,142.539,145.214,158.133,106.953,179.724,176.803,142.632
vrikshasana,avg,1,temp_VID_20260218_005826806.mp4,128.3,152.616,155.656,160.25,155.656,160.25,170.768,171.453,136.954,89.769,132.617,41.267,153.603,127.276,92.439,41.959,67.227,117.771,125.944,106.021,77.642,136.954,89.769,179.845,125.944,150.312,130.979,86.902,155.656,160.25,136.954,89.769,179.722,159.471,131.775
vrikshasana,avg,1,temp_VID_20260218_005826806.mp4,127.969,152.535,160.404,158.096,160.404,158.096,167.977,172.579,151.179,100.632,136.032,43.882,154.132,124.844,96.118,43.482,67.846,115.893,113.941,118.982,81.13,151.179,100.632,179.824,113.941,161.338,115.905,91.089,160.404,158.096,151.179,100.632,179.722,171.81,141.416
vrikshasana,avg,1,temp_VID_20260218_005826806.mp4,126.23,148.218,158.827,158.578,158.827,158.578,161.221,168.651,152.853,103.932,139.008,46.026,155.788,123.016,98.767,45.01,66.859,116.364,110.25,122.457,84.686,152.853,103.932,179.828,110.25,163.13,116.566,89.257,158.827,158.578,152.853,103.932,179.727,171.843,145.919
vrikshasana,avg,1,temp_VID_20260218_005826806.mp4,125.385,145.744,158.52,158.588,158.52,158.588,158.267,165.679,156.285,105.603,137.956,45.515,154.878,125.017,97.561,45.555,65.979,115.984,108.643,125.184,84.179,156.285,105.603,179.82,108.643,166.961,113.965,90.362,158.52,158.588,156.285,105.603,179.732,175.932,149.017
vrikshasana,avg,1,temp_VID_20260218_005826806.mp4,123.838,144.454,159.196,161.238,159.196,161.238,156.504,163.294,154.611,103.581,137.769,46.427,154.157,122.861,96.72,43.997,66.145,115.183,110.135,123.351,84.754,154.611,103.581,179.82,110.135,164.975,113.882,88.933,159.196,161.238,154.611,103.581,179.729,174.404,146.476
vrikshasana,avg,1,temp_VID_20260218_005826806.mp4,129.538,143.739,161.442,164.32,161.442,164.32,155.65,162.106,157.383,104.7,132.773,43.4,156.754,126.002,87.896,42.296,66.293,114.732,107.466,124.666,79.966,157.383,104.7,179.814,107.466,169.585,109.574,91.55,161.442,164.32,157.383,104.7,179.73,179.468,149.352
vrikshasana,avg,1,temp_VID_20260218_005826806.mp4,127.897,144.556,159.279,161.246,159.279,161.246,156.899,162.476,157.117,103.894,130.846,43.554,160.019,125.676,86.606,41.454,66.603,114.2,109.373,124.433,79.772,157.117,103.894,179.815,109.373,171.0,112.287,87.687,159.279,161.246,157.117,103.894,179.727,178.772,150.424
vrikshasana,avg,1,temp_VID_20260218_005826806.mp4,128.043,143.893,160.685,163.069,160.685,163.069,156.516,159.975,159.198,104.571,132.407,42.541,160.441,126.196,90.778,39.858,66.761,113.7,107.689,125.68,79.481,159.198,104.571,179.804,107.689,172.36,109.915,89.658,160.685,163.069,159.198,104.571,179.725,177.839,152.567
vrikshasana,avg,1,temp_VID_20260218_005826806.mp4,126.35,144.176,159.196,162.019,159.196,162.019,156.777,159.346,161.076,105.655,133.041,43.304,162.131,123.82,89.338,39.609,67.067,113.086,108.127,127.02,80.268,161.076,105.655,179.806,108.127,173.732,110.74,89.08,159.196,162.019,161.076,105.655,179.723,176.164,153.306
vrikshasana,avg,1,temp_VID_20260218_005826806.mp4,126.223,144.038,158.975,162.013,158.975,162.013,157.239,158.338,160.985,105.265,134.232,43.238,161.021,124.466,90.781,39.386,67.476,112.611,108.68,126.888,80.787,160.985,105.265,179.805,108.68,173.159,111.016,88.945,158.975,162.013,160.985,105.265,179.72,176.999,153.196
vrikshasana,avg,1,temp_VID_20260218_005826806.mp4,127.322,144.416,157.301,159.56,157.301,159.56,158.261,159.986,161.795,107.297,133.758,45.053,157.114,123.841,93.75,39.64,67.797,112.369,108.274,128.782,82.325,161.795,107.297,179.806,108.274,173.931,111.808,87.781,157.301,159.56,161.795,107.297,179.721,175.983,153.59
vrikshasana,avg,1,temp_VID_20260218_005826806.mp4,126.136,144.431,156.998,159.221,156.998,159.221,155.961,160.519,160.284,107.967,137.227,46.4,158.694,120.497,97.109,40.995,67.876,113.254,107.723,128.683,84.654,160.284,107.967,179.805,107.723,170.351,111.42,88.042,156.998,159.221,160.284,107.967,179.721,179.751,151.607
vrikshasana,avg,1,temp_VID_20260218_005826806.mp4,124.99,143.533,157.211,158.926,157.211,158.926,156.144,159.774,154.921,109.252,135.128,48.079,158.696,119.202,98.64,42.252,66.745,115.583,108.32,128.083,86.034,154.921,109.252,179.817,108.32,167.858,112.955,86.85,157.211,158.926,154.921,109.252,179.724,175.133,152.754
vrikshasana,avg,1,temp_VID_20260218_005826806.mp4,126.837,142.76,156.576,155.877,156.576,155.877,156.936,161.0,154.223,111.788,136.576,49.214,157.889,117.172,102.648,43.082,66.825,116.636,106.722,129.426,87.663,154.223,111.788,179.82,106.722,166.977,112.738,86.378,156.576,155.877,154.223,111.788,179.726,173.323,153.539
vrikshasana,avg,1,temp_VID_20260218_005940192.mp4,138.168,131.796,9.107,11.322,9.107,11.322,156.333,167.617,169.545,163.062,139.284,132.951,149.811,151.845,92.135,87.867,75.083,101.211,122.577,167.712,136.301,169.545,163.062,179.823,122.577,168.838,94.584,90.707,9.107,11.322,169.545,163.062,179.704,166.071,169.996
vrikshasana,avg,1,temp_VID_20260218_005940192.mp4,121.216,132.544,11.957,10.771,11.957,10.771,161.706,166.254,171.773,166.23,139.201,135.001,152.612,151.524,86.93,87.515,77.619,99.757,124.732,169.996,137.076,171.773,166.23,179.815,124.732,167.121,91.462,89.768,11.957,10.771,171.773,166.23,179.683,164.277,168.99
vrikshasana,avg,1,temp_VID_20260218_005940192.mp4,120.879,132.26,14.501,11.555,14.501,11.555,164.026,166.911,169.595,167.32,136.634,139.773,153.877,150.219,87.834,86.821,78.896,100.113,123.713,169.206,138.109,169.595,167.32,179.808,123.713,168.427,94.289,91.788,14.501,11.555,169.595,167.32,179.688,165.209,170.706
vrikshasana,avg,1,temp_VID_20260218_005940192.mp4,113.354,129.653,20.61,15.784,20.61,15.784,167.724,165.803,175.538,171.437,141.917,140.421,151.612,152.119,90.64,84.703,80.771,98.018,119.696,174.754,141.151,175.538,171.437,179.802,119.696,164.821,98.941,95.962,20.61,15.784,175.538,171.437,179.697,162.148,167.123
vrikshasana,avg,1,temp_VID_20260218_005940192.mp4,150.863,149.28,62.267,59.973,62.267,59.973,176.247,159.13,172.809,173.444,130.331,133.827,154.605,152.895,78.715,76.972,83.02,100.648,119.394,175.628,132.154,172.809,173.444,179.804,119.394,156.851,118.525,95.109,62.267,59.973,172.809,173.444,179.695,157.432,155.793
vrikshasana,avg,1,temp_VID_20260218_005940192.mp4,134.686,136.195,96.921,89.904,96.921,89.904,93.413,161.974,173.241,110.791,132.85,50.876,158.148,161.867,82.72,52.468,77.696,106.612,115.765,133.59,81.198,173.241,110.791,179.804,115.765,171.197,149.094,121.18,96.921,89.904,173.241,110.791,179.688,159.866,172.589
vrikshasana,avg,1,temp_VID_20260218_005940192.mp4,156.676,149.029,146.024,141.198,146.024,141.198,166.837,148.084,153.496,101.153,121.581,39.356,163.914,143.595,75.155,29.384,73.731,110.916,117.265,120.812,72.569,153.496,101.153,179.829,117.265,178.542,132.652,100.853,146.024,141.198,153.496,101.153,179.694,174.109,163.767
vrikshasana,avg,1,temp_VID_20260218_005940192.mp4,154.441,153.791,167.778,161.56,167.778,161.56,159.616,165.851,129.257,70.89,126.39,29.922,163.016,144.295,81.485,31.792,73.634,110.484,141.567,93.359,69.359,129.257,70.89,179.828,141.567,153.027,125.534,89.422,167.778,161.56,129.257,70.89,179.699,157.954,138.309
vrikshasana,avg,1,temp_VID_20260218_005940192.mp4,154.08,155.413,171.917,171.065,171.917,171.065,170.286,167.943,135.69,75.633,130.285,30.883,159.549,144.874,90.121,40.927,70.671,112.224,135.241,96.559,70.131,135.69,75.633,179.826,135.241,147.678,120.586,82.454,171.917,171.065,135.69,75.633,179.708,161.528,115.989
vrikshasana,avg,1,temp_VID_20260218_005940192.mp4,154.193,161.822,172.671,175.85,172.671,175.85,166.975,170.574,137.607,75.637,129.913,27.644,155.362,143.805,92.963,39.21,70.903,111.812,134.377,97.293,67.054,137.607,75.637,179.817,134.377,152.028,113.566,77.997,172.671,175.85,137.607,75.637,179.709,163.666,122.195
vrikshasana,avg,1,temp_VID_20260218_005940192.mp4,151.904,163.747,171.381,173.777,171.381,173.777,162.761,168.065,141.338,79.927,126.923,29.477,159.704,88.137,82.477,64.942,71.983,110.169,133.837,102.622,69.315,141.338,79.927,179.825,133.837,161.302,113.853,74.59,171.381,173.777,141.338,79.927,179.717,170.5,132.98
vrikshasana,avg,1,temp_VID_20260218_005940192.mp4,154.091,165.387,176.673,174.845,176.673,174.845,162.271,167.354,131.582,70.237,127.753,29.288,160.132,142.003,83.878,37.681,71.557,111.193,143.964,94.528,70.387,131.582,70.237,179.819,143.964,155.321,114.53,74.312,176.673,174.845,131.582,70.237,179.723,160.063,139.841
vrikshasana,avg,1,temp_VID_20260218_005940192.mp4,156.923,165.861,177.199,176.171,177.199,176.171,160.97,164.145,133.922,71.516,127.023,29.875,160.254,140.784,81.832,32.844,73.307,110.623,143.221,96.785,70.846,133.922,71.516,179.801,143.221,159.37,109.449,76.571,177.199,176.171,133.922,71.516,179.718,163.26,147.213
vrikshasana,avg,1,temp_VID_20260218_005940192.mp4,159.944,164.063,178.113,178.999,178.113,178.999,154.96,164.913,139.858,80.338,129.701,30.669,161.401,142.632,83.395,36.911,74.583,109.834,137.63,105.605,73.438,139.858,80.338,179.805,137.63,168.245,107.143,77.906,178.113,178.999,139.858,80.338,179.718,167.505,166.487
vrikshasana,avg,1,temp_VID_20260218_005940192.mp4,155.633,165.332,177.636,176.521,177.636,176.521,153.82,166.275,137.361,79.1,129.612,29.824,159.032,144.671,86.182,37.597,74.01,109.906,139.874,103.944,72.337,137.361,79.1,179.809,139.874,168.387,106.683,77.624,177.636,176.521,137.361,79.1,179.72,164.93,171.476
vrikshasana,avg,1,temp_VID_20260218_005940192.mp4,162.156,163.37,178.973,178.252,178.973,178.252,177.415,170.964,139.513,81.373,129.482,29.404,159.362,145.813,85.832,40.196,75.145,109.921,135.792,106.279,72.427,139.513,81.373,179.799,135.792,169.831,105.333,79.127,178.973,178.252,139.513,81.373,179.716,167.139,171.111
vrikshasana,avg,1,temp_VID_20260218_005940192.mp4,152.901,164.796,177.665,177.618,177.665,177.618,159.231,165.709,139.262,84.792,132.81,32.138,161.348,145.336,88.663,39.51,75.944,110.131,136.339,109.74,76.254,139.262,84.792,179.797,136.339,170.608,105.655,80.137,177.665,177.618,139.262,84.792,179.717,164.199,172.025
vrikshasana,avg,1,temp_VID_20260218_005940192.mp4,155.685,165.552,177.854,178.881,177.854,178.881,157.655,166.154,137.549,83.271,131.551,30.556,161.998,146.052,87.747,38.714,75.156,109.943,137.072,106.868,73.778,137.549,83.271,179.802,137.072,167.415,106.011,79.02,177.854,178.881,137.549,83.271,179.716,163.157,171.658
vrikshasana,avg,1,temp_VID_20260218_010103895.mp4,118.575,130.222,10.866,12.801,10.866,12.801,156.905,162.144,174.321,160.663,145.567,118.264,154.486,157.185,78.828,75.306,89.362,96.411,131.073,172.396,132.093,174.321,160.663,179.809,131.073,159.023,97.573,92.853,10.866,12.801,174.321,160.663,179.7,155.969,162.477
vrikshasana,avg,1,temp_VID_20260218_010103895.mp4,119.506,132.337,9.695,15.402,9.695,15.402,165.585,167.463,175.069,173.048,136.009,129.355,154.828,156.663,74.958,73.72,88.652,93.513,124.191,177.143,132.704,175.069,173.048,179.811,124.191,153.986,98.569,94.005,9.695,15.402,175.069,173.048,179.687,152.31,155.477
vrikshasana,avg,1,temp_VID_20260218_010103895.mp4,123.002,131.399,9.838,15.413,9.838,15.413,162.661,170.004,173.005,174.306,134.913,132.591,153.097,156.135,79.052,73.653,86.848,92.583,124.635,174.538,133.735,173.005,174.306,179.81,124.635,158.141,96.268,93.389,9.838,15.413,173.005,174.306,179.692,158.089,157.958
vrikshasana,avg,1,temp_VID_20260218_010103895.mp4,125.97,132.332,9.32,13.155,9.32,13.155,160.535,169.58,170.134,176.9,130.925,138.37,144.663,156.825,84.752,70.567,85.802,92.348,124.849,174.004,134.412,170.134,176.9,179.814,124.849,159.772,94.702,92.021,9.32,13.155,170.134,176.9,179.696,159.672,159.686
vrikshasana,avg,1,temp_VID_20260218_010103895.mp4,125.73,133.614,9.061,14.005,9.061,14.005,159.732,167.926,170.241,174.651,130.202,136.504,137.052,156.162,91.921,73.964,84.975,93.212,125.279,172.846,133.104,170.241,174.651,179.808,125.279,160.234,96.67,91.381,9.061,14.005,170.241,174.651,179.694,159.097,161.309
vrikshasana,avg,1,temp_VID_20260218_010103895.mp4,123.543,133.397,9.284,14.123,9.284,14.123,159.558,165.783,169.573,167.63,132.291,129.001,135.732,122.541,95.685,106.93,84.851,93.864,126.072,169.007,130.617,169.573,167.63,179.806,126.072,163.002,97.793,91.304,9.284,14.123,169.573,167.63,179.692,162.092,163.665
vrikshasana,avg,1,temp_VID_20260218_010103895.mp4,124.594,139.011,9.177,17.827,9.177,17.827,158.127,164.571,166.619,168.995,134.838,134.092,145.164,142.793,88.663,87.534,83.784,94.538,127.959,168.097,134.457,166.619,168.995,179.809,127.959,166.749,94.539,92.111,9.177,17.827,166.619,168.995,179.69,167.452,165.554
vrikshasana,avg,1,temp_VID_20260218_010103895.mp4,122.893,139.423,9.252,18.895,9.252,18.895,158.835,164.228,166.363,166.306,134.383,132.703,148.436,148.579,85.066,82.227,84.532,93.834,128.361,166.625,133.538,166.363,166.306,179.81,128.361,167.869,96.335,92.833,9.252,18.895,166.363,166.306,179.695,167.926,167.32
vrikshasana,avg,1,temp_VID_20260218_010103895.mp4,129.086,132.28,9.019,16.483,9.019,16.483,154.595,163.514,166.685,160.633,138.646,132.561,146.02,146.785,86.892,84.821,85.089,93.71,129.683,163.945,135.591,166.685,160.633,179.814,129.683,171.94,99.46,92.983,9.019,16.483,166.685,160.633,179.703,170.337,172.71
vrikshasana,avg,1,temp_VID_20260218_010103895.mp4,121.08,129.504,9.444,14.897,9.444,14.897,158.847,164.065,165.855,158.614,138.748,131.096,142.275,150.208,88.012,81.76,85.878,94.236,130.096,162.478,134.9,165.855,158.614,179.814,130.096,173.022,100.866,92.568,9.444,14.897,165.855,158.614,179.71,171.2,173.767
vrikshasana,avg,1,temp_VID_20260218_010103895.mp4,111.436,135.167,10.132,22.08,10.132,22.08,159.227,160.808,135.374,146.321,120.729,133.875,148.958,151.702,86.557,87.255,92.823,85.688,135.933,141.108,127.342,135.374,146.321,179.814,135.933,169.204,102.725,92.553,10.132,22.08,135.374,146.321,179.712,168.037,169.702
vrikshasana,avg,1,temp_VID_20260218_010103895.mp4,114.533,135.27,10.114,22.064,10.114,22.064,163.108,164.066,98.282,133.689,63.593,116.895,156.539,153.261,67.702,84.012,109.523,72.63,132.141,113.484,86.204,98.282,133.689,179.815,132.141,160.562,105.546,94.124,10.114,22.064,98.282,133.689,179.726,154.728,164.881
vrikshasana,avg,1,temp_VID_20260218_010103895.mp4,106.124,138.409,11.231,25.39,11.231,25.39,167.425,160.543,83.122,135.779,40.436,119.914,147.451,156.636,54.813,79.686,115.029,74.302,135.274,103.594,72.437,83.122,135.779,179.818,135.274,157.751,110.34,93.923,11.231,25.39,83.122,135.779,179.735,140.704,166.62
vrikshasana,avg,1,temp_VID_20260218_010103895.mp4,120.184,135.865,36.592,46.422,36.592,46.422,168.636,170.076,67.919,126.947,26.761,124.43,144.05,156.422,44.358,84.886,118.094,77.494,143.631,90.932,65.543,67.919,126.947,179.818,143.631,146.213,114.274,104.686,36.592,46.422,67.919,126.947,179.735,123.944,155.366
vrikshasana,avg,1,temp_VID_20260218_010103895.mp4,131.951,137.982,75.844,87.597,75.844,87.597,170.886,169.112,67.14,131.377,30.204,137.112,131.145,163.93,37.476,72.473,117.319,79.004,150.012,94.073,73.052,67.14,131.377,179.819,150.012,149.774,132.423,127.97,75.844,87.597,67.14,131.377,179.734,144.509,153.032
vrikshasana,avg,1,temp_VID_20260218_010103895.mp4,102.359,139.374,87.626,115.728,87.626,115.728,166.738,170.801,74.674,150.628,32.07,143.671,143.328,162.268,41.821,80.772,113.326,81.742,145.239,109.837,79.233,74.674,150.628,179.825,145.239,166.384,157.509,129.501,87.626,115.728,74.674,150.628,179.728,167.174,168.523
vrikshasana,avg,1,temp_VID_20260218_010103895.mp4,131.455,159.911,134.151,140.303,134.151,140.303,167.946,171.615,87.101,149.627,35.085,138.821,137.821,164.397,41.001,77.754,113.026,72.229,135.835,117.214,81.409,87.101,149.627,179.829,135.835,173.046,124.41,136.02,134.151,140.303,87.101,149.627,179.754,176.215,170.329
vrikshasana,avg,1,temp_VID_20260218_010103895.mp4,148.91,164.142,143.517,168.419,143.517,168.419,166.016,157.52,74.916,127.291,41.98,133.174,136.37,165.607,41.623,69.61,111.658,73.329,154.002,102.5,86.559,74.916,127.291,179.837,154.002,157.416,99.083,128.062,143.517,168.419,74.916,127.291,179.76,168.054,151.785
vrikshasana,avg,1,temp_VID_20260218_010103895.mp4,151.936,166.712,153.011,178.667,153.011,178.667,155.907,161.29,82.945,134.819,41.496,131.634,131.691,165.46,37.416,69.849,112.797,70.65,142.779,110.297,85.503,82.945,134.819,179.818,142.779,164.68,92.515,112.181,153.011,178.667,82.945,134.819,179.767,172.561,159.896
vrikshasana,avg,1,temp_VID_20260218_010103895.mp4,157.12,163.908,175.391,156.047,175.391,156.047,163.014,161.724,104.499,160.757,35.555,130.188,140.624,165.826,40.109,72.17,113.053,68.325,118.736,131.123,78.044,104.499,160.757,179.811,118.736,170.515,90.062,105.409,175.391,156.047,104.499,160.757,179.76,165.532,172.224
vrikshasana,avg,1,temp_VID_20260218_010103895.mp4,152.928,165.907,169.758,166.473,169.758,166.473,162.001,169.489,101.898,155.022,38.516,129.814,136.744,167.085,43.444,68.554,111.725,67.23,122.423,129.348,82.173,101.898,155.022,179.821,122.423,172.938,88.365,104.518,169.758,166.473,101.898,155.022,179.774,162.405,176.655
vrikshasana,avg,1,temp_VID_20260218_010115539.mp4,115.795,131.887,10.22,11.745,10.22,11.745,165.001,164.484,174.209,167.644,136.98,126.275,161.751,163.061,69.545,65.832,91.762,97.003,127.25,172.911,131.721,174.209,167.644,179.824,127.25,157.897,98.941,92.06,10.22,11.745,174.209,167.644,179.768,155.915,160.004
vrikshasana,avg,1,temp_VID_20260218_010115539.mp4,113.753,133.561,14.174,13.545,14.174,13.545,161.592,165.422,173.767,174.9,141.309,131.741,157.194,160.836,72.795,66.144,87.102,98.394,122.115,179.156,136.682,173.767,174.9,179.826,122.115,153.784,102.144,93.758,14.174,13.545,173.767,174.9,179.759,152.099,155.582
vrikshasana,avg,1,temp_VID_20260218_010115539.mp4,124.884,133.69,8.884,17.648,8.884,17.648,162.696,167.046,174.198,176.279,142.188,137.309,155.058,159.404,75.208,69.476,84.687,97.513,121.979,178.944,139.82,174.198,176.279,179.831,121.979,155.413,101.223,94.324,8.884,17.648,174.198,176.279,179.751,153.187,157.621
vrikshasana,avg,1,temp_VID_20260218_010115539.mp4,127.719,131.98,9.196,15.797,9.196,15.797,164.34,165.328,177.219,175.786,139.286,137.439,154.41,158.873,75.214,70.821,86.912,92.491,121.91,178.406,138.358,177.219,175.786,179.817,121.91,157.053,100.117,93.75,9.196,15.797,177.219,175.786,179.722,155.538,158.515
vrikshasana,avg,1,temp_VID_20260218_010115539.mp4,122.353,127.803,10.973,13.236,10.973,13.236,163.957,165.129,172.468,173.958,137.322,137.287,156.362,158.987,72.709,71.522,90.696,87.175,127.376,173.651,137.292,172.468,173.958,179.806,127.376,161.391,98.448,93.827,10.973,13.236,172.468,173.958,179.695,162.01,160.709
vrikshasana,avg,1,temp_VID_20260218_010115539.mp4,122.744,127.547,17.18,21.057,17.18,21.057,166.672,169.311,168.73,169.999,134.52,134.042,159.083,158.32,68.488,72.245,92.966,86.224,128.554,169.781,134.292,168.73,169.999,179.804,128.554,163.455,100.62,101.003,17.18,21.057,168.73,169.999,179.693,163.844,162.999
vrikshasana,avg,1,temp_VID_20260218_010115539.mp4,116.908,127.566,23.305,28.432,23.305,28.432,168.285,167.283,102.452,140.69,70.759,113.633,160.15,158.501,56.86,78.19,103.911,77.358,128.87,119.155,88.935,102.452,140.69,179.809,128.87,167.65,109.068,108.219,23.305,28.432,102.452,140.69,179.706,159.201,175.045
vrikshasana,avg,1,temp_VID_20260218_010115539.mp4,106.467,122.119,39.794,45.662,39.794,45.662,166.451,169.771,89.674,140.719,52.762,113.424,143.19,158.844,37.377,78.61,109.511,78.324,133.125,110.318,76.691,89.674,140.719,179.82,133.125,167.117,128.186,114.789,39.794,45.662,89.674,140.719,179.713,155.199,175.296
vrikshasana,avg,1,temp_VID_20260218_010115539.mp4,157.539,131.591,103.396,77.398,103.396,77.398,177.054,169.13,87.387,140.31,50.142,117.955,136.448,156.012,45.856,83.147,112.298,80.461,134.527,108.567,76.92,87.387,140.31,179.823,134.527,161.01,121.741,129.941,103.396,77.398,87.387,140.31,179.714,145.595,171.647
vrikshasana,avg,1,temp_VID_20260218_010115539.mp4,162.556,146.299,117.52,107.465,117.52,107.465,169.797,172.794,102.907,152.488,50.842,121.875,131.43,157.923,41.386,81.837,112.166,81.106,123.789,124.273,80.371,102.907,152.488,179.826,123.789,175.137,121.777,133.541,117.52,107.465,102.907,152.488,179.715,166.924,173.961
vrikshasana,avg,1,temp_VID_20260218_010115539.mp4,153.628,156.069,137.524,114.935,137.524,114.935,149.221,164.017,119.883,152.442,55.765,111.206,133.969,160.896,44.257,78.477,112.375,77.097,110.729,135.454,80.786,119.883,152.442,179.826,110.729,173.546,129.257,127.226,137.524,114.935,119.883,152.442,179.722,175.297,171.466
vrikshasana,avg,1,temp_VID_20260218_010115539.mp4,157.423,155.325,139.677,137.387,139.677,137.387,94.933,174.622,112.3,121.498,59.746,97.671,132.255,164.795,45.401,80.38,113.64,78.34,118.579,117.554,78.275,112.3,121.498,179.819,118.579,163.233,96.296,119.059,139.677,137.387,112.3,121.498,179.72,169.212,157.949
vrikshasana,avg,1,temp_VID_20260218_010115539.mp4,161.429,161.145,164.172,157.882,164.172,157.882,136.594,176.485,98.994,109.871,58.635,99.982,132.056,166.522,43.419,81.507,116.986,74.391,132.934,104.767,78.376,98.994,109.871,179.806,132.934,149.357,92.414,106.052,164.172,157.882,98.994,109.871,179.729,155.434,144.759
vrikshasana,avg,1,temp_VID_20260218_010115539.mp4,149.883,157.198,164.235,149.679,164.235,149.679,160.41,167.497,106.39,124.022,56.408,95.556,128.105,166.783,41.176,80.328,116.868,73.824,119.085,115.364,75.138,106.39,124.022,179.786,119.085,157.867,98.126,88.978,164.235,149.679,106.39,124.022,179.728,156.252,159.539
vrikshasana,avg,1,temp_VID_20260218_010115539.mp4,160.113,162.662,175.592,149.418,175.592,149.418,153.31,164.09,117.089,131.967,56.166,94.676,131.538,167.45,40.226,78.353,120.971,69.737,110.091,125.013,74.715,117.089,131.967,179.784,110.091,169.647,95.544,93.141,175.592,149.418,117.089,131.967,179.739,170.703,168.418
vrikshasana,avg,1,temp_VID_20260218_010115539.mp4,158.786,164.709,175.912,152.214,175.912,152.214,156.143,164.957,113.541,131.579,57.682,95.647,127.515,169.785,39.155,77.725,121.296,68.076,113.454,122.76,76.126,113.541,131.579,179.777,113.454,167.783,94.949,94.527,175.912,152.214,113.541,131.579,179.744,166.152,169.052
vrikshasana,avg,1,temp_VID_20260218_010115539.mp4,155.958,164.285,173.624,152.576,173.624,152.576,160.374,167.583,111.083,128.671,57.811,93.504,127.572,171.255,38.408,76.591,121.504,68.601,115.072,120.178,75.272,111.083,128.671,179.759,115.072,166.259,96.947,93.44,173.624,152.576,111.083,128.671,179.743,165.668,166.861
vrikshasana,avg,1,temp_VID_20260218_010115539.mp4,154.764,165.449,171.633,148.941,171.633,148.941,162.819,167.248,112.462,131.377,56.827,93.985,132.968,171.259,39.677,76.984,121.539,68.93,115.141,122.259,74.694,112.462,131.377,179.751,115.141,169.987,98.084,91.415,171.633,148.941,112.462,131.377,179.739,169.997,169.745
vrikshasana,avg,1,temp_VID_20260218_010214396.mp4,113.14,144.279,14.397,44.322,14.397,44.322,175.709,173.893,174.95,174.583,144.399,141.557,143.464,151.193,87.874,78.601,96.739,80.942,117.609,177.976,142.857,174.95,174.583,179.807,117.609,160.108,105.026,106.588,14.397,44.322,174.95,174.583,179.693,164.492,155.574
vrikshasana,avg,1,temp_VID_20260218_010214396.mp4,165.693,160.89,95.844,88.03,95.844,88.03,176.573,176.479,144.358,170.803,118.659,140.722,166.866,147.097,56.843,86.513,94.576,83.915,129.225,157.532,129.428,144.358,170.803,179.808,129.225,173.776,111.786,81.597,95.844,88.03,144.358,170.803,179.678,176.088,167.192
vrikshasana,avg,1,temp_VID_20260218_010214396.mp4,155.136,146.631,103.747,101.059,103.747,101.059,163.978,170.666,165.142,168.963,137.87,135.266,148.312,148.072,85.291,78.868,94.294,83.576,130.949,167.216,136.561,165.142,168.963,179.796,130.949,168.069,95.327,100.091,103.747,101.059,165.142,168.963,179.7,170.078,165.534
vrikshasana,avg,1,temp_VID_20260218_010214396.mp4,163.357,139.068,149.958,140.43,149.958,140.43,170.964,164.221,163.527,165.288,133.234,132.992,152.105,152.336,74.985,72.83,89.656,89.351,133.347,164.561,133.105,163.527,165.288,179.793,133.347,168.504,103.225,92.94,149.958,140.43,163.527,165.288,179.705,168.638,168.124
vrikshasana,avg,1,temp_VID_20260218_010214396.mp4,160.526,156.453,176.763,174.702,176.763,174.702,163.805,171.151,99.341,113.674,78.5,101.181,157.512,155.921,68.763,75.719,93.981,88.686,143.296,106.08,89.027,99.341,113.674,179.788,143.296,149.913,94.935,94.582,176.763,174.702,99.341,113.674,179.713,148.524,151.301
vrikshasana,avg,1,temp_VID_20260218_010214396.mp4,164.374,161.18,169.119,173.189,169.119,173.189,158.279,159.966,83.137,100.937,69.02,99.724,146.359,160.217,48.696,75.241,96.556,88.34,150.24,91.202,82.834,83.137,100.937,179.783,150.24,137.244,90.873,93.211,169.119,173.189,83.137,100.937,179.715,135.528,138.846
vrikshasana,avg,1,temp_VID_20260218_010214396.mp4,165.884,163.882,174.15,165.034,174.15,165.034,153.969,153.063,115.692,131.913,74.282,104.699,142.284,161.419,50.598,74.257,105.323,77.25,124.384,123.28,88.405,115.692,131.913,179.795,124.384,168.857,87.808,98.553,174.15,165.034,115.692,131.913,179.725,168.449,169.021
vrikshasana,avg,1,temp_VID_20260218_010214396.mp4,166.171,170.595,178.588,158.995,178.588,158.995,157.313,159.487,113.008,134.359,71.835,105.188,146.581,160.114,48.769,75.774,105.969,76.247,126.875,122.919,87.028,113.008,134.359,179.781,126.875,170.336,84.361,94.452,178.588,158.995,113.008,134.359,179.724,167.996,172.445
vrikshasana,avg,1,temp_VID_20260218_010214396.mp4,166.68,169.242,176.515,147.405,176.515,147.405,153.402,163.12,121.668,137.314,74.465,97.286,141.932,165.128,55.879,74.104,109.264,74.197,112.898,129.285,85.411,121.668,137.314,179.778,112.898,172.146,86.915,91.754,176.515,147.405,121.668,137.314,179.727,168.416,175.597
vrikshasana,avg,1,temp_VID_20260218_010214396.mp4,166.99,168.559,171.727,141.949,171.727,141.949,155.634,164.66,120.96,141.362,59.28,94.452,129.546,166.825,40.435,70.263,111.865,72.859,108.48,130.913,75.965,120.96,141.362,179.777,108.48,178.16,87.311,91.239,171.727,141.949,120.96,141.362,179.731,175.054,178.084
vrikshasana,avg,1,temp_VID_20260218_010214396.mp4,169.075,171.218,172.72,145.046,172.72,145.046,154.523,163.761,108.571,135.615,52.84,89.873,131.859,164.135,39.603,70.798,114.337,70.829,113.239,121.193,69.851,108.571,135.615,179.779,113.239,171.815,87.373,88.871,172.72,145.046,108.571,135.615,179.737,163.404,178.589
vrikshasana,avg,1,temp_VID_20260218_010214396.mp4,164.869,163.631,174.402,151.818,174.402,151.818,163.042,149.686,99.143,130.094,52.205,91.812,140.785,162.582,46.144,74.997,114.076,70.766,121.986,113.307,69.883,99.143,130.094,179.778,121.986,164.269,88.334,84.33,174.402,151.818,99.143,130.094,179.736,155.027,172.071
vrikshasana,avg,1,temp_VID_20260218_010214396.mp4,167.745,166.757,174.134,150.887,174.134,150.887,157.659,158.509,100.718,130.67,55.179,92.383,139.768,164.491,48.694,73.08,114.168,71.207,122.814,114.618,72.153,100.718,130.67,179.779,122.814,164.313,87.794,85.275,174.134,150.887,100.718,130.67,179.735,154.677,172.434
vrikshasana,avg,1,temp_VID_20260218_010214396.mp4,167.916,166.61,170.843,147.544,170.843,147.544,158.018,161.586,103.269,129.07,58.435,90.622,138.138,165.959,51.058,73.376,114.789,71.47,122.509,115.678,73.641,103.269,129.07,179.779,122.509,162.048,87.31,86.613,170.843,147.544,103.269,129.07,179.735,153.918,169.004
vrikshasana,avg,1,temp_VID_20260218_010214396.mp4,168.731,166.142,168.079,146.428,168.079,146.428,158.165,162.235,103.535,130.969,57.714,91.262,138.748,165.169,50.13,73.578,114.711,70.993,122.716,116.324,73.146,103.535,130.969,179.781,122.716,162.47,86.489,88.236,168.079,146.428,103.535,130.969,179.735,152.317,171.159
vrikshasana,avg,1,temp_VID_20260218_010214396.mp4,170.347,164.343,168.762,147.395,168.762,147.395,158.846,161.719,103.184,128.478,58.401,90.581,139.158,165.255,49.783,74.033,115.225,71.056,123.702,115.181,73.443,103.184,128.478,179.781,123.702,161.009,85.389,90.039,168.762,147.395,103.184,128.478,179.732,152.604,168.194
vrikshasana,avg,1,temp_VID_20260218_010214396.mp4,169.333,166.196,170.166,148.431,170.166,148.431,155.927,160.56,103.668,129.088,59.201,91.476,139.441,165.203,50.414,75.487,115.147,71.417,122.904,115.825,74.382,103.668,129.088,179.778,122.904,161.223,86.037,88.829,170.166,148.431,103.668,129.088,179.731,153.241,168.099
vrikshasana,avg,1,temp_VID_20260218_010214396.mp4,168.747,166.47,166.943,143.994,166.943,143.994,157.214,161.889,107.06,133.212,59.15,90.643,138.728,165.432,50.488,75.351,115.104,71.398,118.356,119.446,73.828,107.06,133.212,179.78,118.356,163.544,86.648,87.615,166.943,143.994,107.06,133.212,179.73,153.77,172.063
vrikshasana,avg,1,temp_VID_20260218_010334933.mp4,119.387,129.384,17.09,20.404,17.09,20.404,170.173,173.219,168.661,176.262,141.378,136.025,149.89,146.151,93.152,85.547,95.569,90.44,107.345,175.937,138.87,168.661,176.262,179.809,107.345,156.745,98.047,102.283,17.09,20.404,168.661,176.262,179.66,155.357,157.08
vrikshasana,avg,1,temp_VID_20260218_010334933.mp4,97.523,115.067,56.15,43.147,56.15,43.147,151.621,162.449,156.199,158.634,141.212,141.774,151.292,149.603,89.254,83.025,89.285,92.488,89.017,157.82,141.495,156.199,158.634,179.805,89.017,138.786,102.626,100.396,56.15,43.147,156.199,158.634,179.67,137.512,139.741
vrikshasana,avg,1,temp_VID_20260218_010334933.mp4,105.65,112.995,40.556,27.398,40.556,27.398,154.753,168.586,163.839,169.81,143.168,144.975,149.183,148.325,89.294,85.201,86.537,93.774,104.389,167.431,143.983,163.839,169.81,179.807,104.389,149.924,100.051,100.697,40.556,27.398,163.839,169.81,179.677,146.602,152.792
vrikshasana,avg,1,temp_VID_20260218_010334933.mp4,88.15,118.861,31.754,18.571,31.754,18.571,167.673,161.339,172.187,175.985,140.811,143.32,148.245,148.831,89.781,84.797,87.296,93.922,105.654,176.092,142.054,172.187,175.985,179.812,105.654,158.087,98.701,102.279,31.754,18.571,172.187,175.985,179.69,156.961,158.454
vrikshasana,avg,1,temp_VID_20260218_010334933.mp4,101.042,122.757,30.573,18.041,30.573,18.041,163.838,163.094,172.504,176.272,143.84,141.019,146.631,148.202,90.65,81.528,85.675,96.482,108.188,177.083,142.476,172.504,176.272,179.81,108.188,159.023,98.686,103.068,30.573,18.041,172.504,176.272,179.689,159.32,157.9
vrikshasana,avg,1,temp_VID_20260218_010334933.mp4,106.992,119.964,20.502,10.957,20.502,10.957,162.218,157.508,161.577,164.486,139.351,140.748,147.813,148.051,88.885,80.751,85.1,97.205,127.421,163.758,140.144,161.577,164.486,179.811,127.421,175.392,91.779,99.499,20.502,10.957,161.577,164.486,179.698,173.672,174.485
vrikshasana,avg,1,temp_VID_20260218_010334933.mp4,115.562,124.521,16.565,9.302,16.565,9.302,163.613,166.098,167.081,170.844,134.674,136.454,152.776,151.103,81.416,75.85,81.867,99.072,124.178,169.946,135.594,167.081,170.844,179.817,124.178,166.044,89.137,96.887,16.565,9.302,167.081,170.844,179.688,165.469,165.551
vrikshasana,avg,1,temp_VID_20260218_010334933.mp4,116.864,121.431,16.541,9.939,16.541,9.939,161.996,164.672,167.748,171.984,132.627,135.491,154.01,151.557,79.678,76.904,80.828,98.943,124.288,170.811,134.028,167.748,171.984,179.824,124.288,164.329,87.271,96.342,16.541,9.939,167.748,171.984,179.69,163.633,164.003
vrikshasana,avg,1,temp_VID_20260218_010334933.mp4,115.064,119.378,16.726,8.858,16.726,8.858,162.192,166.139,168.352,167.091,136.717,136.499,153.498,152.27,83.807,79.598,80.539,98.261,126.586,168.526,136.552,168.352,167.091,179.822,126.586,168.322,91.195,93.846,16.726,8.858,168.352,167.091,179.695,165.611,169.949
vrikshasana,avg,1,temp_VID_20260218_010334933.mp4,120.449,125.901,12.032,12.981,12.032,12.981,163.241,166.261,167.028,162.075,140.83,137.191,152.285,152.181,86.822,80.541,78.419,100.841,131.969,165.198,138.951,167.028,162.075,179.815,131.969,172.82,95.71,95.374,12.032,12.981,167.028,162.075,179.698,169.064,175.536
vrikshasana,avg,1,temp_VID_20260218_010334933.mp4,118.923,125.942,20.182,15.847,20.182,15.847,169.291,165.91,157.285,111.946,128.35,80.561,153.317,155.487,86.76,68.808,78.484,105.399,126.817,131.647,100.816,157.285,111.946,179.807,126.817,173.963,106.091,99.79,20.182,15.847,157.285,111.946,179.703,171.391,160.64
vrikshasana,avg,1,temp_VID_20260218_010334933.mp4,123.984,118.458,37.514,29.102,37.514,29.102,158.009,168.766,146.782,83.501,130.198,62.978,152.931,152.092,88.766,75.848,74.022,119.353,136.222,110.003,90.793,146.782,83.501,179.813,136.222,157.09,120.548,104.215,37.514,29.102,146.782,83.501,179.733,171.246,133.994
vrikshasana,avg,1,temp_VID_20260218_010334933.mp4,111.328,122.381,55.754,59.516,55.754,59.516,162.717,168.035,142.956,62.301,133.302,37.164,154.294,135.035,87.254,52.837,83.348,122.575,146.065,97.88,78.411,142.956,62.301,179.818,146.065,157.335,143.345,129.96,55.754,59.516,142.956,62.301,179.737,166.15,137.096
vrikshasana,avg,1,temp_VID_20260218_010334933.mp4,151.742,133.817,119.663,105.119,119.663,105.119,167.4,166.334,142.228,65.221,137.171,31.91,155.015,127.511,91.024,41.835,90.784,121.597,140.82,95.661,73.42,142.228,65.221,179.828,140.82,149.465,151.452,163.457,119.663,105.119,142.228,65.221,179.728,163.15,116.193
vrikshasana,avg,1,temp_VID_20260218_010334933.mp4,165.416,146.86,127.713,134.123,127.713,134.123,172.652,159.911,155.857,98.155,138.081,32.589,156.917,140.049,95.539,39.736,86.594,118.825,118.741,123.163,77.816,155.857,98.155,179.828,118.741,171.788,132.83,127.418,127.713,134.123,155.857,98.155,179.717,173.906,157.287
vrikshasana,avg,1,temp_VID_20260218_010334933.mp4,165.474,144.422,137.945,148.294,137.945,148.294,171.661,170.419,161.258,108.879,137.401,34.625,158.993,142.234,90.505,37.288,78.79,117.888,114.058,133.47,82.1,161.258,108.879,179.83,114.058,175.322,131.616,106.834,137.945,148.294,161.258,108.879,179.713,174.834,173.247
vrikshasana,avg,1,temp_VID_20260218_010334933.mp4,172.214,144.539,140.585,162.53,140.585,162.53,157.486,164.614,160.273,116.028,135.598,35.448,160.954,142.969,93.443,43.255,70.427,120.981,103.425,136.165,81.758,160.273,116.028,179.843,103.425,176.561,123.365,108.24,140.585,162.53,160.273,116.028,179.727,175.524,169.911
vrikshasana,avg,1,temp_VID_20260218_010334933.mp4,153.709,148.432,141.618,156.903,141.618,156.903,178.315,170.396,158.693,110.961,140.404,36.416,161.041,141.35,98.126,42.978,69.247,118.946,108.304,131.921,84.372,158.693,110.961,179.834,108.304,174.307,122.017,86.594,141.618,156.903,158.693,110.961,179.732,176.668,159.651
vrikshasana,avg,1,temp_VID_20260218_010334933.mp4,137.943,155.476,147.765,159.436,147.765,159.436,163.7,161.145,165.073,116.459,144.152,34.236,162.198,142.793,98.847,44.605,67.812,118.033,102.966,137.93,83.707,165.073,116.459,179.831,102.966,174.873,114.369,89.727,147.765,159.436,165.073,116.459,179.737,174.521,171.759
vrikshasana,avg,1,temp_VID_20260218_010334933.mp4,139.896,147.795,149.807,162.249,149.807,162.249,159.278,163.192,171.726,123.769,142.62,35.477,162.107,138.335,98.298,41.795,71.724,117.816,96.013,148.06,86.291,171.726,123.769,179.813,96.013,164.297,104.102,95.18,149.807,162.249,171.726,123.769,179.732,166.729,159.33
vrikshasana,avg,1,temp_VID_20260218_010334933.mp4,143.826,148.757,154.746,170.309,154.746,170.309,157.453,153.648,172.019,123.79,142.643,36.724,162.089,140.073,94.667,44.855,74.888,116.696,97.82,150.131,88.193,172.019,123.79,179.814,97.82,161.475,99.401,100.061,154.746,170.309,172.019,123.79,179.727,166.516,150.592
vrikshasana,avg,1,temp_VID_20260218_010334933.mp4,141.628,149.265,155.442,166.942,155.442,166.942,158.112,160.889,171.76,122.929,141.917,36.847,161.925,139.672,94.289,43.411,74.96,116.575,98.533,149.564,88.071,171.76,122.929,179.815,98.533,162.321,98.825,98.192,155.442,166.942,171.76,122.929,179.727,166.518,153.842
vrikshasana,avg,1,tree_avg_01.mp4,143.446,177.998,114.591,154.258,114.591,154.258,171.362,167.563,73.97,102.908,47.946,82.552,150.076,171.655,29.664,21.647,87.618,104.86,155.123,86.93,61.357,73.97,102.908,179.921,155.123,171.149,148.148,124.973,114.591,154.258,73.97,102.908,179.876,165.917,177.697
vrikshasana,avg,1,tree_avg_01.mp4,143.241,173.913,122.703,147.466,122.703,147.466,156.139,170.591,97.785,164.523,76.468,160.014,163.508,161.69,40.691,36.79,72.84,137.294,149.494,149.359,125.347,97.785,164.523,179.923,149.494,150.21,144.697,123.543,122.703,147.466,97.785,164.523,179.873,147.868,152.419
vrikshasana,avg,1,tree_avg_01.mp4,74.923,175.912,74.953,132.967,74.953,132.967,169.854,174.53,82.724,169.321,47.885,138.171,168.346,174.476,73.185,21.36,62.193,97.646,142.183,126.434,84.327,82.724,169.321,179.912,142.183,142.633,131.138,113.996,74.953,132.967,82.724,169.321,179.907,144.715,138.805
vrikshasana,avg,1,tree_avg_01.mp4,92.693,164.706,101.845,133.778,101.845,133.778,164.74,172.767,80.843,156.022,33.022,101.435,158.784,162.147,71.371,52.342,90.973,82.133,126.352,110.023,55.551,80.843,156.022,179.916,126.352,138.592,139.112,133.133,101.845,133.778,80.843,156.022,179.907,137.145,140.238
vrikshasana,avg,1,tree_avg_01.mp4,111.487,142.351,135.266,130.395,135.266,130.395,165.901,162.642,76.91,101.894,26.169,43.219,166.265,169.663,32.811,45.458,128.767,81.884,125.266,90.46,31.524,76.91,101.894,179.912,125.266,144.73,115.801,123.956,135.266,130.395,76.91,101.894,179.903,136.287,160.219
vrikshasana,avg,1,tree_avg_01.mp4,117.927,117.35,163.261,132.95,163.261,132.95,166.667,154.909,92.123,106.393,30.359,48.638,158.492,171.732,60.908,41.737,130.521,83.549,116.296,101.89,36.3,92.123,106.393,179.929,116.296,136.056,96.291,137.751,163.261,132.95,92.123,106.393,179.909,121.341,157.72
vrikshasana,avg,1,tree_avg_01.mp4,123.309,115.601,163.429,122.286,163.429,122.286,158.789,156.989,101.324,158.594,31.971,88.648,158.254,30.004,58.173,74.832,102.927,88.395,102.744,123.997,50.122,101.324,158.594,179.918,102.744,116.801,90.681,132.582,163.429,122.286,101.324,158.594,179.901,106.716,129.764
vrikshasana,avg,1,tree_avg_01.mp4,128.266,121.272,153.158,119.532,153.158,119.532,156.423,153.87,99.592,168.907,31.577,98.169,156.763,28.288,54.191,79.905,96.306,92.059,100.296,125.443,52.047,99.592,168.907,179.909,100.296,114.708,87.0,125.03,153.158,119.532,99.592,168.907,179.888,105.866,125.337
vrikshasana,avg,1,tree_avg_01.mp4,126.619,114.584,162.125,130.446,162.125,130.446,148.88,154.573,90.158,119.599,31.747,56.72,157.4,162.913,60.569,60.393,117.572,92.42,114.016,105.676,40.178,90.158,119.599,179.914,114.016,130.395,84.729,123.905,162.125,130.446,90.158,119.599,179.888,121.488,144.034
vrikshasana,avg,1,tree_avg_01.mp4,125.519,114.794,162.056,131.65,162.056,131.65,146.842,144.831,89.341,110.079,30.607,52.468,156.968,169.576,53.0,40.759,121.446,91.798,115.13,101.558,37.849,89.341,110.079,179.909,115.13,138.921,82.749,125.237,162.056,131.65,89.341,110.079,179.888,125.882,159.578
vrikshasana,avg,1,tree_avg_01.mp4,122.15,120.709,163.787,129.04,163.787,129.04,143.466,140.488,93.655,140.266,41.538,84.894,157.573,167.989,64.226,49.417,105.864,103.7,114.273,116.014,55.718,93.655,140.266,179.907,114.273,134.324,87.348,120.238,163.787,129.04,93.655,140.266,179.885,124.484,151.776
vrikshasana,avg,1,tree_avg_01.mp4,119.596,117.225,169.819,132.052,169.819,132.052,149.604,152.254,93.635,126.557,38.693,71.192,159.052,169.347,52.95,37.17,114.227,96.787,115.565,110.812,49.903,93.635,126.557,179.914,115.565,135.001,89.543,130.19,169.819,132.052,93.635,126.557,179.897,123.364,151.994
vrikshasana,avg,1,tree_avg_01.mp4,122.431,116.899,169.069,140.399,169.069,140.399,150.444,152.069,90.898,133.294,41.567,89.499,157.24,165.024,65.159,30.464,104.76,100.659,125.035,110.659,57.573,90.898,133.294,179.914,125.035,143.101,86.127,128.099,169.069,140.399,90.898,133.294,179.895,131.04,160.929
vrikshasana,avg,1,tree_avg_01.mp4,114.565,114.097,165.601,135.622,165.601,135.622,151.884,151.57,96.011,126.957,40.079,77.949,151.454,170.658,51.03,34.371,114.146,94.085,117.106,112.281,53.24,96.011,126.957,179.921,117.106,137.388,90.742,139.009,165.601,135.622,96.011,126.957,179.903,122.501,157.448
vrikshasana,avg,1,tree_avg_01.mp4,120.169,114.645,167.084,129.967,167.084,129.967,151.724,155.179,93.3,141.873,36.631,88.908,154.07,168.27,54.105,30.649,107.341,91.172,114.633,114.818,54.368,93.3,141.873,179.918,114.633,133.796,85.626,134.758,167.084,129.967,93.3,141.873,179.903,121.161,150.013
vrikshasana,avg,1,tree_avg_01.mp4,123.096,118.495,162.443,129.817,162.443,129.817,152.819,156.21,88.376,140.482,36.222,86.805,157.649,167.15,56.435,30.2,106.41,94.204,118.204,111.139,53.655,88.376,140.482,179.905,118.204,137.638,83.301,126.584,162.443,129.817,88.376,140.482,179.897,128.608,149.51
vrikshasana,avg,1,tree_avg_01.mp4,122.638,121.785,153.415,117.597,153.415,117.597,156.358,153.927,92.709,149.923,37.017,82.006,155.448,166.327,53.521,31.534,109.409,96.981,108.67,118.924,52.888,92.709,149.923,179.907,108.67,127.765,87.954,117.831,153.415,117.597,92.709,149.923,179.893,121.524,137.451
vrikshasana,avg,1,tree_avg_01.mp4,123.422,115.451,150.204,119.326,150.204,119.326,158.634,145.587,98.419,149.732,43.476,85.2,154.415,168.725,55.453,28.705,104.224,106.234,108.612,123.577,58.639,98.419,149.732,179.909,108.612,126.49,84.937,123.071,150.204,119.326,98.419,149.732,179.888,116.743,140.439
vrikshasana,avg,1,tree_avg_01.mp4,124.726,114.352,148.308,120.203,148.308,120.203,161.223,141.648,98.436,143.025,41.842,80.4,154.847,169.662,56.144,31.778,108.882,104.935,109.122,121.915,56.166,98.436,143.025,179.905,109.122,128.914,83.137,122.976,148.308,120.203,98.436,143.025,179.892,118.239,143.372
vrikshasana,avg,1,tree_avg_02.mp4,101.229,120.678,42.181,56.018,42.181,56.018,144.506,159.203,130.069,107.564,120.044,90.811,161.6,155.883,53.066,45.069,101.058,111.399,149.671,121.659,106.795,130.069,107.564,179.944,149.671,171.393,122.156,119.419,42.181,56.018,130.069,107.564,179.901,167.903,167.409
vrikshasana,avg,1,tree_avg_02.mp4,105.819,149.89,64.198,120.398,64.198,120.398,155.48,173.426,121.669,110.431,119.502,109.15,171.026,159.363,29.84,33.821,94.859,98.286,167.817,116.865,114.807,121.669,110.431,179.941,167.817,167.298,159.026,145.914,64.198,120.398,121.669,110.431,179.895,168.035,165.066
vrikshasana,avg,1,tree_avg_02.mp4,132.257,161.601,106.159,137.114,106.159,137.114,168.772,170.962,148.371,140.564,142.113,136.865,163.688,157.173,26.86,36.383,87.59,95.598,165.202,145.097,139.558,148.371,140.564,179.934,165.202,174.224,162.312,141.625,106.159,137.114,148.371,140.564,179.892,173.721,171.151
vrikshasana,avg,1,tree_avg_02.mp4,143.483,163.643,126.158,150.536,126.158,150.536,166.525,167.988,119.167,124.273,118.7,123.767,158.269,159.864,31.536,29.692,88.68,108.269,170.662,122.735,122.439,119.167,124.273,179.934,170.662,167.547,136.706,120.393,126.158,150.536,119.167,124.273,179.89,167.243,167.573
vrikshasana,avg,1,tree_avg_02.mp4,153.594,170.322,139.779,165.933,139.779,165.933,166.606,167.315,62.691,90.322,54.31,90.725,160.145,164.896,20.907,28.922,102.884,81.77,171.134,74.84,70.055,62.691,90.322,179.941,171.134,167.681,95.543,138.759,139.779,165.933,62.691,90.322,179.921,172.319,161.678
vrikshasana,avg,1,tree_avg_02.mp4,151.965,172.425,145.75,165.412,145.75,165.412,163.668,138.139,65.302,94.255,49.563,90.856,159.264,160.593,35.208,23.463,101.112,95.216,168.556,77.722,66.875,65.302,94.255,179.937,168.556,175.999,87.17,137.278,145.75,165.412,65.302,94.255,179.912,176.787,167.315
vrikshasana,avg,1,tree_avg_02.mp4,147.864,147.787,161.987,169.368,161.987,169.368,168.2,157.422,31.793,40.286,16.185,36.104,161.005,160.411,53.741,22.273,127.877,70.989,168.549,34.817,24.313,31.793,40.286,179.931,168.549,158.837,76.071,133.854,161.987,169.368,31.793,40.286,179.912,175.571,138.534
vrikshasana,avg,1,tree_avg_02.mp4,144.343,135.434,161.876,171.489,161.876,171.489,169.816,167.756,40.094,53.995,20.328,49.76,157.382,147.923,49.044,33.476,126.266,71.827,166.225,44.925,30.181,40.094,53.995,179.937,166.225,173.721,66.668,140.28,161.876,171.489,40.094,53.995,179.921,172.539,151.702
vrikshasana,avg,1,tree_avg_02.mp4,140.976,136.049,166.427,171.885,166.427,171.885,160.269,161.301,57.173,62.031,37.489,51.553,162.816,165.42,60.12,23.436,119.285,91.33,165.385,58.142,40.644,57.173,62.031,179.929,165.385,175.413,79.545,119.8,166.427,171.885,57.173,62.031,179.916,166.845,168.43
vrikshasana,avg,1,tree_avg_02.mp4,140.954,128.758,166.188,174.182,166.188,174.182,162.015,157.458,47.106,57.386,26.194,48.615,170.916,167.984,30.079,27.15,119.961,81.182,165.788,50.795,34.146,47.106,57.386,179.931,165.788,178.64,71.318,127.028,166.188,174.182,47.106,57.386,179.918,170.056,163.544
vrikshasana,avg,1,tree_avg_02.mp4,138.989,130.703,167.545,174.226,167.545,174.226,159.795,158.04,48.36,62.808,26.546,54.024,161.57,166.683,43.855,22.926,116.767,82.646,165.353,53.728,36.333,48.36,62.808,179.934,165.353,178.327,72.185,126.334,167.545,174.226,48.36,62.808,179.921,169.681,163.989
vrikshasana,avg,1,tree_avg_02.mp4,136.539,133.195,167.476,174.019,167.476,174.019,160.023,161.364,69.569,66.79,47.651,58.337,159.416,163.284,46.975,21.897,114.783,104.635,164.635,67.187,49.618,69.569,66.79,179.931,164.635,177.701,73.329,125.57,167.476,174.019,69.569,66.79,179.918,168.032,164.808
vrikshasana,avg,1,tree_avg_02.mp4,136.237,134.981,165.688,174.345,165.688,174.345,153.954,168.719,68.622,66.21,46.299,57.822,160.486,163.629,54.948,22.201,115.436,104.061,164.047,66.462,48.49,68.622,66.21,179.931,164.047,177.852,75.648,124.539,165.688,174.345,68.622,66.21,179.916,167.82,163.921
vrikshasana,avg,1,tree_avg_02.mp4,133.553,132.198,167.599,174.219,167.599,174.219,157.7,165.245,59.062,62.073,36.397,55.379,161.587,162.807,48.863,24.769,118.372,92.588,164.526,59.461,42.044,59.062,62.073,179.931,164.526,177.98,71.597,128.02,167.599,174.219,59.062,62.073,179.916,169.249,159.486
vrikshasana,avg,1,tree_avg_02.mp4,133.577,129.575,169.949,174.144,169.949,174.144,168.456,161.619,58.42,61.522,34.588,54.583,159.492,162.711,57.709,25.223,119.983,90.228,164.232,58.902,41.234,58.42,61.522,179.934,164.232,177.011,67.695,131.401,169.949,174.144,58.42,61.522,179.921,169.915,159.144
vrikshasana,avg,1,tree_avg_02.mp4,133.003,130.894,171.403,174.266,171.403,174.266,170.522,161.198,58.169,53.611,33.534,46.181,157.987,163.246,50.458,24.853,125.816,88.326,164.06,54.687,36.663,58.169,53.611,179.941,164.06,175.064,63.936,134.96,171.403,174.266,58.169,53.611,179.918,169.881,152.949
vrikshasana,avg,1,tree_avg_02.mp4,126.867,124.369,169.153,173.352,169.153,173.352,163.976,158.636,60.322,57.042,35.474,47.862,158.941,162.898,54.303,25.381,123.864,91.618,163.198,57.403,38.514,60.322,57.042,179.931,163.198,176.771,70.606,130.13,169.153,173.352,60.322,57.042,179.926,168.911,157.149
vrikshasana,avg,1,tree_avg_02.mp4,127.011,125.843,169.458,172.905,169.458,172.905,166.559,157.428,59.889,63.672,35.282,54.74,159.863,161.686,53.677,25.522,119.999,92.101,162.968,60.611,41.631,59.889,63.672,179.937,162.968,177.522,71.426,129.057,169.458,172.905,59.889,63.672,179.921,168.477,160.712
vrikshasana,avg,1,tree_avg_02.mp4,128.803,126.066,165.653,173.164,165.653,173.164,156.726,154.196,75.888,86.62,53.419,79.229,159.062,160.651,47.871,25.588,102.919,111.125,163.089,80.408,62.664,75.888,86.62,179.934,163.089,176.855,77.335,124.464,165.653,173.164,75.888,86.62,179.918,167.715,167.372
vrikshasana,avg,1,tree_avg_02.mp4,130.808,128.719,165.15,173.309,165.15,173.309,155.223,156.542,74.478,93.838,52.223,88.763,159.568,159.656,50.281,26.862,96.256,110.748,164.184,82.39,65.66,74.478,93.838,179.929,164.184,177.488,77.899,123.474,165.15,173.309,74.478,93.838,179.914,168.798,166.239
vrikshasana,avg,1,tree_avg_02.mp4,130.913,129.652,164.489,173.241,164.489,173.241,154.535,155.588,72.478,93.494,50.109,88.627,160.465,160.242,52.414,26.787,95.037,110.75,164.942,80.902,64.501,72.478,93.494,179.931,164.942,177.617,79.317,122.318,164.489,173.241,72.478,93.494,179.918,169.19,166.448
vrikshasana,avg,1,tree_avg_03.mp4,165.517,172.506,147.036,140.214,147.036,140.214,170.183,178.538,48.529,76.488,18.868,40.491,154.866,170.05,31.573,20.715,122.367,64.636,144.851,60.764,27.299,48.529,76.488,179.941,144.851,175.815,115.946,130.934,147.036,140.214,48.529,76.488,179.918,168.429,173.574
vrikshasana,avg,1,tree_avg_03.mp4,158.647,178.081,145.918,131.698,145.918,131.698,176.514,174.802,58.945,97.783,18.694,48.721,148.538,162.063,46.895,31.372,119.612,74.235,134.605,76.518,29.794,58.945,97.783,179.931,134.605,165.097,127.329,111.982,145.918,131.698,58.945,97.783,179.905,156.112,172.095
vrikshasana,avg,1,tree_avg_03.mp4,167.349,170.626,159.348,157.666,159.348,157.666,174.886,153.702,46.573,56.572,17.578,33.494,149.965,173.432,43.492,29.774,132.447,65.69,154.769,51.701,23.873,46.573,56.572,179.931,154.769,163.263,94.753,130.46,159.348,157.666,46.573,56.572,179.916,171.062,132.437
vrikshasana,avg,1,tree_avg_03.mp4,165.962,178.023,163.584,151.236,163.584,151.236,165.411,166.007,63.442,72.525,23.755,39.77,146.862,174.976,45.995,29.086,133.932,69.805,144.016,68.685,29.884,63.442,72.525,179.937,144.016,170.271,79.936,140.377,163.584,151.236,63.442,72.525,179.921,155.098,169.826
vrikshasana,avg,1,tree_avg_03.mp4,161.83,171.628,170.308,152.215,170.308,152.215,175.096,173.797,68.087,91.671,28.181,55.708,152.915,176.359,58.613,31.709,123.164,76.674,141.819,79.418,38.858,68.087,91.671,179.937,141.819,159.599,72.139,137.242,170.308,152.215,68.087,91.671,179.921,149.219,170.498
vrikshasana,avg,1,tree_avg_03.mp4,151.952,152.852,169.899,158.743,169.899,158.743,173.076,167.605,50.816,57.626,17.451,24.043,156.105,176.248,71.037,35.24,140.62,60.645,149.208,54.05,19.831,50.816,57.626,179.941,149.208,177.254,73.173,130.647,169.899,158.743,50.816,57.626,179.937,163.307,160.863
vrikshasana,avg,1,tree_avg_03.mp4,146.969,140.188,169.552,145.464,169.552,145.464,156.736,165.293,64.008,75.849,18.322,27.014,155.207,176.009,73.276,34.955,139.154,62.911,133.681,70.457,21.431,64.008,75.849,179.948,133.681,163.998,73.815,128.173,169.552,145.464,64.008,75.849,179.934,148.337,170.96
vrikshasana,avg,1,tree_avg_03.mp4,149.781,144.242,171.765,155.761,171.765,155.761,160.736,161.12,53.714,64.725,18.012,25.919,153.674,176.122,68.757,35.22,139.331,62.94,142.901,59.083,21.334,53.714,64.725,179.934,142.901,173.663,63.503,123.409,171.765,155.761,53.714,64.725,179.934,163.308,162.346
vrikshasana,avg,1,tree_avg_03.mp4,112.436,134.047,175.655,161.758,175.655,161.758,105.918,143.547,46.086,55.944,14.574,23.714,155.218,175.401,67.423,31.486,138.934,59.856,149.978,50.82,19.018,46.086,55.944,179.937,149.978,165.559,64.406,122.639,175.655,161.758,46.086,55.944,179.931,174.439,150.895
vrikshasana,avg,1,tree_avg_03.mp4,144.628,137.23,175.503,153.009,175.503,153.009,160.323,159.513,54.608,67.603,18.195,23.595,156.661,175.731,74.354,32.779,137.307,65.052,140.594,60.965,20.199,54.608,67.603,179.934,140.594,169.079,70.158,121.287,175.503,153.009,54.608,67.603,179.931,158.721,165.581
vrikshasana,avg,1,tree_avg_03.mp4,145.251,137.358,167.781,154.906,167.781,154.906,162.272,159.064,57.812,59.919,22.009,19.738,154.744,174.667,84.167,52.41,141.431,66.201,141.301,57.818,18.62,57.812,59.919,179.944,141.301,168.53,70.723,128.143,167.781,154.906,57.812,59.919,179.941,157.664,128.561
vrikshasana,avg,1,tree_avg_03.mp4,153.954,146.312,165.814,155.443,165.814,155.443,165.39,157.059,54.514,61.001,22.021,22.861,156.768,175.558,80.827,35.621,139.434,66.823,146.087,56.938,20.589,54.514,61.001,179.941,146.087,171.367,71.329,120.169,165.814,155.443,54.514,61.001,179.934,159.443,148.211
vrikshasana,avg,1,tree_avg_03.mp4,153.988,146.366,169.443,156.929,169.443,156.929,167.941,159.451,51.309,59.515,18.972,21.663,157.296,176.489,81.774,42.748,139.662,63.267,147.65,54.899,19.041,51.309,59.515,179.944,147.65,172.333,68.54,118.394,169.443,156.929,51.309,59.515,179.937,160.522,153.999
vrikshasana,avg,1,tree_avg_03.mp4,151.137,145.129,156.824,156.554,156.824,156.554,160.1,157.685,61.328,66.792,25.975,28.965,157.138,176.243,84.72,47.303,138.323,68.998,143.909,64.243,25.528,61.328,66.792,179.948,143.909,164.064,72.89,127.388,156.824,156.554,61.328,66.792,179.948,151.934,170.522
vrikshasana,avg,1,tree_avg_03.mp4,154.725,143.499,153.886,158.138,153.886,158.138,160.723,164.612,57.759,65.264,24.591,30.195,156.759,174.939,79.983,47.601,137.535,67.814,147.658,61.511,25.862,57.759,65.264,179.952,147.658,168.135,68.742,126.607,153.886,158.138,57.759,65.264,179.941,157.189,169.695
vrikshasana,avg,1,tree_avg_03.mp4,156.115,143.341,156.79,159.758,156.79,159.758,153.195,162.664,54.31,63.265,22.541,29.06,156.682,174.98,82.426,48.609,137.94,66.477,150.838,58.454,24.811,54.31,63.265,179.941,150.838,172.453,65.383,123.363,156.79,159.758,54.31,63.265,179.934,162.983,168.019
vrikshasana,avg,1,tree_avg_03.mp4,157.661,144.048,161.811,163.394,161.811,163.394,161.095,158.901,51.728,56.038,21.047,26.115,156.614,174.837,80.594,46.115,140.397,63.935,152.951,53.477,22.656,51.728,56.038,179.952,152.951,173.886,58.345,127.423,161.811,163.394,51.728,56.038,179.937,166.9,153.543
vrikshasana,avg,1,tree_avg_03.mp4,148.64,148.565,168.405,162.799,168.405,162.799,162.002,161.72,48.197,52.058,18.9,21.484,155.961,176.177,79.976,48.405,141.29,62.505,153.897,48.862,19.08,48.197,52.058,179.944,153.897,160.34,57.976,119.987,168.405,162.799,48.197,52.058,179.941,172.162,123.132
vrikshasana,avg,1,tree_avg_03.mp4,152.606,146.921,167.107,155.204,167.107,155.204,164.042,163.388,55.665,62.539,23.639,25.001,156.326,176.953,88.933,51.89,139.348,68.288,148.207,57.646,22.034,55.665,62.539,179.931,148.207,173.191,60.473,116.996,167.107,155.204,55.665,62.539,179.941,162.414,136.603
vrikshasana,avg,1,tree_avg_03.mp4,154.547,145.5,167.266,155.941,167.266,155.941,167.103,160.825,57.603,61.826,26.591,25.311,155.682,176.902,69.103,51.03,138.932,70.965,148.152,57.967,22.802,57.603,61.826,179.937,148.152,173.914,59.618,118.134,167.266,155.941,57.603,61.826,179.948,160.151,137.161
vrikshasana,avg,1,tree_avg_03.mp4,153.865,145.609,168.504,155.837,168.504,155.837,170.293,156.93,56.583,63.105,25.326,25.946,156.069,176.023,62.548,50.645,137.924,69.78,148.574,58.57,23.253,56.583,63.105,179.931,148.574,172.479,59.313,117.963,168.504,155.837,56.583,63.105,179.948,160.214,152.358
vrikshasana,avg,1,tree_avg_04.mp4,74.489,116.144,26.754,29.801,26.754,29.801,166.01,164.395,144.786,164.334,119.645,127.637,158.674,152.782,50.316,38.378,83.876,109.27,129.226,160.392,124.294,144.786,164.334,179.929,129.226,154.051,108.458,97.603,26.754,29.801,144.786,164.334,179.895,149.253,154.802
vrikshasana,avg,1,tree_avg_04.mp4,91.136,124.986,26.357,51.001,26.357,51.001,158.207,165.707,164.646,150.839,145.82,118.946,152.084,164.4,46.418,29.904,83.197,107.457,137.604,167.665,133.929,164.646,150.839,179.944,137.604,156.561,118.103,106.388,26.357,51.001,164.646,150.839,179.895,149.857,160.356
vrikshasana,avg,1,tree_avg_04.mp4,70.238,106.754,33.505,36.844,33.505,36.844,166.535,166.025,84.557,118.608,37.131,63.876,160.745,164.245,27.947,24.478,101.746,74.258,123.559,98.212,46.806,84.557,118.608,179.926,123.559,151.181,112.31,111.495,33.505,36.844,84.557,118.608,179.899,159.056,142.158
vrikshasana,avg,1,tree_avg_04.mp4,103.001,148.561,41.711,92.504,41.711,92.504,147.6,166.693,64.16,94.129,16.604,48.037,162.368,174.86,17.169,19.18,110.844,74.561,131.91,74.713,26.949,64.16,94.129,179.931,131.91,157.661,136.473,144.419,41.711,92.504,64.16,94.129,179.899,159.608,154.08
vrikshasana,avg,1,tree_avg_04.mp4,112.133,151.71,69.673,115.166,69.673,115.166,163.059,177.686,55.49,126.82,24.726,97.342,165.859,167.937,32.537,24.935,94.718,88.124,146.514,81.492,47.07,55.49,126.82,179.941,146.514,161.251,159.481,156.179,69.673,115.166,55.49,126.82,179.897,154.948,164.736
vrikshasana,avg,1,tree_avg_04.mp4,116.545,171.276,90.058,143.374,90.058,143.374,165.338,177.486,64.686,117.711,33.143,89.863,153.473,170.134,40.969,25.866,98.032,92.382,146.529,88.109,53.513,64.686,117.711,179.944,146.529,160.624,167.883,148.058,90.058,143.374,64.686,117.711,179.907,152.263,165.703
vrikshasana,avg,1,tree_avg_04.mp4,138.25,173.714,126.074,152.665,126.074,152.665,170.637,172.044,69.309,94.665,30.319,65.425,156.408,173.762,35.093,30.873,112.27,89.475,145.498,82.222,43.734,69.309,94.665,179.941,145.498,160.418,124.619,148.851,126.074,152.665,69.309,94.665,179.907,149.161,169.522
vrikshasana,avg,1,tree_avg_04.mp4,149.228,170.887,147.175,155.986,147.175,155.986,170.696,142.957,69.802,90.874,26.737,63.415,155.185,175.167,57.47,38.284,117.142,82.273,145.663,79.809,41.683,69.802,90.874,179.952,145.663,165.872,94.724,145.659,147.175,155.986,69.802,90.874,179.912,155.193,172.919
vrikshasana,avg,1,tree_avg_04.mp4,157.048,163.401,165.354,148.322,165.354,148.322,163.8,88.405,69.895,92.293,22.729,56.166,156.06,174.421,63.163,42.175,120.884,79.044,140.163,81.024,36.322,69.895,92.293,179.937,140.163,162.29,79.986,132.102,165.354,148.322,69.895,92.293,179.912,152.376,170.565
vrikshasana,avg,1,tree_avg_04.mp4,124.391,127.549,167.447,144.097,167.447,144.097,157.08,150.887,83.775,102.007,24.138,55.212,158.671,172.309,78.343,67.833,123.097,78.43,125.901,93.631,36.48,83.775,102.007,179.941,125.901,146.911,82.627,127.9,167.447,144.097,83.775,102.007,179.916,134.738,160.023
vrikshasana,avg,1,tree_avg_04.mp4,121.251,129.954,163.623,143.863,163.623,143.863,155.383,134.708,93.514,101.932,29.933,53.758,157.123,173.143,72.275,50.184,125.928,81.135,122.403,99.745,40.014,93.514,101.932,179.944,122.403,143.004,86.278,127.599,163.623,143.863,93.514,101.932,179.918,128.928,157.774
vrikshasana,avg,1,tree_avg_04.mp4,120.185,136.453,157.662,142.79,157.662,142.79,164.443,147.409,86.421,102.035,28.734,54.42,157.932,172.278,60.647,43.68,125.602,80.224,125.937,95.747,39.466,86.421,102.035,179.948,125.937,147.488,88.672,126.324,157.662,142.79,86.421,102.035,179.921,136.627,159.931
vrikshasana,avg,1,tree_avg_04.mp4,121.091,129.806,166.131,139.438,166.131,139.438,160.38,149.182,80.829,105.573,23.954,54.353,157.338,170.833,66.862,38.544,123.366,78.802,124.765,93.592,36.329,80.829,105.573,179.929,124.765,147.354,83.445,120.515,166.131,139.438,80.829,105.573,179.918,139.177,156.35
vrikshasana,avg,1,tree_avg_04.mp4,112.805,133.237,160.73,142.117,160.73,142.117,147.272,148.86,77.733,95.548,21.408,47.744,157.024,170.63,67.642,35.484,126.14,76.574,126.72,87.301,32.184,77.733,95.548,179.931,126.72,152.672,76.195,123.996,160.73,142.117,77.733,95.548,179.912,141.247,165.563
vrikshasana,avg,1,tree_avg_04.mp4,112.652,132.541,159.808,144.32,159.808,144.32,150.358,155.493,77.871,97.286,22.168,51.283,157.521,170.177,67.138,33.444,123.974,77.554,127.579,87.83,33.718,77.871,97.286,179.929,127.579,152.021,75.702,126.243,159.808,144.32,77.871,97.286,179.909,140.656,164.874
vrikshasana,avg,1,tree_avg_04.mp4,116.938,124.319,162.366,143.303,162.366,143.303,163.247,144.514,73.928,97.76,22.498,52.383,156.382,170.73,68.841,32.903,122.893,78.013,130.907,85.623,34.479,73.928,97.76,179.926,130.907,154.809,77.326,123.161,162.366,143.303,73.928,97.76,179.914,145.715,164.861
vrikshasana,avg,1,tree_avg_04.mp4,115.068,122.91,166.454,150.792,166.454,150.792,163.585,151.28,66.613,91.574,22.106,53.472,156.196,170.323,67.69,33.07,122.026,77.727,139.392,78.096,34.581,66.613,91.574,179.923,139.392,162.45,80.337,121.765,166.454,150.792,66.613,91.574,179.914,153.885,171.411
vrikshasana,avg,1,tree_avg_04.mp4,111.037,123.928,165.596,151.119,165.596,151.119,165.189,156.904,64.003,91.908,20.945,54.09,156.677,170.379,66.026,34.25,121.21,77.033,140.591,76.457,33.94,64.003,91.908,179.923,140.591,162.9,83.299,120.933,165.596,151.119,64.003,91.908,179.909,155.042,170.751
vrikshasana,avg,1,tree_avg_04.mp4,104.343,125.777,165.336,151.59,165.336,151.59,162.111,157.704,61.321,95.76,19.806,58.037,157.283,169.006,65.581,34.908,117.456,77.611,142.217,75.699,34.239,61.321,95.76,179.926,142.217,162.691,86.825,118.64,165.336,151.59,61.321,95.76,179.909,156.334,168.227
vrikshasana,avg,1,tree_avg_04.mp4,107.363,125.087,163.653,151.677,163.653,151.677,161.194,155.432,64.04,97.152,22.144,59.989,158.168,169.029,65.391,35.03,116.324,80.194,141.272,78.139,36.193,64.04,97.152,179.929,141.272,160.359,87.071,121.117,163.653,151.677,64.04,97.152,179.912,153.004,168.528
vrikshasana,avg,1,tree_avg_04.mp4,106.863,120.94,162.044,149.404,162.044,149.404,160.988,156.179,72.547,101.691,25.447,62.641,157.737,169.04,68.615,37.117,115.072,84.188,137.327,85.706,39.675,72.547,101.691,179.926,137.327,155.889,83.622,127.731,162.044,149.404,72.547,101.691,179.912,146.312,166.691
vrikshasana,avg,1,tree_avg_05.mp4,150.839,152.323,55.584,92.072,55.584,92.072,113.609,151.303,166.857,172.805,164.458,162.05,172.585,168.022,68.387,63.606,80.154,94.467,147.67,170.788,163.319,166.857,172.805,179.944,147.67,175.388,87.288,91.894,55.584,92.072,166.857,172.805,179.886,169.398,175.927
vrikshasana,avg,1,tree_avg_05.mp4,110.889,133.576,24.437,39.314,24.437,39.314,141.741,159.516,139.414,136.7,109.747,107.234,138.144,146.667,62.623,50.368,95.103,84.056,132.916,139.135,108.475,139.414,136.7,179.901,132.916,174.855,106.84,103.49,24.437,39.314,139.414,136.7,179.842,168.884,171.788
vrikshasana,avg,1,tree_avg_05.mp4,110.029,133.765,24.053,39.212,24.053,39.212,144.072,159.388,139.255,133.556,110.28,104.491,137.423,145.881,63.836,49.532,95.986,84.098,133.417,137.399,107.338,139.255,133.556,179.903,133.417,176.279,107.007,102.976,24.053,39.212,139.255,133.556,179.842,169.275,172.882
vrikshasana,avg,1,tree_avg_05.mp4,110.109,133.951,22.513,38.782,22.513,38.782,145.788,158.985,138.357,133.489,110.667,104.323,137.214,144.831,64.696,49.069,95.881,84.114,134.985,136.891,107.425,138.357,133.489,179.905,134.985,176.951,106.068,102.642,22.513,38.782,138.357,133.489,179.84,169.752,172.971
vrikshasana,avg,1,tree_avg_05.mp4,110.281,131.774,22.205,35.55,22.205,35.55,145.029,157.612,138.611,135.87,110.464,105.659,138.984,145.36,62.021,48.104,95.218,84.19,134.755,138.279,108.006,138.611,135.87,179.903,134.755,175.735,104.992,101.79,22.205,35.55,138.611,135.87,179.84,169.561,171.912
vrikshasana,avg,1,tree_avg_05.mp4,111.614,132.108,22.583,35.92,22.583,35.92,142.423,158.059,138.55,134.928,109.112,102.977,141.378,147.17,58.993,44.966,95.64,84.208,134.629,137.779,105.962,138.55,134.928,179.903,134.629,174.178,105.052,101.724,22.583,35.92,138.55,134.928,179.84,168.911,170.642
vrikshasana,avg,1,tree_avg_05.mp4,108.721,131.376,22.316,38.724,22.316,38.724,141.944,158.597,135.98,132.199,107.899,102.005,142.94,147.356,57.102,44.386,95.743,84.097,136.038,134.995,104.869,135.98,132.199,179.903,136.038,175.645,105.614,101.687,22.316,38.724,135.98,132.199,179.839,169.746,171.585
vrikshasana,avg,1,tree_avg_05.mp4,110.854,126.176,21.793,34.451,21.793,34.451,142.591,158.362,137.06,129.384,111.226,99.427,140.651,145.63,61.308,45.703,95.285,85.446,136.357,134.02,105.115,137.06,129.384,179.905,136.357,177.341,103.424,101.832,21.793,34.451,137.06,129.384,179.837,169.884,172.769
vrikshasana,avg,1,tree_avg_05.mp4,114.881,133.245,48.473,68.887,48.473,68.887,158.718,168.474,131.651,123.398,113.732,97.989,141.427,144.941,61.546,46.09,92.426,88.007,141.574,127.843,105.519,131.651,123.398,179.903,141.574,175.58,126.507,137.038,48.473,68.887,131.651,123.398,179.828,169.397,172.904
vrikshasana,avg,1,tree_avg_05.mp4,136.04,156.666,75.146,95.242,75.146,95.242,162.404,170.829,155.104,156.269,126.476,122.693,148.001,146.099,57.852,49.837,90.235,97.748,130.814,161.518,125.317,155.104,156.269,179.905,130.814,162.838,157.05,154.019,75.146,95.242,155.104,156.269,179.83,162.834,158.026
vrikshasana,avg,1,tree_avg_05.mp4,136.932,155.257,79.836,106.854,79.836,106.854,165.381,172.68,116.499,128.016,75.758,101.916,158.892,147.594,47.763,60.074,96.784,118.458,135.604,129.23,85.54,116.499,128.016,179.909,135.604,162.787,164.633,160.362,79.836,106.854,116.499,128.016,179.836,149.91,166.509
vrikshasana,avg,1,tree_avg_05.mp4,127.596,153.205,75.087,109.223,75.087,109.223,170.065,168.674,82.37,130.67,35.414,97.936,169.4,164.619,24.927,51.33,97.82,107.463,133.548,107.354,59.037,82.37,130.67,179.912,133.548,164.488,163.618,162.961,75.087,109.223,82.37,130.67,179.839,155.063,165.627
vrikshasana,avg,1,tree_avg_05.mp4,130.59,155.372,84.46,118.016,84.46,118.016,169.167,170.798,94.625,130.205,44.992,97.88,154.976,160.037,56.945,51.769,97.366,117.908,133.679,117.256,66.694,94.625,130.205,179.905,133.679,158.446,174.438,166.21,84.46,118.016,94.625,130.205,179.843,146.35,167.421
vrikshasana,avg,1,tree_avg_05.mp4,132.643,161.74,103.263,132.729,103.263,132.729,167.848,175.821,90.238,132.98,36.562,99.207,147.104,159.879,56.177,50.47,97.68,110.458,130.567,113.238,61.323,90.238,132.98,179.909,130.567,159.291,162.425,157.052,103.263,132.729,90.238,132.98,179.847,146.554,168.5
vrikshasana,avg,1,tree_avg_05.mp4,140.399,169.331,124.479,138.119,124.479,138.119,171.837,165.331,100.249,130.635,36.403,90.557,131.66,156.685,63.759,49.542,101.631,105.784,123.665,117.609,58.643,100.249,130.635,179.912,123.665,153.185,137.323,154.395,124.479,138.119,100.249,130.635,179.853,136.713,167.186
vrikshasana,avg,1,tree_avg_05.mp4,146.213,173.982,148.474,148.613,148.474,148.613,162.213,167.292,101.974,134.352,39.83,93.778,147.558,163.695,60.868,53.59,99.599,108.783,126.848,120.48,63.663,101.974,134.352,179.899,126.848,156.248,108.756,134.126,148.474,148.613,101.974,134.352,179.855,142.216,168.144
vrikshasana,avg,1,tree_avg_05.mp4,149.45,171.219,167.265,149.229,167.265,149.229,155.296,156.473,113.087,142.312,52.281,100.161,150.211,163.48,62.99,55.405,98.165,116.424,126.065,132.988,74.847,113.087,142.312,179.905,126.065,150.239,86.253,125.582,167.265,149.229,113.087,142.312,179.864,134.445,165.774
vrikshasana,avg,1,tree_avg_05.mp4,150.016,156.38,173.768,147.758,173.768,147.758,168.204,166.467,113.95,148.143,49.357,100.417,149.99,164.598,65.913,61.153,97.046,114.243,121.248,135.005,72.711,113.95,148.143,179.907,121.248,142.262,86.597,120.885,173.768,147.758,113.95,148.143,179.867,125.663,158.537
vrikshasana,avg,1,tree_avg_05.mp4,135.769,135.956,166.821,142.536,166.821,142.536,166.026,157.099,115.603,153.429,45.627,102.839,149.028,163.84,66.004,56.949,96.793,107.831,114.638,137.124,70.862,115.603,153.429,179.907,114.638,137.026,96.705,120.34,166.821,142.536,115.603,153.429,179.872,118.163,154.996
vrikshasana,avg,1,tree_avg_05.mp4,135.213,136.311,159.551,141.051,159.551,141.051,162.16,143.987,113.179,154.076,44.488,102.491,147.884,162.593,60.812,62.376,95.938,106.732,115.3,135.921,71.23,113.179,154.076,179.909,115.3,138.543,96.423,115.812,159.551,141.051,113.179,154.076,179.878,122.279,153.032
vrikshasana,avg,1,tree_avg_05.mp4,138.643,135.726,157.365,142.508,157.365,142.508,161.734,142.547,107.472,139.216,37.101,87.685,149.85,164.925,74.764,58.847,105.425,99.206,116.736,125.384,60.851,107.472,139.216,179.909,116.736,145.72,92.412,115.592,157.365,142.508,107.472,139.216,179.878,131.587,157.297
vrikshasana,avg,1,tree_avg_05.mp4,125.019,137.401,147.677,143.661,147.677,143.661,171.73,146.744,103.701,130.206,35.59,83.537,153.679,166.666,75.459,69.433,108.907,98.027,120.062,119.07,57.304,103.701,130.206,179.912,120.062,151.833,97.645,114.936,147.677,143.661,103.701,130.206,179.876,135.351,165.997
vrikshasana,avg,1,tree_avg_05.mp4,150.054,140.305,173.085,143.411,173.085,143.411,171.538,159.56,101.764,117.576,35.736,74.294,152.601,166.71,67.254,60.889,115.233,98.63,123.217,113.066,53.394,101.764,117.576,179.907,123.217,158.147,81.014,117.975,173.085,143.411,101.764,117.576,179.876,137.966,176.591
vrikshasana,avg,1,tree_avg_05.mp4,154.07,150.526,173.285,146.14,173.285,146.14,173.007,155.689,101.539,118.204,34.946,76.313,149.961,166.898,55.02,58.447,113.958,100.197,123.839,112.991,53.954,101.539,118.204,179.905,123.839,160.708,73.395,115.737,173.285,146.14,101.539,118.204,179.878,140.182,178.273
vrikshasana,avg,1,tree_avg_05.mp4,153.441,146.855,179.088,145.448,179.088,145.448,171.986,151.95,101.917,121.028,35.888,76.286,150.194,167.737,60.509,60.242,111.733,101.715,122.977,114.428,54.56,101.917,121.028,179.905,122.977,157.751,77.661,114.117,179.088,145.448,101.917,121.028,179.875,139.29,173.911
vrikshasana,avg,1,tree_avg_05.mp4,153.617,142.333,179.696,140.578,179.696,140.578,165.63,145.369,103.288,129.592,37.185,80.29,150.833,168.251,64.062,58.114,108.715,103.776,120.224,118.905,57.0,103.288,129.592,179.897,120.224,153.098,80.055,111.745,179.696,140.578,103.288,129.592,179.873,137.265,167.007
vrikshasana,avg,1,VID-20260218-WA0009.mp4,160.369,168.46,93.772,73.444,93.772,73.444,29.333,170.531,66.892,100.373,160.719,159.144,36.32,171.338,10.871,143.205,60.215,96.918,118.334,84.738,160.756,66.892,100.373,179.956,118.334,73.911,117.648,52.944,93.772,73.444,66.892,100.373,179.931,56.407,88.375
vrikshasana,avg,1,VID-20260218-WA0009.mp4,101.756,136.165,37.484,68.297,37.484,68.297,162.963,167.742,118.158,120.124,100.149,102.567,145.11,169.918,66.067,55.2,89.054,81.847,145.618,118.831,101.026,118.158,120.124,179.926,145.618,169.439,106.667,108.87,37.484,68.297,118.158,120.124,179.883,168.884,167.693
vrikshasana,avg,1,VID-20260218-WA0009.mp4,111.434,143.603,35.421,58.286,35.421,58.286,156.108,159.754,131.799,130.439,128.834,116.64,112.906,155.073,126.278,88.788,88.385,83.626,141.735,131.089,122.36,131.799,130.439,179.929,141.735,162.229,107.451,108.665,35.421,58.286,131.799,130.439,179.88,158.58,164.064
vrikshasana,avg,1,VID-20260218-WA0009.mp4,111.347,144.249,38.099,53.565,38.099,53.565,156.344,153.783,139.076,136.518,135.231,122.173,123.902,163.036,115.538,77.986,87.712,84.11,142.922,137.982,128.372,139.076,136.518,179.931,142.922,166.149,113.876,106.671,38.099,53.565,139.076,136.518,179.878,163.218,165.751
vrikshasana,avg,1,VID-20260218-WA0009.mp4,109.497,139.464,40.661,46.838,40.661,46.838,160.26,157.475,131.125,145.641,126.657,122.8,130.349,160.311,121.963,84.183,88.008,83.53,129.791,139.238,124.141,131.125,145.641,179.923,129.791,167.893,120.661,105.724,40.661,46.838,131.125,145.641,179.875,158.523,165.478
vrikshasana,avg,1,VID-20260218-WA0009.mp4,103.804,133.077,39.192,48.063,39.192,48.063,155.469,162.158,103.188,140.992,87.314,118.966,135.739,163.211,97.589,79.802,89.546,89.796,131.365,121.345,100.312,103.188,140.992,179.929,131.365,162.878,120.191,104.897,39.192,48.063,103.188,140.992,179.88,148.678,162.441
vrikshasana,avg,1,VID-20260218-WA0009.mp4,84.539,124.901,48.858,36.775,48.858,36.775,155.415,159.858,95.095,150.436,43.442,109.808,155.114,166.962,38.042,71.436,94.211,93.47,118.17,120.87,66.798,95.095,150.436,179.929,118.17,171.019,123.694,105.147,48.858,36.775,95.095,150.436,179.883,157.612,153.445
vrikshasana,avg,1,VID-20260218-WA0009.mp4,77.688,105.93,32.139,35.693,32.139,35.693,149.53,159.662,61.72,126.299,28.955,129.426,154.199,160.635,56.574,96.176,93.825,98.168,147.463,86.806,60.724,61.72,126.299,179.929,147.463,141.198,113.688,103.783,32.139,35.693,61.72,126.299,179.881,126.271,151.558
vrikshasana,avg,1,VID-20260218-WA0009.mp4,151.339,142.642,25.015,62.267,25.015,62.267,102.696,148.089,83.092,119.446,76.574,133.895,144.053,153.523,89.785,77.115,84.156,84.871,159.472,100.975,103.169,83.092,119.446,179.921,159.472,144.304,98.733,105.8,25.015,62.267,83.092,119.446,179.86,147.773,143.264
vrikshasana,avg,1,VID-20260218-WA0009.mp4,140.56,141.35,25.728,63.167,25.728,63.167,122.236,149.285,140.509,116.421,167.412,119.654,143.578,154.733,127.342,74.439,79.843,74.688,154.64,125.968,141.228,140.509,116.421,179.918,154.64,146.54,103.144,106.398,25.728,63.167,140.509,116.421,179.849,147.105,147.405
vrikshasana,avg,1,VID-20260218-WA0009.mp4,138.469,132.928,26.194,47.14,26.194,47.14,129.743,144.113,147.609,115.616,168.841,112.383,136.479,153.709,133.961,58.975,73.141,69.903,153.114,129.749,146.809,147.609,115.616,179.921,153.114,147.097,104.089,101.272,26.194,47.14,147.609,115.616,179.863,143.487,152.99
vrikshasana,avg,1,VID-20260218-WA0009.mp4,124.25,132.591,28.469,61.534,28.469,61.534,145.253,162.612,144.899,115.424,174.966,111.61,99.827,151.768,153.518,61.322,72.462,74.871,150.605,128.331,139.518,144.899,115.424,179.923,150.605,149.838,102.846,98.815,28.469,61.534,144.899,115.424,179.864,147.411,154.001
vrikshasana,avg,1,VID-20260218-WA0009.mp4,117.945,133.299,33.334,59.673,33.334,59.673,153.527,160.887,151.067,115.994,152.615,113.294,119.611,156.15,101.68,72.024,73.805,74.922,151.138,131.577,131.205,151.067,115.994,179.923,151.138,159.921,102.664,97.893,33.334,59.673,151.067,115.994,179.866,166.755,153.641
vrikshasana,avg,1,VID-20260218-WA0009.mp4,156.798,150.87,127.675,110.803,127.675,110.803,173.814,157.495,104.411,151.251,17.274,91.583,167.104,148.872,78.771,40.282,85.469,115.22,101.796,123.045,40.11,104.411,151.251,179.909,101.796,127.945,87.045,90.631,127.675,110.803,104.411,151.251,179.876,105.619,151.471
vrikshasana,avg,1,VID-20260218-WA0009.mp4,157.864,149.305,130.931,115.253,130.931,115.253,172.236,158.671,102.956,147.907,19.246,90.948,167.466,153.12,97.073,39.369,85.128,114.691,105.474,120.396,41.223,102.956,147.907,179.909,105.474,127.262,83.693,94.226,130.931,115.253,102.956,147.907,179.873,106.592,151.898
vrikshasana,avg,1,VID-20260218-WA0009.mp4,155.12,149.255,131.859,115.811,131.859,115.811,171.266,159.435,100.185,147.403,18.682,91.629,164.798,153.373,87.14,40.179,85.103,114.026,107.243,118.533,40.843,100.185,147.403,179.909,107.243,129.511,85.83,92.192,131.859,115.811,100.185,147.403,179.876,109.55,153.409
vrikshasana,avg,1,VID-20260218-WA0009.mp4,157.017,149.519,142.709,124.907,142.709,124.907,170.23,156.488,93.012,138.65,20.666,91.714,168.201,153.386,107.288,38.189,82.25,122.386,117.717,111.646,43.224,93.012,138.65,179.909,117.717,139.905,91.52,85.789,142.709,124.907,93.012,138.65,179.875,120.387,162.902
vrikshasana,avg,1,VID-20260218-WA0009.mp4,150.759,150.148,144.554,122.62,144.554,122.62,167.302,157.08,95.765,144.251,24.981,94.092,168.746,154.483,106.141,37.321,81.74,127.188,115.956,116.302,46.534,95.765,144.251,179.909,115.956,134.615,94.486,82.314,144.554,122.62,95.765,144.251,179.876,118.381,158.087
vrikshasana,avg,1,VID-20260218-WA0009.mp4,150.086,150.149,151.283,132.174,151.283,132.174,165.602,157.998,87.446,133.905,23.873,93.53,167.877,154.726,102.152,37.427,82.121,126.497,125.906,106.678,45.777,87.446,133.905,179.905,125.906,145.214,94.027,83.242,151.283,132.174,87.446,133.905,179.876,128.173,167.934
vrikshasana,avg,1,VID-20260218-WA0009.mp4,155.607,149.79,151.518,130.106,151.518,130.106,168.515,158.234,88.198,135.455,23.051,94.638,167.211,153.766,101.979,39.972,82.664,125.641,124.498,107.73,45.35,88.198,135.455,179.909,124.498,144.984,94.777,82.147,151.518,130.106,88.198,135.455,179.876,127.409,168.06
vrikshasana,avg,1,VID-20260218-WA0009.mp4,153.986,145.291,146.291,134.627,146.291,134.627,172.097,154.587,86.243,131.243,19.928,95.655,166.798,155.088,94.027,39.671,83.223,122.721,127.995,103.355,43.872,86.243,131.243,179.909,127.995,150.062,87.687,91.912,146.291,134.627,86.243,131.243,179.878,129.063,172.048
vrikshasana,poor,0,20260218_153926.mp4,137.22,128.415,79.074,73.956,79.074,73.956,163.431,176.067,152.153,130.202,140.136,125.189,146.552,140.897,94.284,83.271,88.012,89.419,143.723,141.991,132.647,152.153,130.202,179.893,143.723,168.826,157.087,149.178,79.074,73.956,152.153,130.202,179.825,173.544,160.203
vrikshasana,poor,0,20260218_153926.mp4,146.99,160.542,93.962,106.322,93.962,106.322,163.046,173.029,147.765,113.643,149.187,124.323,139.175,142.901,105.836,96.904,91.519,92.166,150.741,130.72,136.549,147.765,113.643,179.895,150.741,154.408,161.779,153.916,93.962,106.322,147.765,113.643,179.825,164.708,142.731
vrikshasana,poor,0,20260218_153926.mp4,149.179,164.947,100.264,110.24,100.264,110.24,164.04,166.883,144.224,115.453,153.96,126.174,134.664,146.275,107.32,95.439,91.439,93.602,155.036,130.023,140.287,144.224,115.453,179.899,155.036,151.894,164.291,166.518,100.264,110.24,144.224,115.453,179.829,158.307,144.966
vrikshasana,poor,0,20260218_153926.mp4,146.164,162.305,104.246,113.857,104.246,113.857,161.915,167.712,141.217,125.508,144.985,132.24,142.427,145.331,84.168,81.687,87.649,92.999,155.592,133.681,138.751,141.217,125.508,179.895,155.592,157.613,168.302,169.585,104.246,113.857,141.217,125.508,179.825,161.503,153.028
vrikshasana,poor,0,20260218_153926.mp4,148.199,162.973,110.94,123.31,110.94,123.31,162.428,170.387,145.508,135.03,144.838,138.885,145.019,128.756,80.957,100.903,87.505,92.383,149.62,140.953,142.049,145.508,135.03,179.895,149.62,162.526,164.785,160.255,110.94,123.31,145.508,135.03,179.821,165.552,158.041
vrikshasana,poor,0,20260218_153926.mp4,156.741,160.076,123.695,130.186,123.695,130.186,166.084,177.455,151.39,137.407,148.38,139.903,141.655,123.954,87.975,102.444,88.168,91.401,147.521,145.335,144.5,151.39,137.407,179.901,147.521,165.123,148.191,158.64,123.695,130.186,151.39,137.407,179.82,168.589,159.741
vrikshasana,poor,0,20260218_153926.mp4,161.327,167.895,133.091,138.633,133.091,138.633,168.872,175.687,143.449,133.682,140.438,134.809,145.828,121.702,84.377,100.276,89.363,88.93,149.694,139.103,137.778,143.449,133.682,179.893,149.694,163.057,141.877,143.68,133.091,138.633,143.449,133.682,179.818,165.755,159.198
vrikshasana,poor,0,20260218_153926.mp4,167.739,164.905,137.909,143.287,137.909,143.287,168.81,177.059,141.523,123.448,142.601,131.04,144.722,137.045,84.965,84.73,90.646,89.166,154.109,132.688,136.88,141.523,123.448,179.89,154.109,157.055,136.038,137.477,137.909,143.287,141.523,123.448,179.817,162.814,150.777
vrikshasana,poor,0,20260218_153926.mp4,164.585,163.768,141.299,150.592,141.299,150.592,167.392,176.214,140.475,115.109,143.16,127.338,149.73,140.217,82.015,78.694,91.532,89.782,156.798,127.824,135.221,140.475,115.109,179.89,156.798,153.176,127.499,134.719,141.299,150.592,140.475,115.109,179.814,161.546,144.279
vrikshasana,poor,0,20260218_153926.mp4,155.648,167.775,142.318,156.323,142.318,156.323,169.501,171.901,133.343,114.944,137.883,124.198,151.307,142.635,83.601,77.853,93.202,88.386,159.141,123.946,130.86,133.343,114.944,179.883,159.141,151.191,128.81,119.892,142.318,156.323,133.343,114.944,179.815,157.118,145.085
vrikshasana,poor,0,20260218_153926.mp4,174.195,165.201,156.094,149.814,156.094,149.814,162.658,176.189,143.081,128.717,137.731,124.984,143.924,145.592,90.762,79.419,92.901,87.589,146.448,135.94,131.336,143.081,128.717,179.88,146.448,162.286,106.944,115.955,156.094,149.814,143.081,128.717,179.815,166.23,158.125
vrikshasana,poor,0,20260218_153926.mp4,168.331,159.941,158.411,152.241,158.411,152.241,173.724,171.271,144.358,131.119,142.45,130.029,141.895,148.266,99.288,87.04,92.211,88.56,145.585,137.886,136.388,144.358,131.119,179.875,145.585,160.891,102.923,114.484,158.411,152.241,144.358,131.119,179.812,164.303,157.311
vrikshasana,poor,0,20260218_153926.mp4,151.381,156.736,143.67,130.746,143.67,130.746,169.818,175.194,163.897,151.504,141.573,127.816,142.739,153.13,96.371,85.872,92.755,88.42,126.731,158.621,134.771,163.897,151.504,179.876,126.731,177.156,104.246,109.053,143.67,130.746,163.897,151.504,179.809,173.449,176.532
vrikshasana,poor,0,3.mp4,77.717,140.405,18.606,74.267,18.606,74.267,158.619,170.26,167.552,156.077,136.483,124.536,140.202,151.056,40.431,32.246,86.74,95.77,141.044,165.6,130.79,167.552,156.077,179.948,141.044,157.675,103.981,104.755,18.606,74.267,167.552,156.077,179.905,154.688,156.275
vrikshasana,poor,0,3.mp4,81.948,139.063,21.132,69.214,21.132,69.214,155.901,169.211,168.606,154.153,135.637,121.071,135.834,150.239,44.703,33.245,87.845,95.191,137.783,165.854,128.672,168.606,154.153,179.948,137.783,156.381,106.457,106.235,21.132,69.214,168.606,154.153,179.905,152.308,155.897
vrikshasana,poor,0,3.mp4,80.124,139.824,22.837,68.799,22.837,68.799,158.854,169.449,170.058,157.503,136.231,122.562,137.79,151.48,42.292,31.68,86.171,97.694,134.5,170.586,129.687,170.058,157.503,179.944,134.5,152.071,109.661,109.079,22.837,68.799,170.058,157.503,179.909,147.246,152.874
vrikshasana,poor,0,3.mp4,83.438,138.017,22.764,59.89,22.764,59.89,160.107,166.993,170.242,155.398,133.722,116.612,135.815,150.032,43.895,33.067,88.214,96.699,131.26,169.87,125.596,170.242,155.398,179.952,131.26,149.942,107.971,106.47,22.764,59.89,170.242,155.398,179.907,145.386,150.732
vrikshasana,poor,0,3.mp4,81.942,139.627,23.263,61.646,23.263,61.646,160.459,168.145,168.889,148.041,128.094,106.95,136.809,151.125,43.228,31.755,91.504,95.824,131.496,162.616,117.859,168.889,148.041,179.941,131.496,150.477,108.601,106.034,23.263,61.646,168.889,148.041,179.909,147.028,150.445
vrikshasana,poor,0,3.mp4,75.398,147.722,24.966,76.28,24.966,76.28,161.575,171.342,170.412,157.347,136.843,118.682,143.673,155.335,36.417,27.817,84.19,103.927,132.728,172.721,128.323,170.412,157.347,179.948,132.728,147.254,115.166,112.758,24.966,76.28,170.412,157.347,179.909,143.456,148.027
vrikshasana,poor,0,3.mp4,77.644,144.837,27.671,73.224,27.671,73.224,160.866,171.36,169.597,145.329,126.09,103.5,136.066,159.456,43.223,25.052,87.494,101.554,131.66,161.364,115.242,169.597,145.329,179.952,131.66,147.552,120.281,112.266,27.671,73.224,169.597,145.329,179.918,142.268,150.164
vrikshasana,poor,0,3.mp4,80.387,133.3,24.922,48.482,24.922,48.482,161.106,169.003,160.171,156.814,117.918,105.106,136.518,154.9,42.119,31.873,81.276,98.926,126.72,160.864,111.532,160.171,156.814,179.948,126.72,146.74,106.45,100.79,24.922,48.482,160.171,156.814,179.909,146.523,144.311
vrikshasana,poor,0,3.mp4,84.642,129.644,26.648,38.512,26.648,38.512,160.796,169.68,165.517,154.528,117.139,98.803,171.595,154.881,35.965,35.443,78.552,93.262,122.831,160.848,107.738,165.517,154.528,179.944,122.831,145.638,104.858,94.76,26.648,38.512,165.517,154.528,179.909,145.55,145.052
vrikshasana,poor,0,3.mp4,81.337,124.468,28.739,37.49,28.739,37.49,161.939,170.315,163.678,148.781,111.447,94.57,178.03,162.804,30.481,31.978,77.456,87.531,123.372,155.925,102.572,163.678,148.781,179.952,123.372,145.281,105.994,94.084,28.739,37.49,163.678,148.781,179.909,144.179,146.139
vrikshasana,poor,0,3.mp4,83.169,118.447,28.695,29.447,28.695,29.447,160.825,167.885,170.953,152.522,118.574,95.926,178.29,165.792,31.38,31.292,79.198,86.395,122.802,161.714,106.903,170.953,152.522,179.944,122.802,143.636,103.171,96.941,28.695,29.447,170.953,152.522,179.905,143.647,143.583
vrikshasana,poor,0,3.mp4,87.635,107.339,23.765,32.721,23.765,32.721,163.608,169.156,137.151,94.874,101.46,49.68,171.95,167.552,28.982,26.016,89.406,86.917,138.457,111.224,70.58,137.151,94.874,179.944,138.457,159.919,95.788,97.649,23.765,32.721,137.151,94.874,179.903,162.186,156.316
vrikshasana,poor,0,3.mp4,75.85,97.641,19.095,34.07,19.095,34.07,165.152,165.862,120.586,51.089,100.44,15.257,152.112,162.536,46.587,26.559,85.967,93.317,147.413,62.961,32.518,120.586,51.089,179.941,147.413,162.598,87.102,111.08,19.095,34.07,120.586,51.089,179.905,175.741,129.28
vrikshasana,poor,0,3.mp4,92.201,95.696,26.218,35.461,26.218,35.461,156.071,166.269,131.368,45.407,112.109,14.11,151.557,156.909,43.732,42.329,89.326,93.13,147.577,59.281,30.717,131.368,45.407,179.948,147.577,146.866,91.755,119.595,26.218,35.461,131.368,45.407,179.897,174.027,72.248
vrikshasana,poor,0,3.mp4,104.687,103.226,39.77,48.475,39.77,48.475,155.191,167.74,112.124,45.449,97.425,15.068,152.566,154.184,42.801,54.651,91.502,96.44,149.367,56.813,29.002,112.124,45.449,179.956,149.367,133.458,100.053,130.254,39.77,48.475,112.124,45.449,179.903,168.376,70.183
vrikshasana,poor,0,3.mp4,111.807,116.646,63.837,68.587,63.837,68.587,159.632,169.017,106.063,47.495,85.452,12.736,159.45,155.804,33.192,50.613,95.402,97.801,147.522,60.436,27.947,106.063,47.495,179.952,147.522,156.45,126.505,143.281,63.837,68.587,106.063,47.495,179.897,171.029,89.119
vrikshasana,poor,0,3.mp4,143.106,143.954,97.777,106.669,97.777,106.669,157.451,173.577,79.522,38.843,61.652,12.032,161.392,160.131,28.132,46.211,92.012,101.495,155.378,51.519,25.002,79.522,38.843,179.948,155.378,143.022,163.474,145.574,97.777,106.669,79.522,38.843,179.903,165.149,76.744
vrikshasana,poor,0,3.mp4,156.349,147.998,129.213,122.61,129.213,122.61,166.204,176.348,84.483,41.773,65.163,11.166,158.602,161.054,28.954,43.945,89.573,103.634,153.727,55.137,25.683,84.483,41.773,179.952,153.727,151.66,164.366,134.689,129.213,122.61,84.483,41.773,179.907,167.246,89.772
vrikshasana,poor,0,3.mp4,150.093,142.644,144.903,133.054,144.903,133.054,162.889,154.959,98.454,44.507,80.512,12.413,152.59,162.205,36.453,44.628,93.055,99.165,152.726,59.929,29.135,98.454,44.507,179.952,152.726,151.492,148.056,127.807,144.903,133.054,98.454,44.507,179.903,168.009,89.495
vrikshasana,poor,0,3.mp4,110.743,104.885,138.781,118.062,138.781,118.062,78.08,109.056,128.959,76.866,95.36,12.423,147.133,161.199,44.885,52.311,93.278,98.287,128.304,88.711,32.258,128.959,76.866,179.952,128.304,176.386,147.963,97.774,138.781,118.062,128.959,76.866,179.907,167.258,131.489
vrikshasana,poor,0,3.mp4,43.415,71.43,127.421,108.241,127.421,108.241,139.854,120.1,136.556,81.656,105.495,13.616,143.019,161.298,53.99,53.858,86.511,100.654,124.462,95.141,34.509,136.556,81.656,179.948,124.462,168.63,143.531,97.223,127.421,108.241,136.556,81.656,179.909,170.447,128.316
vrikshasana,poor,0,3.mp4,58.287,88.253,99.814,85.599,99.814,85.599,121.012,109.152,160.512,101.234,102.691,13.717,146.346,160.893,48.122,56.133,86.035,99.466,101.331,117.73,34.26,160.512,101.234,179.944,101.331,158.536,133.912,99.005,99.814,85.599,160.512,101.234,179.909,142.296,148.802
vrikshasana,poor,0,3.mp4,95.135,109.118,75.192,66.859,75.192,66.859,73.088,78.856,163.896,113.194,110.38,12.396,144.573,160.981,50.369,60.964,87.89,95.034,86.505,131.024,34.706,163.896,113.194,179.952,86.505,138.433,135.194,99.667,75.192,66.859,163.896,113.194,179.907,125.153,166.605
vrikshasana,poor,0,3.mp4,92.28,110.481,71.991,60.609,71.991,60.609,86.84,99.83,161.222,114.742,115.807,13.701,147.519,159.213,47.752,66.47,88.77,93.932,85.711,132.335,36.957,161.222,114.742,179.952,85.711,140.413,142.226,98.738,71.991,60.609,161.222,114.742,179.907,126.611,163.756
vrikshasana,poor,0,3.mp4,91.378,109.583,67.259,53.698,67.259,53.698,105.113,125.955,159.129,119.611,114.955,15.859,148.885,158.588,45.505,69.266,88.996,94.029,81.236,136.238,37.669,159.129,119.611,179.956,81.236,139.226,145.26,98.732,67.259,53.698,159.129,119.611,179.914,122.88,161.914
vrikshasana,poor,0,3.mp4,86.354,112.446,73.66,57.86,73.66,57.86,122.778,136.482,163.107,112.071,117.53,15.609,150.17,158.085,41.649,58.28,89.535,93.401,90.184,128.469,38.306,163.107,112.071,179.944,90.184,146.648,145.067,96.245,73.66,57.86,163.107,112.071,179.909,131.986,156.126
vrikshasana,poor,0,3.mp4,83.833,111.273,71.53,54.872,71.53,54.872,112.146,127.413,162.764,114.127,120.284,16.927,148.549,158.94,45.697,56.149,90.939,92.427,88.382,131.62,40.874,162.764,114.127,179.956,88.382,145.281,147.175,95.238,71.53,54.872,162.764,114.127,179.909,132.272,160.191
vrikshasana,poor,0,3.mp4,77.235,104.57,65.482,51.621,65.482,51.621,106.931,122.408,159.878,117.584,119.384,17.464,148.56,160.541,48.216,68.402,92.088,93.764,82.536,137.234,41.861,159.878,117.584,179.944,82.536,142.367,146.25,101.757,65.482,51.621,159.878,117.584,179.914,127.854,163.971
vrikshasana,poor,0,3.mp4,79.368,104.46,60.839,47.817,60.839,47.817,106.095,120.873,158.081,122.438,114.964,17.163,149.894,161.248,46.088,70.31,91.647,94.719,76.831,141.582,40.68,158.081,122.438,179.952,76.831,135.492,144.905,101.473,60.839,47.817,158.081,122.438,179.912,121.386,167.136
vrikshasana,poor,0,3.mp4,81.895,105.873,60.737,48.039,60.737,48.039,107.032,123.192,159.226,122.165,113.942,16.853,149.211,161.819,47.488,72.442,91.282,94.207,77.024,140.7,40.103,159.226,122.165,179.948,77.024,134.673,144.799,100.295,60.737,48.039,159.226,122.165,179.907,121.289,166.618
vrikshasana,poor,0,3.mp4,82.615,107.397,60.48,48.5,60.48,48.5,104.676,121.811,161.171,121.667,111.896,16.672,151.25,162.223,45.344,70.078,91.385,95.195,77.696,140.064,39.201,161.171,121.667,179.948,77.696,136.502,143.645,99.682,60.48,48.5,161.171,121.667,179.912,122.582,164.982
vrikshasana,poor,0,poor.mp4,115.971,114.91,34.923,22.469,34.923,22.469,144.639,142.018,139.77,152.244,174.348,137.393,162.566,161.903,78.844,47.111,112.505,65.172,177.935,146.868,159.944,139.77,152.244,179.948,177.935,135.816,104.515,91.511,34.923,22.469,139.77,152.244,179.909,141.786,128.85
vrikshasana,poor,0,poor.mp4,93.366,152.797,52.505,84.151,52.505,84.151,146.425,140.723,81.745,52.434,23.745,12.694,53.057,114.993,62.72,130.042,121.927,153.641,40.723,70.326,24.962,81.745,52.434,179.941,40.723,85.29,105.468,120.976,52.505,84.151,81.745,52.434,179.907,73.759,88.557
vrikshasana,poor,0,poor.mp4,103.836,148.81,58.192,38.842,58.192,38.842,171.158,142.946,24.68,61.519,79.494,27.789,163.04,156.578,93.644,66.632,91.025,147.696,89.582,29.728,65.133,24.68,61.519,179.897,89.582,38.022,108.351,116.189,58.192,38.842,24.68,61.519,179.869,35.735,42.833
vrikshasana,poor,0,poor.mp4,126.725,89.165,24.607,21.919,24.607,21.919,145.772,147.05,43.889,52.229,6.615,35.509,158.392,141.816,69.159,70.21,85.725,145.83,122.421,42.038,11.047,43.889,52.229,179.883,122.421,84.655,77.12,119.048,24.607,21.919,43.889,52.229,179.867,53.873,102.174
vrikshasana,poor,0,poor.mp4,123.572,103.509,33.359,19.244,33.359,19.244,158.499,159.186,59.19,75.653,129.405,54.605,137.772,146.231,63.061,31.151,69.128,152.52,160.78,61.009,122.682,59.19,75.653,179.84,160.78,67.137,115.307,90.919,33.359,19.244,59.19,75.653,179.831,66.332,71.388
vrikshasana,poor,0,temp_VID20260218162217.mp4,86.025,112.108,7.026,32.439,7.026,32.439,165.933,169.764,159.795,149.509,134.274,121.185,149.891,101.98,65.378,109.221,93.947,88.371,137.608,154.988,127.798,159.795,149.509,179.747,137.608,170.643,82.935,102.967,7.026,32.439,159.795,149.509,179.568,170.366,170.375
vrikshasana,poor,0,temp_VID20260218162217.mp4,93.145,103.832,15.97,21.655,15.97,21.655,166.236,168.402,150.461,137.349,121.098,105.442,159.01,164.442,50.438,48.754,92.8,92.391,136.683,144.44,113.543,150.461,137.349,179.764,136.683,169.264,88.067,100.502,15.97,21.655,150.461,137.349,179.58,168.886,168.8
vrikshasana,poor,0,temp_VID20260218162217.mp4,106.914,86.23,36.932,9.324,36.932,9.324,175.307,168.768,123.46,78.87,95.645,31.353,154.074,156.668,62.208,33.209,90.443,90.504,131.528,88.714,50.163,123.46,78.87,179.789,131.528,159.206,99.567,109.891,36.932,9.324,123.46,78.87,179.561,175.562,133.325
vrikshasana,poor,0,temp_VID20260218162217.mp4,131.497,95.092,40.955,32.169,40.955,32.169,178.18,173.38,164.547,115.66,100.71,29.838,158.893,132.473,60.446,29.197,86.044,96.269,91.25,124.958,48.459,164.547,115.66,179.777,91.25,172.75,125.583,110.916,40.955,32.169,164.547,115.66,179.56,145.259,134.457
vrikshasana,poor,0,temp_VID20260218162217.mp4,131.159,56.691,83.844,40.906,83.844,40.906,171.981,174.432,138.365,84.695,98.277,24.635,160.756,133.323,58.818,30.936,102.357,90.597,116.569,96.532,44.369,138.365,84.695,179.762,116.569,142.029,119.398,124.347,83.844,40.906,138.365,84.695,179.575,169.816,96.758
vrikshasana,poor,0,temp_VID20260218162217.mp4,156.079,116.369,136.69,135.358,136.69,135.358,170.852,175.715,136.377,93.333,101.266,22.912,161.912,137.712,57.883,27.856,89.856,97.814,116.9,100.454,45.719,136.377,93.333,179.804,116.9,150.566,144.942,127.664,136.69,135.358,136.377,93.333,179.562,173.298,106.458
vrikshasana,poor,0,temp_VID20260218162217.mp4,160.163,143.506,140.739,142.544,140.739,142.544,178.28,170.991,137.94,100.976,105.661,21.852,160.364,138.283,62.865,22.752,64.246,107.54,114.599,107.451,48.913,137.94,100.976,179.834,114.599,161.124,141.067,88.258,140.739,142.544,137.94,100.976,179.603,176.581,120.319
vrikshasana,poor,0,temp_VID20260218162217.mp4,133.82,159.382,125.638,126.795,125.638,126.795,162.238,175.061,155.551,119.489,115.835,24.023,158.735,141.724,71.687,20.587,57.366,106.38,100.898,127.194,54.968,155.551,119.489,179.845,100.898,172.079,141.396,67.875,125.638,126.795,155.551,119.489,179.638,168.312,147.693
vrikshasana,poor,0,temp_VID20260218162217.mp4,130.373,161.251,130.747,128.01,130.747,128.01,162.422,174.126,162.493,121.732,119.463,24.333,157.713,143.758,72.206,23.798,51.217,105.226,98.541,131.458,56.556,162.493,121.732,179.845,98.541,167.453,136.092,64.857,130.747,128.01,162.493,121.732,179.676,163.169,154.191
vrikshasana,poor,0,temp_VID20260218162217.mp4,129.792,161.589,138.221,129.226,138.221,129.226,150.526,170.748,164.649,124.467,119.957,24.955,160.483,141.664,66.999,23.647,44.71,104.015,96.188,133.161,57.222,164.649,124.467,179.867,96.188,166.83,130.618,62.583,138.221,129.226,164.649,124.467,179.72,160.665,152.968
vrikshasana,poor,0,temp_VID20260218162217.mp4,133.669,160.974,142.814,128.722,142.814,128.722,149.432,173.955,165.254,121.569,119.589,25.345,163.498,141.45,64.601,23.344,44.512,103.342,95.854,130.758,56.431,165.254,121.569,179.855,95.854,171.399,125.491,60.189,142.814,128.722,165.254,121.569,179.722,159.675,144.786
vrikshasana,poor,0,temp_VID20260218162217.mp4,130.987,158.306,139.489,122.972,139.489,122.972,151.721,176.565,175.054,128.938,121.328,25.106,163.336,140.762,65.453,22.408,45.474,101.481,87.596,139.186,56.753,175.054,128.938,179.856,87.596,164.785,121.189,62.667,139.489,122.972,175.054,128.938,179.72,151.168,151.167
vrikshasana,poor,0,temp_VID20260218162217.mp4,128.298,154.858,138.701,126.689,138.701,126.689,163.26,175.936,173.889,124.645,122.917,24.342,165.317,151.615,63.618,29.547,46.203,99.288,90.087,135.912,56.63,173.889,124.645,179.847,90.087,167.564,123.985,63.71,138.701,126.689,173.889,124.645,179.72,153.301,147.583
vrikshasana,poor,0,temp_VID20260218162217.mp4,107.406,145.269,136.106,138.251,136.106,138.251,170.205,166.839,178.495,114.819,124.497,22.47,165.67,150.096,59.246,25.481,47.024,96.082,94.532,131.916,54.652,178.495,114.819,179.79,94.532,160.354,121.841,76.429,136.106,138.251,178.495,114.819,179.713,147.704,150.815
vrikshasana,poor,0,temp_VID20260218162217.mp4,94.456,122.771,169.597,164.817,169.597,164.817,176.595,141.479,163.306,103.535,122.311,22.383,166.878,148.993,56.506,22.611,47.355,96.867,107.361,119.346,54.268,163.306,103.535,179.806,107.361,168.002,106.29,103.374,169.597,164.817,163.306,103.535,179.711,161.417,150.333
vrikshasana,poor,0,temp_VID20260218162217.mp4,96.8,130.32,166.489,146.852,166.489,146.852,177.492,152.924,162.059,116.274,116.665,23.917,167.7,149.996,58.805,24.598,47.399,103.304,98.856,129.257,55.75,162.059,116.274,179.829,98.856,162.048,93.177,130.776,166.489,146.852,162.059,116.274,179.717,160.673,156.115
vrikshasana,poor,0,temp_VID20260218162217.mp4,98.202,127.529,165.279,146.54,165.279,146.54,174.204,154.966,162.613,118.045,115.67,23.537,167.791,151.278,58.463,25.324,46.743,104.006,97.46,130.427,55.269,162.613,118.045,179.833,97.46,162.108,89.69,132.836,165.279,146.54,162.613,118.045,179.719,159.472,156.614
vrikshasana,poor,0,temp_VID20260218162217.mp4,105.142,117.526,152.859,150.583,152.859,150.583,172.776,153.468,147.817,114.367,109.163,23.99,167.905,152.234,59.697,25.3,44.835,109.879,103.899,123.414,54.197,147.817,114.367,179.855,103.899,168.602,82.416,125.144,152.859,150.583,147.817,114.367,179.734,171.28,156.494
vrikshasana,poor,0,temp_VID20260218162217.mp4,88.32,119.828,169.621,153.981,169.621,153.981,169.418,168.011,152.041,121.742,111.092,25.289,168.04,152.427,62.437,27.508,44.095,110.715,99.193,130.396,56.244,152.041,121.742,179.86,99.193,163.457,97.65,126.261,169.621,153.981,152.041,121.742,179.746,169.171,152.065
vrikshasana,poor,0,temp_VID20260218162217.mp4,78.73,112.335,166.425,159.605,166.425,159.605,165.536,171.502,153.437,123.434,110.717,26.145,168.528,152.779,61.863,28.555,41.945,110.782,99.043,132.502,57.342,153.437,123.434,179.864,99.043,160.668,106.748,118.25,166.425,159.605,153.437,123.434,179.768,167.266,148.66
vrikshasana,poor,0,temp_VID20260218162217.mp4,61.755,100.757,152.655,159.345,152.655,159.345,163.248,151.505,146.901,119.74,112.633,26.088,165.387,152.235,68.13,26.61,41.992,112.126,104.209,127.591,57.587,146.901,119.74,179.869,104.209,167.844,125.496,95.366,152.655,159.345,146.901,119.74,179.768,176.272,152.033
vrikshasana,poor,0,temp_VID20260218162217.mp4,65.898,100.397,156.385,160.375,156.385,160.375,146.638,175.677,148.593,120.462,115.257,26.825,164.647,151.666,70.466,27.233,42.628,111.601,103.632,129.021,59.276,148.593,120.462,179.867,103.632,168.071,121.541,97.079,156.385,160.375,148.593,120.462,179.767,176.36,152.058
vrikshasana,poor,0,temp_VID20260218162217.mp4,66.313,108.888,156.542,161.813,156.542,161.813,150.76,168.138,148.783,122.991,115.124,26.786,164.091,151.321,71.203,26.55,41.431,112.504,101.772,130.538,59.295,148.783,122.991,179.875,101.772,167.56,120.918,110.026,156.542,161.813,148.783,122.991,179.775,176.302,151.591
vrikshasana,poor,0,temp_VID20260218162217.mp4,64.663,105.072,153.548,161.383,153.548,161.383,158.625,163.14,149.733,123.928,114.893,26.027,164.204,152.134,70.714,25.864,40.446,112.523,100.608,131.08,58.321,149.733,123.928,179.88,100.608,167.027,123.213,103.056,153.548,161.383,149.733,123.928,179.78,175.142,152.305
vrikshasana,poor,0,temp_VID20260218162217.mp4,57.316,101.973,145.596,151.497,145.596,151.497,159.506,174.897,145.985,120.442,112.458,24.73,163.709,150.62,69.7,24.79,39.51,113.251,102.686,126.567,56.32,145.985,120.442,179.881,102.686,172.447,132.794,85.624,145.596,151.497,145.985,120.442,179.781,177.323,156.996
vrikshasana,poor,0,temp_VID20260218162217.mp4,59.031,98.038,149.408,160.479,149.408,160.479,159.04,174.743,141.887,111.461,110.906,24.589,163.735,151.864,69.002,26.023,41.219,113.662,108.867,120.28,55.611,141.887,111.461,179.857,108.867,173.738,131.131,91.951,149.408,160.479,141.887,111.461,179.765,179.316,156.245
vrikshasana,poor,0,temp_VID20260218162217.mp4,75.436,122.607,168.697,146.913,168.697,146.913,167.947,169.25,144.067,117.019,109.736,24.414,164.47,152.512,67.207,26.565,40.872,113.92,104.245,124.169,55.049,144.067,117.019,179.869,104.245,171.205,110.339,128.294,168.697,146.913,144.067,117.019,179.768,177.086,156.259
vrikshasana,poor,0,temp_VID20260218162256.mp4,88.479,102.993,8.468,23.48,8.468,23.48,165.978,166.782,145.095,129.505,123.212,110.756,143.462,148.811,71.138,68.169,80.503,91.909,137.475,137.426,116.978,145.095,129.505,179.763,137.475,177.823,80.524,101.356,8.468,23.48,145.095,129.505,179.66,177.304,172.936
vrikshasana,poor,0,temp_VID20260218162256.mp4,81.808,97.054,10.086,23.375,10.086,23.375,166.72,165.83,132.776,121.035,121.938,116.977,140.265,150.979,77.864,72.405,84.398,91.988,145.607,126.884,119.193,132.776,121.035,179.76,145.607,164.311,84.938,99.953,10.086,23.375,132.776,121.035,179.619,169.401,158.403
vrikshasana,poor,0,temp_VID20260218162256.mp4,81.176,91.374,8.05,12.394,8.05,12.394,164.978,165.86,137.05,125.488,120.723,117.995,141.686,160.982,75.015,64.266,84.781,93.734,141.405,131.221,118.703,137.05,125.488,179.755,141.405,168.133,84.298,101.489,8.05,12.394,137.05,125.488,179.588,174.08,160.373
vrikshasana,poor,0,temp_VID20260218162256.mp4,80.293,91.155,10.147,14.915,10.147,14.915,168.824,170.271,142.193,131.542,124.06,120.392,140.44,149.679,76.772,78.212,85.758,92.798,138.341,136.833,121.664,142.193,131.542,179.757,138.341,171.649,85.782,102.93,10.147,14.915,142.193,131.542,179.585,176.401,164.926
vrikshasana,poor,0,temp_VID20260218162256.mp4,157.398,150.98,64.965,46.234,64.965,46.234,177.978,177.961,156.799,157.554,103.768,89.814,139.118,151.358,80.263,66.321,66.66,108.571,97.373,157.723,96.621,156.799,157.554,179.848,97.373,153.135,139.482,53.565,64.965,46.234,156.799,157.554,179.727,157.122,149.114
vrikshasana,poor,0,temp_VID20260218162256.mp4,146.567,102.695,80.086,34.859,80.086,34.859,173.279,173.016,147.932,138.784,102.856,61.612,145.305,165.595,77.952,45.436,53.253,114.135,101.584,142.724,79.279,147.932,138.784,179.864,101.584,154.998,153.788,69.024,80.086,34.859,147.932,138.784,179.759,166.967,142.44
vrikshasana,poor,0,temp_VID20260218162256.mp4,161.984,166.157,105.579,102.749,105.579,102.749,161.403,163.853,138.613,117.2,109.172,53.652,140.679,168.142,95.268,41.776,46.458,117.827,112.769,124.855,75.345,138.613,117.2,179.842,112.769,178.666,147.185,46.121,105.579,102.749,138.613,117.2,179.754,175.525,176.055
vrikshasana,poor,0,temp_VID20260218162256.mp4,135.915,156.382,124.28,127.452,124.28,127.452,158.504,172.135,150.015,134.128,107.547,54.168,150.495,165.763,83.061,40.094,45.477,117.553,98.978,138.855,75.37,150.015,134.128,179.866,98.978,164.5,140.711,64.906,124.28,127.452,150.015,134.128,179.767,168.935,160.666
vrikshasana,poor,0,temp_VID20260218162256.mp4,132.317,154.178,135.965,129.355,135.965,129.355,141.495,164.464,154.612,135.975,106.808,53.763,147.132,164.435,82.674,37.649,46.376,114.92,98.494,141.875,74.864,154.612,135.975,179.863,98.494,157.41,130.06,62.646,135.965,129.355,154.612,135.975,179.766,162.125,153.284
vrikshasana,poor,0,temp_VID20260218162256.mp4,146.112,156.597,139.995,135.232,139.995,135.232,137.191,152.982,160.954,139.106,105.808,55.197,148.857,163.315,80.505,39.467,48.522,114.743,93.056,147.344,75.769,160.954,139.106,179.843,93.056,149.285,120.598,65.938,139.995,135.232,160.954,139.106,179.764,154.057,144.467
vrikshasana,poor,0,temp_VID20260218162256.mp4,151.489,158.324,137.615,133.416,137.615,133.416,144.238,157.512,160.553,141.897,104.687,57.818,154.138,162.325,76.24,40.004,50.215,116.144,91.056,149.378,77.412,160.553,141.897,179.838,91.056,148.355,120.734,64.283,137.615,133.416,160.553,141.897,179.759,154.202,142.335
vrikshasana,poor,0,temp_VID20260218162256.mp4,159.74,146.77,144.17,146.064,144.17,146.064,152.901,161.385,155.451,136.095,102.451,57.158,158.03,162.644,70.146,37.365,51.061,115.353,95.769,143.72,76.084,155.451,136.095,179.834,95.769,150.915,119.13,70.514,144.17,146.064,155.451,136.095,179.757,156.313,145.347
vrikshasana,poor,0,temp_VID20260218162256.mp4,159.421,151.419,143.985,143.517,143.985,143.517,148.884,158.466,151.962,136.835,102.474,58.646,155.877,161.538,73.755,38.148,52.744,116.347,97.387,142.931,77.179,151.962,136.835,179.839,97.387,152.601,120.69,68.63,143.985,143.517,151.962,136.835,179.754,160.761,144.12
vrikshasana,poor,0,temp_VID20260218162256.mp4,155.249,159.462,150.975,150.695,150.975,150.695,150.275,149.75,140.507,128.518,96.66,57.704,150.712,162.332,76.936,37.198,53.208,118.849,105.777,133.388,74.435,140.507,128.518,179.837,105.777,159.435,121.307,67.866,150.975,150.695,140.507,128.518,179.752,168.332,150.088
vrikshasana,poor,0,temp_VID20260218162256.mp4,146.648,157.566,153.018,145.608,153.018,145.608,131.25,154.717,138.029,131.775,95.858,55.354,155.165,157.9,74.358,40.133,52.161,120.917,103.271,133.807,72.315,138.029,131.775,179.859,103.271,158.896,120.669,66.136,153.018,145.608,138.029,131.775,179.753,172.111,145.168
vrikshasana,poor,0,temp_VID20260218162256.mp4,154.551,156.954,152.823,145.585,152.823,145.585,134.236,157.19,140.438,136.088,100.73,61.782,152.01,159.719,79.793,38.395,55.541,119.309,101.619,137.744,78.629,140.438,136.088,179.855,101.619,159.864,120.582,65.256,152.823,145.585,140.438,136.088,179.751,173.491,145.684
vrikshasana,poor,0,temp_VID20260218162256.mp4,151.289,150.491,152.103,147.608,152.103,147.608,127.604,156.371,141.112,143.34,99.025,62.154,156.61,160.815,74.643,37.376,53.887,120.934,97.253,142.048,78.203,141.112,143.34,179.881,97.253,154.563,120.964,71.927,152.103,147.608,141.112,143.34,179.775,171.548,137.237
vrikshasana,poor,0,temp_VID20260218162256.mp4,148.998,156.433,156.622,147.265,156.622,147.265,129.52,159.275,135.966,133.939,99.538,59.32,153.326,160.355,77.504,38.209,51.763,120.484,104.535,134.019,76.533,135.966,133.939,179.88,104.535,161.852,121.683,65.513,156.622,147.265,135.966,133.939,179.772,176.672,146.289
vrikshasana,poor,0,temp_VID20260218162256.mp4,146.139,162.134,142.482,134.223,142.482,134.223,133.567,161.132,133.002,130.471,95.358,53.674,151.971,161.852,85.597,42.543,45.2,129.602,98.504,130.696,71.057,133.002,130.471,179.867,98.504,173.913,126.089,59.248,142.482,134.223,133.002,130.471,179.771,175.809,163.225
vrikshasana,poor,0,temp_VID20260218162256.mp4,146.682,161.581,142.243,133.992,142.243,133.992,134.279,163.919,131.141,130.294,92.019,54.001,153.499,161.134,82.862,41.823,45.722,131.004,98.641,130.043,70.113,131.141,130.294,179.864,98.641,173.868,125.998,58.795,142.243,133.992,131.141,130.294,179.767,175.256,162.413
vrikshasana,poor,0,temp_VID20260218162256.mp4,146.448,161.72,140.888,133.479,140.888,133.479,135.109,163.425,126.262,128.291,88.397,51.445,152.61,161.092,86.091,42.908,43.313,135.378,97.047,126.785,66.991,126.262,128.291,179.864,97.047,177.765,126.237,59.54,140.888,133.479,126.262,128.291,179.768,167.729,170.751
vrikshasana,poor,0,temp_VID20260218162256.mp4,147.508,160.53,141.169,135.728,141.169,135.728,135.848,162.725,124.672,127.319,82.778,50.445,154.76,162.292,79.622,41.968,43.487,136.119,97.008,125.623,64.314,124.672,127.319,179.86,97.008,178.945,126.114,60.913,141.169,135.728,124.672,127.319,179.764,169.943,169.323
vrikshasana,poor,0,temp_VID20260218162256.mp4,144.912,159.34,141.674,135.668,141.674,135.668,136.077,164.877,127.199,129.136,84.992,51.24,155.545,162.671,77.763,41.968,44.298,133.798,96.93,127.602,65.686,127.199,129.136,179.867,96.93,174.876,126.89,61.015,141.674,135.668,127.199,129.136,179.767,174.603,163.919
vrikshasana,poor,0,temp_VID20260218162256.mp4,145.518,161.122,142.686,134.984,142.686,134.984,135.389,163.686,128.59,129.378,87.087,52.092,154.59,162.859,78.973,41.154,46.156,132.0,97.892,128.45,66.944,128.59,129.378,179.862,97.892,172.201,125.934,59.783,142.686,134.984,128.59,129.378,179.761,175.932,159.634
vrikshasana,poor,0,temp_VID20260218162256.mp4,147.026,161.42,144.21,137.348,144.21,137.348,135.308,162.346,126.82,126.536,85.261,51.956,155.399,162.925,77.454,41.14,47.052,131.918,99.615,126.158,66.245,126.82,126.536,179.851,99.615,174.686,124.382,60.58,144.21,137.348,126.82,126.536,179.752,175.025,163.748
vrikshasana,poor,0,temp_VID20260218162256.mp4,147.761,162.652,144.105,134.375,144.105,134.375,133.389,161.483,127.503,127.979,87.649,52.255,153.381,162.584,81.016,41.571,47.184,131.496,98.967,127.178,67.259,127.503,127.979,179.857,98.967,174.721,124.765,58.92,144.105,134.375,127.503,127.979,179.752,173.905,162.631
vrikshasana,poor,0,temp_VID20260218162256.mp4,152.245,163.803,143.576,131.215,143.576,131.215,140.286,165.482,127.739,127.83,90.108,53.762,150.829,161.78,85.677,42.29,47.934,130.892,99.367,127.22,69.261,127.739,127.83,179.853,99.367,177.273,124.879,56.302,143.576,131.215,127.739,127.83,179.745,172.116,166.056
vrikshasana,poor,0,temp_VID20260218162256.mp4,151.169,164.76,139.712,128.528,139.712,128.528,142.632,165.991,126.765,127.64,90.18,53.598,151.38,161.328,88.772,43.623,46.938,133.0,97.84,126.775,69.188,126.765,127.64,179.851,97.84,176.883,125.552,55.905,139.712,128.528,126.765,127.64,179.744,167.531,172.78
vrikshasana,poor,0,temp_VID20260218162256.mp4,151.719,162.806,145.282,132.167,145.282,132.167,139.226,165.095,125.226,127.086,90.659,54.283,149.951,162.293,88.384,42.396,47.304,131.798,99.823,125.572,69.884,125.226,127.086,179.859,99.823,177.301,124.532,57.041,145.282,132.167,125.226,127.086,179.746,167.607,172.096
vrikshasana,poor,0,temp_VID20260218162332.mp4,100.093,123.65,34.483,57.97,34.483,57.97,169.562,166.711,154.624,140.17,146.523,134.315,140.224,145.226,78.372,72.167,94.342,86.009,150.568,147.792,140.735,154.624,140.17,179.751,150.568,172.961,97.187,92.798,34.483,57.97,154.624,140.17,179.596,175.587,169.661
vrikshasana,poor,0,temp_VID20260218162332.mp4,92.3,110.672,24.157,45.207,24.157,45.207,166.349,168.856,143.204,126.37,139.536,124.919,136.918,148.265,82.726,69.906,92.743,90.814,151.965,134.981,132.287,143.204,126.37,179.752,151.965,164.948,94.687,93.074,24.157,45.207,143.204,126.37,179.567,168.495,160.628
vrikshasana,poor,0,temp_VID20260218162332.mp4,100.682,119.476,25.367,41.579,25.367,41.579,167.925,169.408,153.382,137.512,136.586,125.092,140.73,147.448,73.561,71.972,92.55,90.598,142.956,145.719,130.596,153.382,137.512,179.759,142.956,176.725,88.511,92.329,25.367,41.579,153.382,137.512,179.568,176.789,170.316
vrikshasana,poor,0,temp_VID20260218162332.mp4,91.142,107.279,16.542,29.401,16.542,29.401,168.248,168.806,143.149,133.308,128.514,123.231,139.678,158.995,75.999,58.899,91.529,89.91,142.977,138.381,125.592,143.149,133.308,179.757,142.977,171.976,86.006,95.33,16.542,29.401,143.149,133.308,179.566,175.26,166.826
vrikshasana,poor,0,temp_VID20260218162332.mp4,93.729,103.847,26.347,23.825,26.347,23.825,173.944,170.451,134.475,140.114,121.189,124.004,140.075,120.019,79.437,102.419,92.133,90.684,139.7,137.393,122.53,134.475,140.114,179.772,139.7,171.906,89.255,94.732,26.347,23.825,134.475,140.114,179.57,170.491,172.183
vrikshasana,poor,0,temp_VID20260218162332.mp4,143.736,139.227,45.797,21.367,45.797,21.367,176.667,178.71,162.216,142.316,109.539,68.472,138.623,158.122,83.239,56.09,63.809,103.556,92.747,149.292,84.775,162.216,142.316,179.844,92.747,157.284,130.919,59.446,45.797,21.367,162.216,142.316,179.65,155.446,159.59
vrikshasana,poor,0,temp_VID20260218162332.mp4,153.363,152.534,69.096,54.971,69.096,54.971,164.18,167.622,160.063,122.62,103.422,36.73,156.435,151.348,61.708,21.712,50.543,113.808,96.482,133.068,58.969,160.063,122.62,179.828,96.482,153.71,138.355,50.027,69.096,54.971,160.063,122.62,179.683,151.694,157.696
vrikshasana,poor,0,temp_VID20260218162332.mp4,150.845,157.177,88.293,81.561,88.293,81.561,157.509,166.605,149.712,119.323,103.949,37.815,147.616,153.951,76.286,26.865,37.8,120.662,106.015,131.154,62.561,149.712,119.323,179.851,106.015,155.747,150.47,38.168,88.293,81.561,149.712,119.323,179.796,167.022,141.347
vrikshasana,poor,0,temp_VID20260218162332.mp4,159.794,167.297,103.006,101.463,103.006,101.463,160.752,166.928,139.926,107.016,104.822,33.111,142.376,134.748,86.914,34.135,37.815,123.666,113.24,118.891,57.21,139.926,107.016,179.831,113.24,168.208,144.57,42.846,103.006,101.463,139.926,107.016,179.774,174.815,153.346
vrikshasana,poor,0,temp_VID20260218162332.mp4,91.013,158.028,114.104,105.994,114.104,105.994,156.773,169.429,146.321,120.691,107.705,37.987,147.851,150.386,78.687,23.535,38.661,118.778,108.024,129.524,63.605,146.321,120.691,179.876,108.024,158.549,151.58,42.186,114.104,105.994,146.321,120.691,179.793,172.244,141.638
vrikshasana,poor,0,temp_VID20260218162332.mp4,88.473,131.133,113.135,124.091,113.135,124.091,173.158,173.515,165.685,136.233,106.185,38.597,114.767,151.442,111.329,25.411,39.973,118.997,90.159,147.411,63.819,165.685,136.233,179.857,90.159,140.511,137.877,72.617,113.135,124.091,165.685,136.233,179.78,151.262,128.235
vrikshasana,poor,0,temp_VID20260218162332.mp4,155.001,79.761,116.06,105.045,116.06,105.045,166.125,66.473,154.016,123.547,106.226,39.211,143.986,150.735,82.132,24.032,41.757,120.013,102.389,135.108,64.427,154.016,123.547,179.844,102.389,153.777,141.889,46.158,116.06,105.045,154.016,123.547,179.773,163.799,141.783
vrikshasana,poor,0,temp_VID20260218162332.mp4,114.838,128.84,107.584,124.488,107.584,124.488,166.708,159.447,166.006,134.286,105.596,39.798,147.208,150.818,77.456,25.988,43.266,119.041,91.949,147.2,64.996,166.006,134.286,179.838,91.949,140.997,139.212,70.39,107.584,124.488,166.006,134.286,179.768,151.027,129.274
vrikshasana,poor,0,temp_VID20260218162332.mp4,108.024,137.873,110.762,119.11,110.762,119.11,171.104,174.075,165.076,134.618,105.726,39.929,152.904,151.924,72.889,27.332,44.356,119.177,92.266,147.108,65.237,165.076,134.618,179.838,92.266,141.432,137.759,65.503,110.762,119.11,165.076,134.618,179.764,152.536,128.494
vrikshasana,poor,0,temp_VID20260218162332.mp4,106.142,127.641,105.809,133.492,105.809,133.492,169.998,175.722,173.476,139.408,107.05,39.69,159.069,153.044,65.728,29.812,45.253,116.516,87.143,154.052,65.521,173.476,139.408,179.828,87.143,132.007,134.92,82.476,105.809,133.492,173.476,139.408,179.764,142.346,119.987
vrikshasana,poor,0,temp_VID20260218162332.mp4,99.621,128.745,112.938,144.109,112.938,144.109,175.715,171.944,171.825,137.008,107.245,40.169,158.874,150.356,65.925,27.132,45.766,116.435,88.754,151.746,66.089,171.825,137.008,179.828,88.754,135.412,131.555,89.221,112.938,144.109,171.825,137.008,179.761,145.018,124.126
vrikshasana,poor,0,temp_VID20260218162332.mp4,122.232,140.431,109.733,120.18,109.733,120.18,164.393,176.148,166.538,134.098,104.692,39.033,157.705,152.09,67.33,25.125,45.287,118.563,91.812,147.146,64.177,166.538,134.098,179.836,91.812,139.752,136.96,66.489,109.733,120.18,166.538,134.098,179.759,149.802,128.054
vrikshasana,poor,0,temp_VID20260218162332.mp4,119.305,135.451,109.411,127.455,109.411,127.455,167.744,172.112,166.037,134.469,103.814,39.337,158.834,151.224,65.392,25.917,46.075,118.417,92.017,147.3,64.318,166.037,134.469,179.84,92.017,138.752,138.12,72.176,109.411,127.455,166.037,134.469,179.759,149.355,126.538
vrikshasana,poor,0,temp_VID20260218162332.mp4,94.455,135.145,116.056,152.559,116.056,152.559,174.584,172.094,169.665,141.119,107.176,42.656,156.091,149.022,71.028,25.908,47.948,117.974,88.057,154.013,68.569,169.665,141.119,179.843,88.057,135.815,132.406,97.298,116.056,152.559,169.665,141.119,179.763,148.543,121.285
vrikshasana,poor,0,temp_VID20260218162332.mp4,119.613,138.993,113.872,139.497,113.872,139.497,175.735,169.29,166.988,138.185,105.159,41.096,157.104,149.106,67.961,25.377,47.756,117.815,89.521,150.552,66.635,166.988,138.185,179.848,89.521,137.377,135.855,83.519,113.872,139.497,166.988,138.185,179.757,149.586,123.483
vrikshasana,poor,0,temp_VID20260218162332.mp4,110.168,139.93,117.645,134.669,117.645,134.669,174.233,164.626,166.679,136.709,105.91,41.833,156.542,149.84,68.721,26.36,48.55,117.311,91.5,149.858,67.603,166.679,136.709,179.84,91.5,138.363,132.981,77.892,117.645,134.669,166.679,136.709,179.757,150.335,124.577
vrikshasana,poor,0,temp_VID20260218162332.mp4,100.966,132.051,118.597,157.767,118.597,157.767,172.947,160.958,171.738,140.052,107.83,44.462,157.66,150.26,67.985,27.707,50.85,115.819,89.221,155.193,70.646,171.738,140.052,179.826,89.221,133.748,127.852,99.729,118.597,157.767,171.738,140.052,179.754,145.346,120.355
vrikshasana,poor,0,temp_VID20260218162411.mp4,96.96,108.914,9.801,20.48,9.801,20.48,165.344,171.113,174.259,165.334,131.851,122.776,157.516,162.641,48.935,45.914,94.015,83.99,127.962,170.727,127.478,174.259,165.334,179.743,127.962,152.607,90.372,100.506,9.801,20.48,174.259,165.334,179.584,150.961,154.272
vrikshasana,poor,0,temp_VID20260218162411.mp4,97.836,105.943,18.067,19.218,18.067,19.218,169.854,167.808,170.541,158.047,138.823,123.24,149.206,159.89,56.525,50.399,91.144,85.842,135.329,164.828,131.213,170.541,158.047,179.76,135.329,162.32,90.107,100.952,18.067,19.218,170.541,158.047,179.585,161.026,163.577
vrikshasana,poor,0,temp_VID20260218162411.mp4,105.46,112.66,22.102,25.696,22.102,25.696,170.437,168.571,173.164,158.298,137.833,122.133,150.093,160.367,55.409,50.409,88.501,91.023,132.809,166.518,130.113,173.164,158.298,179.748,132.809,159.886,93.33,99.434,22.102,25.696,173.164,158.298,179.582,157.121,162.935
vrikshasana,poor,0,temp_VID20260218162411.mp4,97.458,94.97,21.924,10.826,21.924,10.826,168.017,166.051,155.668,171.966,126.853,133.736,153.85,159.291,49.977,49.554,87.61,92.398,137.257,163.604,130.221,155.668,171.966,179.819,137.257,162.368,80.386,115.22,21.924,10.826,155.668,171.966,179.579,166.428,156.87
vrikshasana,poor,0,temp_VID20260218162411.mp4,158.238,129.06,93.216,52.033,93.216,52.033,179.187,175.776,164.869,171.89,128.823,138.197,155.216,159.31,48.299,46.924,102.085,80.86,131.126,175.868,133.543,164.869,171.89,179.847,131.126,152.39,143.055,84.637,93.216,52.033,164.869,171.89,179.636,158.506,144.849
vrikshasana,poor,0,temp_VID20260218162411.mp4,160.111,139.67,97.321,73.92,97.321,73.92,175.919,178.474,168.193,173.256,122.122,125.885,157.398,161.063,46.47,44.261,86.421,92.889,119.427,176.667,124.024,168.193,173.256,179.783,119.427,144.505,126.756,86.536,97.321,73.92,168.193,173.256,179.605,150.668,137.608
vrikshasana,poor,0,temp_VID20260218162411.mp4,170.486,162.422,87.706,83.682,87.706,83.682,171.607,167.281,133.084,156.497,61.567,81.586,154.734,160.511,55.417,53.217,112.198,68.293,91.389,143.981,70.249,133.084,156.497,179.756,91.389,153.353,108.029,101.016,87.706,83.682,133.084,156.497,179.626,163.539,143.74
vrikshasana,poor,0,temp_VID20260218162411.mp4,159.71,166.816,130.823,103.265,130.823,103.265,172.357,170.66,112.057,143.831,43.671,73.355,157.008,163.152,35.478,51.723,129.607,52.014,95.904,126.582,56.07,112.057,143.831,179.729,95.904,165.21,120.113,93.757,130.823,103.265,112.057,143.831,179.695,174.618,156.423
vrikshasana,poor,0,temp_VID20260218162411.mp4,165.979,163.269,168.607,152.998,168.607,152.998,173.862,175.188,71.613,95.041,37.126,68.366,145.414,165.538,28.697,50.243,135.115,50.238,136.385,81.815,50.226,71.613,95.041,179.738,136.385,148.034,83.289,120.685,168.607,152.998,71.613,95.041,179.713,143.975,151.628
vrikshasana,poor,0,temp_VID20260218162411.mp4,163.882,158.193,176.17,155.851,176.17,155.851,163.692,167.069,72.09,98.615,33.07,62.986,144.414,171.463,27.249,41.853,141.15,42.527,130.581,84.144,46.142,72.09,98.615,179.734,130.581,157.579,78.458,120.351,176.17,155.851,72.09,98.615,179.762,152.57,162.178
vrikshasana,poor,0,temp_VID20260218162411.mp4,156.686,159.142,178.225,160.804,178.225,160.804,140.012,166.102,74.336,105.051,32.876,60.957,144.732,173.872,27.055,39.419,139.304,44.504,123.781,88.285,45.097,74.336,105.051,179.693,123.781,160.612,87.528,100.015,178.225,160.804,74.336,105.051,179.749,149.998,170.0
vrikshasana,poor,0,temp_VID20260218162411.mp4,160.622,161.42,161.802,161.359,161.802,161.359,145.724,149.822,78.019,101.396,33.049,52.501,145.656,174.13,27.69,40.389,143.882,41.381,118.4,89.399,42.16,78.019,101.396,179.705,118.4,151.239,89.092,100.588,161.802,161.359,78.019,101.396,179.763,143.025,158.781
vrikshasana,poor,0,temp_VID20260218162411.mp4,158.434,163.65,167.416,160.232,167.416,160.232,147.443,149.777,77.537,102.377,31.475,53.128,151.253,173.432,29.356,41.115,142.603,42.401,118.52,89.367,41.338,77.537,102.377,179.703,118.52,154.5,89.753,97.614,167.416,160.232,77.537,102.377,179.758,145.285,162.767
vrikshasana,poor,0,temp_VID20260218162411.mp4,154.318,160.977,173.584,155.543,173.584,155.543,152.099,147.728,82.643,105.388,33.066,52.713,151.208,173.689,30.834,42.109,142.688,43.154,114.604,93.794,42.328,82.643,105.388,179.707,114.604,157.021,91.079,99.584,173.584,155.543,82.643,105.388,179.754,149.973,163.541
vrikshasana,poor,0,temp_VID20260218162411.mp4,148.578,159.935,174.442,140.165,174.442,140.165,152.112,150.954,87.282,111.412,33.773,54.066,148.525,173.069,32.181,43.947,141.127,45.11,109.822,99.051,43.209,87.282,111.412,179.696,109.822,157.914,95.256,98.797,174.442,140.165,87.282,111.412,179.741,146.935,167.429
vrikshasana,poor,0,temp_VID20260218162411.mp4,146.489,159.768,167.529,129.513,167.529,129.513,150.328,158.877,94.838,122.921,33.684,58.464,148.937,172.624,33.568,45.573,139.851,46.264,101.606,108.136,44.627,94.838,122.921,179.687,101.606,165.962,98.406,96.139,167.529,129.513,94.838,122.921,179.733,150.652,176.569
vrikshasana,poor,0,temp_VID20260218162411.mp4,145.349,159.059,164.034,130.427,164.034,130.427,156.415,157.592,98.184,126.805,32.901,64.905,152.575,168.671,33.573,50.312,138.165,47.436,101.611,110.999,46.231,98.184,126.805,179.701,101.611,172.458,95.586,102.687,164.034,130.427,98.184,126.805,179.729,161.477,174.146
vrikshasana,poor,0,temp_VID20260218162411.mp4,146.062,158.767,159.49,124.478,159.49,124.478,159.756,159.654,103.838,129.366,33.042,63.172,151.814,169.302,31.972,47.645,138.009,47.905,97.561,114.954,45.511,103.838,129.366,179.721,97.561,174.16,92.33,109.559,159.49,124.478,103.838,129.366,179.727,162.76,169.62
vrikshasana,poor,0,temp_VID20260218162411.mp4,150.38,158.01,163.375,127.944,163.375,127.944,158.056,154.586,97.963,118.926,32.965,51.869,152.813,173.301,31.377,41.36,139.532,48.126,102.031,108.265,41.711,97.963,118.926,179.705,102.031,170.065,94.803,101.437,163.375,127.944,97.963,118.926,179.727,161.555,175.693
vrikshasana,poor,0,temp_VID20260218162411.mp4,153.59,159.385,156.712,125.365,156.712,125.365,160.187,159.961,101.64,121.721,33.776,52.612,152.717,173.834,32.022,41.986,139.178,48.648,99.578,111.624,42.566,101.64,121.721,179.707,99.578,172.768,93.193,102.04,156.712,125.365,101.64,121.721,179.727,166.658,176.004
vrikshasana,poor,0,temp_VID20260218162411.mp4,152.596,158.353,156.672,126.273,156.672,126.273,161.115,159.792,102.226,124.888,32.495,56.445,154.315,172.713,31.331,43.089,138.305,48.664,99.232,112.711,42.889,102.226,124.888,179.717,99.232,174.731,91.879,105.146,156.672,126.273,102.226,124.888,179.725,166.308,172.258
vrikshasana,poor,0,temp_VID20260218162411.mp4,154.382,156.706,155.029,132.218,155.029,132.218,161.029,158.986,101.612,118.727,31.971,54.436,156.859,174.409,31.828,41.678,139.944,46.975,102.746,109.628,41.977,101.612,118.727,179.75,102.746,174.443,84.279,114.157,155.029,132.218,101.612,118.727,179.736,170.661,176.175
vrikshasana,poor,0,temp_VID20260218162411.mp4,155.436,158.268,155.598,133.4,155.598,133.4,162.692,159.889,98.334,116.333,32.472,55.147,155.927,174.703,31.385,42.085,139.722,47.07,106.017,106.699,42.531,98.334,116.333,179.748,106.017,172.111,83.211,114.201,155.598,133.4,98.334,116.333,179.735,166.545,175.857
vrikshasana,poor,0,temp_VID20260218162500.mp4,97.071,110.077,21.834,33.19,21.834,33.19,162.853,166.327,166.251,175.002,146.542,148.601,152.549,157.055,51.297,45.833,106.37,74.154,145.333,171.408,147.628,166.251,175.002,179.824,145.333,166.286,76.836,99.033,21.834,33.19,166.251,175.002,179.644,170.187,161.55
vrikshasana,poor,0,temp_VID20260218162500.mp4,94.756,114.186,20.311,44.246,20.311,44.246,167.116,166.505,176.298,141.411,159.461,122.501,150.128,159.515,54.433,46.012,94.102,75.594,149.211,165.347,144.454,176.298,141.411,179.77,149.211,170.783,101.448,93.818,20.311,44.246,176.298,141.411,179.637,164.67,176.325
vrikshasana,poor,0,temp_VID20260218162500.mp4,94.253,112.812,22.564,41.807,22.564,41.807,164.49,167.407,168.42,139.159,147.458,122.813,149.599,151.674,55.588,58.362,91.918,86.714,149.382,155.589,136.208,168.42,139.159,179.77,149.382,174.566,97.62,94.321,22.564,41.807,168.42,139.159,179.615,168.454,176.656
vrikshasana,poor,0,temp_VID20260218162500.mp4,117.107,113.633,30.21,40.733,30.21,40.733,154.691,168.16,163.573,136.138,137.618,115.794,152.355,153.314,50.862,56.653,91.808,89.311,146.231,151.142,127.275,163.573,136.138,179.774,146.231,172.407,101.969,94.778,30.21,40.733,163.573,136.138,179.612,165.682,177.888
vrikshasana,poor,0,temp_VID20260218162500.mp4,97.148,114.008,29.802,41.502,29.802,41.502,170.998,169.887,157.059,141.239,134.541,122.702,149.061,151.815,56.836,61.481,92.888,89.088,147.064,149.687,128.425,157.059,141.239,179.782,147.064,175.13,97.811,97.33,29.802,41.502,157.059,141.239,179.617,169.528,177.61
vrikshasana,poor,0,temp_VID20260218162500.mp4,86.807,114.546,29.168,46.593,29.168,46.593,176.509,173.944,145.928,146.413,125.343,125.651,78.825,147.939,127.471,66.136,94.57,90.468,146.779,146.599,125.231,145.928,146.413,179.786,146.779,175.928,95.157,95.546,29.168,46.593,145.928,146.413,179.603,172.281,176.985
vrikshasana,poor,0,temp_VID20260218162500.mp4,121.153,126.363,54.995,56.763,54.995,56.763,176.654,177.57,90.773,114.078,52.912,79.805,151.192,153.959,50.505,54.682,103.095,82.402,132.693,100.879,64.295,90.773,114.078,179.778,132.693,177.106,95.363,101.539,54.995,56.763,90.773,114.078,179.624,173.906,176.013
vrikshasana,poor,0,temp_VID20260218162500.mp4,114.763,136.084,47.741,68.755,47.741,68.755,176.462,174.689,75.357,116.995,28.084,86.396,153.279,160.859,24.622,51.682,115.863,65.965,132.346,88.215,47.516,75.357,116.995,179.793,132.346,164.089,90.79,109.586,47.741,68.755,75.357,116.995,179.659,144.934,173.4
vrikshasana,poor,0,temp_VID20260218162500.mp4,108.695,134.143,20.675,47.305,20.675,47.305,177.581,177.193,101.926,157.634,20.305,109.374,143.615,167.776,17.655,46.918,108.645,69.99,109.368,116.667,47.381,101.926,157.634,179.789,109.368,167.232,91.149,111.45,20.675,47.305,101.926,157.634,179.653,142.384,156.0
vrikshasana,poor,0,temp_VID20260218162500.mp4,112.231,136.816,27.43,54.079,27.43,54.079,166.039,157.921,99.776,153.172,21.51,110.284,150.623,164.755,16.874,53.691,107.755,70.646,110.972,113.99,48.714,99.776,153.172,179.781,110.972,168.895,83.948,115.322,27.43,54.079,99.776,153.172,179.653,145.831,160.575
vrikshasana,poor,0,temp_VID20260218162500.mp4,130.018,143.08,35.558,45.634,35.558,45.634,165.969,132.702,112.168,170.453,20.722,106.524,156.65,169.909,17.896,44.854,104.587,77.794,95.311,129.449,45.834,112.168,170.453,179.775,95.311,152.914,88.769,99.837,35.558,45.634,112.168,170.453,179.64,152.649,133.972
vrikshasana,poor,0,temp_VID20260218162500.mp4,146.67,139.684,45.582,41.169,45.582,41.169,155.693,151.347,123.081,170.998,24.83,105.021,153.652,170.781,19.401,43.66,103.464,82.712,86.125,140.122,48.962,123.081,170.998,179.775,86.125,143.355,91.492,100.99,45.582,41.169,123.081,170.998,179.631,162.467,126.687
vrikshasana,poor,0,temp_VID20260218162500.mp4,160.5,147.905,78.207,68.059,78.207,68.059,153.924,151.934,110.083,164.2,24.861,105.369,152.192,169.025,18.897,50.831,103.654,85.22,101.763,126.053,49.179,110.083,164.2,179.768,101.763,157.506,96.881,94.625,78.207,68.059,110.083,164.2,179.623,162.486,146.659
vrikshasana,poor,0,temp_VID20260218162500.mp4,160.622,154.189,93.947,85.945,93.947,85.945,161.174,90.195,107.455,151.891,27.553,102.394,150.876,167.301,19.494,57.345,104.963,85.621,109.786,122.176,52.255,107.455,151.891,179.758,109.786,164.072,100.571,90.104,93.947,85.945,107.455,151.891,179.625,162.236,160.585
vrikshasana,poor,0,temp_VID20260218162500.mp4,167.409,164.737,121.266,127.203,121.266,127.203,162.497,153.109,85.618,121.08,26.064,93.538,150.914,167.425,18.913,51.546,108.555,78.227,132.947,94.943,48.076,85.618,121.08,179.768,132.947,163.289,72.987,111.837,121.266,127.203,85.618,121.08,179.635,144.791,171.677
vrikshasana,poor,0,temp_VID20260218162500.mp4,169.112,164.199,154.029,152.254,154.029,152.254,164.188,179.673,72.854,108.133,26.0,86.879,153.436,169.375,19.96,46.708,110.929,72.847,139.967,84.117,46.881,72.854,108.133,179.755,139.967,161.571,78.668,106.773,154.029,152.254,72.854,108.133,179.641,153.996,164.92
vrikshasana,poor,0,temp_VID20260218162500.mp4,146.573,89.198,152.243,135.115,152.243,135.115,154.307,98.288,74.898,121.969,25.763,85.061,152.333,166.653,19.012,49.194,117.871,57.603,129.797,91.908,46.323,74.898,121.969,179.738,129.797,170.818,94.936,80.572,152.243,135.115,74.898,121.969,179.691,157.911,175.712
vrikshasana,poor,0,temp_VID20260218162500.mp4,159.071,157.604,162.485,126.703,162.485,126.703,150.241,156.25,112.358,146.733,26.659,88.072,145.234,169.441,17.94,49.313,120.065,52.683,97.888,121.317,46.935,112.358,146.733,179.793,97.888,171.801,86.264,117.13,162.485,126.703,112.358,146.733,179.709,148.823,157.29
vrikshasana,poor,0,temp_VID20260218162500.mp4,155.267,153.511,177.664,136.617,177.664,136.617,130.404,140.189,114.802,151.528,26.728,88.282,144.936,170.018,16.056,49.137,122.019,48.533,94.251,125.887,47.596,114.802,151.528,179.784,94.251,164.7,96.918,106.764,177.664,136.617,114.802,151.528,179.73,161.977,153.013
vrikshasana,poor,0,temp_VID20260218162500.mp4,156.626,153.489,153.612,118.835,153.612,118.835,146.707,154.022,121.814,156.063,27.52,87.571,138.573,169.498,21.406,50.49,122.96,47.931,89.334,132.555,48.432,121.814,156.063,179.789,89.334,159.238,88.045,113.348,153.612,118.835,121.814,156.063,179.735,164.934,149.108
vrikshasana,poor,0,temp_VID20260218162500.mp4,159.437,162.385,145.56,106.055,145.56,106.055,139.285,159.734,129.254,168.301,27.299,88.931,144.797,169.424,19.751,50.763,121.877,49.007,80.938,142.268,48.559,129.254,168.301,179.759,80.938,148.228,91.495,105.627,145.56,106.055,129.254,168.301,179.73,161.497,137.108
vrikshasana,poor,0,temp_VID20260218162500.mp4,161.684,162.426,140.914,105.424,140.914,105.424,155.23,158.34,117.721,162.062,26.868,87.805,148.517,169.561,19.125,50.041,121.654,49.803,87.761,133.269,47.773,117.721,162.062,179.738,87.761,156.606,91.357,95.841,140.914,105.424,117.721,162.062,179.726,164.433,142.356
vrikshasana,poor,0,temp_VID20260218162500.mp4,161.88,158.208,141.679,106.138,141.679,106.138,154.534,153.93,112.578,158.203,26.599,88.154,147.541,168.881,17.533,50.808,121.402,49.905,91.494,127.696,47.006,112.578,158.203,179.736,91.494,166.821,89.965,97.908,141.679,106.138,112.578,158.203,179.724,152.916,146.68
vrikshasana,poor,0,temp_VID20260218162500.mp4,155.769,162.437,157.007,122.95,157.007,122.95,155.634,160.231,105.792,142.615,25.953,86.625,148.545,169.084,17.711,50.145,122.088,49.615,102.748,116.594,46.082,105.792,142.615,179.778,102.748,172.086,82.824,115.907,157.007,122.95,105.792,142.615,179.726,149.299,161.099
vrikshasana,poor,0,temp_VID20260218162500.mp4,155.278,163.832,159.573,128.422,159.573,128.422,154.735,162.172,103.826,138.388,26.676,87.127,145.798,169.357,17.768,50.574,122.782,47.736,105.8,113.182,46.684,103.826,138.388,179.798,105.8,170.485,80.947,120.78,159.573,128.422,103.826,138.388,179.735,141.84,165.571
vrikshasana,poor,0,temp_VID20260218162500.mp4,158.729,164.395,157.102,118.553,157.102,118.553,148.649,165.761,109.33,149.144,24.824,87.718,149.825,169.183,18.073,50.808,122.327,48.134,98.334,121.307,45.188,109.33,149.144,179.768,98.334,167.33,86.11,112.645,157.102,118.553,109.33,149.144,179.733,158.253,155.073
vrikshasana,poor,0,temp_VID20260218162500.mp4,158.209,161.239,139.99,99.88,139.99,99.88,140.855,164.642,130.444,169.42,25.71,88.178,148.899,169.326,18.528,52.622,122.894,49.341,78.554,142.983,46.437,130.444,169.42,179.75,78.554,150.647,90.239,105.064,139.99,99.88,130.444,169.42,179.728,163.953,137.048
vrikshasana,poor,0,temp_VID_20260218_005725372.mp4,94.1,161.135,7.833,52.311,7.833,52.311,141.708,165.048,111.522,67.103,83.261,99.36,143.974,140.348,112.27,51.391,56.632,104.96,144.416,97.334,76.016,111.522,67.103,179.63,144.416,104.807,113.185,41.704,7.833,52.311,111.522,67.103,179.451,133.635,73.381
vrikshasana,poor,0,temp_VID_20260218_005725372.mp4,167.131,169.418,171.289,161.745,171.289,161.745,164.595,167.043,154.609,147.564,128.46,106.906,158.657,164.272,88.109,61.329,83.286,95.929,116.414,151.56,117.894,154.609,147.564,179.79,116.414,175.017,95.823,81.684,171.289,161.745,154.609,147.564,179.697,179.385,170.173
vrikshasana,poor,0,temp_VID_20260218_005725372.mp4,165.903,169.155,166.644,154.757,166.644,154.757,163.883,167.892,162.081,152.042,131.151,104.957,158.242,164.51,91.92,63.134,81.971,96.289,109.37,157.574,118.12,162.081,152.042,179.787,109.37,169.831,94.314,82.118,166.644,154.757,162.081,152.042,179.698,173.94,165.398
vrikshasana,poor,0,temp_VID_20260218_005725372.mp4,167.277,169.308,173.557,166.014,173.557,166.014,163.489,166.085,150.686,143.371,130.758,107.537,157.979,166.806,90.87,62.481,82.513,96.492,120.712,147.419,119.154,150.686,143.371,179.785,120.712,178.988,96.457,81.945,173.557,166.014,150.686,143.371,179.7,175.125,174.668
vrikshasana,poor,0,temp_VID_20260218_005725372.mp4,164.241,168.728,167.517,159.061,167.517,159.061,165.572,168.681,155.098,141.117,130.755,100.228,158.101,166.551,90.845,62.452,79.053,97.692,117.863,148.425,115.348,155.098,141.117,179.789,117.863,177.281,97.88,80.504,167.517,159.061,155.098,141.117,179.701,179.394,173.75
vrikshasana,poor,0,temp_VID_20260218_005755769.mp4,121.292,135.57,12.96,13.618,12.96,13.618,159.567,170.251,173.178,157.388,148.892,132.455,149.37,148.719,94.375,84.368,79.661,99.948,124.107,166.499,140.571,173.178,157.388,179.82,124.107,172.758,100.514,86.032,12.96,13.618,173.178,157.388,179.711,167.493,175.763
vrikshasana,poor,0,temp_VID_20260218_005755769.mp4,130.686,129.52,9.527,11.649,9.527,11.649,169.577,166.661,167.315,157.777,139.944,133.808,150.543,146.593,88.873,92.124,84.173,101.115,125.57,164.132,137.236,167.315,157.777,179.815,125.57,172.277,92.631,95.576,9.527,11.649,167.315,157.777,179.703,168.92,173.057
vrikshasana,poor,0,temp_VID_20260218_005755769.mp4,121.429,128.632,19.708,15.377,19.708,15.377,175.083,159.684,160.994,99.816,142.524,64.775,151.378,153.147,97.14,64.418,86.848,102.794,127.625,123.437,95.127,160.994,99.816,179.804,127.625,167.072,100.353,101.75,19.708,15.377,160.994,99.816,179.692,176.871,150.544
vrikshasana,poor,0,temp_VID_20260218_005755769.mp4,118.523,113.527,37.309,18.554,37.309,18.554,164.398,162.757,162.996,95.976,136.899,50.616,160.881,131.353,83.549,46.608,89.85,98.684,119.854,119.939,82.755,162.996,95.976,179.818,119.854,165.326,118.818,108.964,37.309,18.554,162.996,95.976,179.704,172.341,135.291
vrikshasana,poor,0,temp_VID_20260218_005755769.mp4,131.932,114.348,69.18,43.2,69.18,43.2,131.292,142.785,158.231,94.282,128.335,47.34,163.974,107.009,73.18,33.972,93.114,98.932,122.318,116.295,75.945,158.231,94.282,179.833,122.318,161.362,146.022,127.07,69.18,43.2,158.231,94.282,179.704,170.629,123.066
vrikshasana,poor,0,temp_VID_20260218_005755769.mp4,124.07,123.56,106.306,104.484,106.306,104.484,157.934,171.791,157.407,97.172,128.264,40.75,164.418,123.505,74.751,33.996,94.214,99.564,121.391,117.484,72.277,157.407,97.172,179.839,121.391,162.489,161.129,153.431,106.306,104.484,157.407,97.172,179.691,170.682,123.56
vrikshasana,poor,0,temp_VID_20260218_005755769.mp4,146.046,163.698,144.77,146.506,144.77,146.506,170.524,157.132,141.645,94.817,127.595,48.367,164.608,116.147,77.986,38.517,86.893,102.654,130.084,110.366,78.9,141.645,94.817,179.853,130.084,148.791,136.616,100.659,144.77,146.506,141.645,94.817,179.671,168.503,115.667
vrikshasana,poor,0,temp_VID_20260218_005755769.mp4,144.934,148.332,163.403,161.317,163.403,161.317,175.564,174.013,135.626,90.485,134.305,51.943,162.874,112.358,88.683,38.305,83.456,101.358,134.551,106.819,86.574,135.626,90.485,179.838,134.551,139.317,122.654,93.025,163.403,161.317,135.626,90.485,179.668,157.962,109.728
vrikshasana,poor,0,temp_VID_20260218_005755769.mp4,118.505,136.002,165.995,166.843,165.995,166.843,157.613,165.217,142.204,99.7,137.239,45.315,163.834,121.246,91.436,34.837,73.655,104.704,126.803,115.771,85.082,142.204,99.7,179.843,126.803,151.252,119.027,89.011,165.995,166.843,142.204,99.7,179.688,162.902,126.675
vrikshasana,poor,0,temp_VID_20260218_005755769.mp4,102.352,124.076,163.005,168.698,163.005,168.698,145.565,156.948,146.78,104.611,138.534,46.134,164.189,122.319,91.107,33.954,65.971,106.826,122.576,120.323,86.166,146.78,104.611,179.852,122.576,155.715,121.872,91.041,163.005,168.698,146.78,104.611,179.709,167.108,131.251
vrikshasana,poor,0,temp_VID_20260218_005755769.mp4,94.999,108.141,153.579,168.984,153.579,168.984,144.065,138.218,145.465,103.341,142.879,45.142,162.424,121.634,98.505,32.664,64.9,107.727,122.249,119.266,87.75,145.465,103.341,179.848,122.249,152.758,127.906,93.595,153.579,168.984,145.465,103.341,179.713,163.303,130.301
vrikshasana,poor,0,temp_VID_20260218_005755769.mp4,87.675,103.657,153.545,165.611,153.545,165.611,146.14,138.07,153.121,110.943,140.242,45.352,164.51,123.389,94.975,33.33,65.354,107.265,113.82,127.237,87.038,153.121,110.943,179.833,113.82,160.523,121.191,95.704,153.545,165.611,153.121,110.943,179.714,172.26,136.677
vrikshasana,poor,0,temp_VID_20260218_005755769.mp4,88.303,103.677,156.314,168.587,156.314,168.587,144.333,137.054,152.628,113.547,141.063,45.072,164.005,124.75,96.517,34.075,62.011,108.113,111.353,128.329,87.481,152.628,113.547,179.847,111.353,160.489,120.014,101.75,156.314,168.587,152.628,113.547,179.723,171.295,137.949
vrikshasana,poor,0,temp_VID_20260218_005755769.mp4,88.763,106.006,156.934,168.435,156.934,168.435,142.456,140.953,151.918,113.568,136.353,45.739,164.557,127.967,91.417,33.227,59.184,108.929,111.321,128.085,85.852,151.918,113.568,179.852,111.321,161.498,119.856,102.231,156.934,168.435,151.918,113.568,179.733,173.139,137.62
vrikshasana,poor,0,temp_VID_20260218_005755769.mp4,84.223,105.98,156.376,168.532,156.376,168.532,119.218,142.718,145.828,111.843,135.582,42.791,163.801,127.853,93.8,32.238,60.499,110.367,114.832,124.752,83.755,145.828,111.843,179.857,114.832,159.465,122.686,96.542,156.376,168.532,145.828,111.843,179.73,167.139,140.04
vrikshasana,poor,0,temp_VID_20260218_005859311.mp4,128.631,134.679,12.327,20.55,12.327,20.55,154.502,167.13,176.908,159.338,149.956,134.386,146.328,149.971,92.43,75.629,87.036,92.465,124.272,169.621,142.566,176.908,159.338,179.805,124.272,169.612,105.001,87.898,12.327,20.55,176.908,159.338,179.704,165.357,172.301
vrikshasana,poor,0,temp_VID_20260218_005859311.mp4,109.104,136.921,26.936,42.309,26.936,42.309,163.811,175.887,177.482,167.634,145.574,137.329,147.069,151.044,91.427,80.269,85.949,94.24,117.992,174.202,141.614,177.482,167.634,179.807,117.992,164.497,120.157,97.058,26.936,42.309,177.482,167.634,179.699,161.373,167.318
vrikshasana,poor,0,temp_VID_20260218_005859311.mp4,154.946,162.779,87.81,86.542,87.81,86.542,81.044,117.768,173.734,163.997,139.676,126.0,150.121,154.91,89.185,78.477,88.984,91.017,119.273,169.653,133.057,173.734,163.997,179.797,119.273,164.25,110.011,96.696,87.81,86.542,173.734,163.997,179.691,163.606,164.856
vrikshasana,poor,0,temp_VID_20260218_005859311.mp4,145.763,149.12,99.513,91.151,99.513,91.151,159.367,170.491,170.773,173.836,148.479,123.187,154.853,156.899,85.39,80.972,80.47,91.289,109.605,174.887,135.964,170.773,173.836,179.847,109.605,151.894,141.895,61.229,99.513,91.151,170.773,173.836,179.742,154.815,149.23
vrikshasana,poor,0,temp_VID_20260218_005859311.mp4,151.437,154.467,128.613,130.521,128.613,130.521,158.456,166.231,169.669,157.827,129.276,109.179,159.193,165.469,78.303,74.147,73.561,100.091,111.808,164.159,119.296,169.669,157.827,179.829,111.808,163.212,124.346,84.026,128.613,130.521,169.669,157.827,179.732,163.025,163.68
vrikshasana,poor,0,temp_VID_20260218_005859311.mp4,146.085,139.781,139.707,142.681,139.707,142.681,161.649,171.894,166.858,154.154,127.361,102.733,157.71,171.73,79.057,61.393,78.631,98.36,112.739,160.68,114.941,166.858,154.154,179.812,112.739,163.582,117.981,89.014,139.707,142.681,166.858,154.154,179.698,164.767,162.574
vrikshasana,poor,0,temp_VID_20260218_005859311.mp4,131.242,131.537,150.595,152.225,150.595,152.225,160.266,158.015,169.251,152.937,128.29,99.739,157.778,169.038,82.773,62.127,79.656,98.449,107.494,160.985,113.67,169.251,152.937,179.802,107.494,163.542,110.989,94.846,150.595,152.225,169.251,152.937,179.687,163.55,163.794
vrikshasana,poor,0,temp_VID_20260218_005859311.mp4,126.117,130.966,152.927,155.224,152.927,155.224,155.064,154.407,173.753,154.963,127.083,96.728,160.642,167.992,82.266,63.025,81.069,98.313,103.769,164.142,111.408,173.753,154.963,179.787,103.769,159.153,105.654,98.812,152.927,155.224,173.753,154.963,179.685,158.482,160.078
vrikshasana,poor,0,temp_VID_20260218_005859311.mp4,126.329,129.732,150.135,154.394,150.135,154.394,156.277,153.809,173.51,160.546,127.542,104.257,161.107,169.498,81.079,63.782,82.128,98.122,105.016,167.203,115.9,173.51,160.546,179.788,105.016,157.868,108.353,97.336,150.135,154.394,173.51,160.546,179.684,158.625,157.267
vrikshasana,poor,0,temp_VID_20260218_005859311.mp4,125.535,126.904,145.384,159.102,145.384,159.102,156.012,144.778,177.094,169.507,129.247,110.042,159.633,173.955,80.27,66.192,84.314,96.636,98.146,176.044,119.792,177.094,169.507,179.777,98.146,150.114,104.391,105.231,145.384,159.102,177.094,169.507,179.682,150.291,150.051
vrikshasana,poor,0,temp_VID_20260218_005859311.mp4,129.438,127.854,145.606,155.717,145.606,155.717,157.441,148.525,172.736,171.732,133.054,127.722,160.318,166.314,74.378,67.817,85.558,94.579,101.365,172.718,130.614,172.736,171.732,179.785,101.365,145.379,108.325,100.199,145.606,155.717,172.736,171.732,179.68,146.409,144.465
vrikshasana,poor,0,temp_VID_20260218_005859311.mp4,128.02,128.32,139.892,153.795,139.892,153.795,159.12,148.443,171.47,170.463,131.638,124.916,161.966,164.775,73.375,68.963,84.094,94.597,97.677,171.369,128.479,171.47,170.463,179.808,97.677,142.925,114.428,97.855,139.892,153.795,171.47,170.463,179.696,144.432,141.617
vrikshasana,poor,0,temp_VID_20260218_005859311.mp4,122.009,126.425,131.633,153.53,131.633,153.53,157.867,144.491,160.56,161.887,130.459,127.438,164.077,163.796,71.955,71.957,84.186,94.838,91.353,161.421,129.163,160.56,161.887,179.797,91.353,133.45,111.637,103.911,131.633,153.53,160.56,161.887,179.702,132.791,134.327
vrikshasana,poor,0,temp_VID_20260218_005859311.mp4,126.742,127.52,132.216,151.017,132.216,151.017,158.466,144.872,161.375,164.971,131.377,125.231,161.315,163.436,75.896,72.405,83.478,95.024,91.735,163.472,128.507,161.375,164.971,179.791,91.735,135.439,110.952,101.712,132.216,151.017,161.375,164.971,179.702,134.546,136.484
vrikshasana,poor,0,temp_VID_20260218_005859311.mp4,125.814,127.501,138.291,157.017,138.291,157.017,155.943,141.716,162.713,168.701,131.792,121.516,161.01,163.898,76.991,70.712,82.589,95.245,91.167,166.193,126.809,162.713,168.701,179.785,91.167,137.344,108.257,103.961,138.291,157.017,162.713,168.701,179.701,136.341,138.485
vrikshasana,poor,0,temp_VID_20260218_005859311.mp4,131.66,128.138,154.663,165.947,154.663,165.947,158.65,145.769,168.93,162.016,128.654,116.529,160.227,163.944,73.909,66.868,82.137,95.33,113.922,165.639,122.667,168.93,162.016,179.797,113.922,161.978,114.099,94.466,154.663,165.947,168.93,162.016,179.701,162.212,161.801
vrikshasana,poor,0,temp_VID_20260218_005859311.mp4,133.455,129.441,145.279,161.496,145.279,161.496,159.711,149.598,177.129,170.856,130.027,120.344,159.812,162.619,76.809,69.134,82.865,95.292,106.776,174.4,125.316,177.129,170.856,179.793,106.776,154.895,113.947,96.633,145.279,161.496,177.129,170.856,179.701,155.039,154.832
vrikshasana,poor,0,temp_VID_20260218_005859311.mp4,127.365,128.163,137.251,155.152,137.251,155.152,157.26,148.49,173.694,174.097,130.167,120.069,160.051,163.724,74.801,67.153,83.171,94.935,97.909,175.041,125.248,173.694,174.097,179.8,97.909,145.001,115.414,97.019,137.251,155.152,173.694,174.097,179.702,145.891,144.237
vrikshasana,poor,0,temp_VID_20260218_005859311.mp4,126.092,127.593,136.063,153.956,136.063,153.956,155.905,148.284,172.753,173.766,130.326,119.193,159.77,164.112,75.187,66.897,82.89,95.041,96.087,174.29,124.87,172.753,173.766,179.802,96.087,143.992,115.181,97.581,136.063,153.956,172.753,173.766,179.704,145.08,143.045
vrikshasana,poor,0,temp_VID_20260218_005915898.mp4,120.253,141.822,140.684,136.078,140.684,136.078,160.157,162.806,162.525,132.608,126.743,58.565,166.173,135.147,79.717,38.069,65.587,102.207,110.831,144.473,88.862,162.525,132.608,179.84,110.831,171.775,125.791,79.096,140.684,136.078,162.525,132.608,179.723,170.006,166.08
vrikshasana,poor,0,temp_VID_20260218_005915898.mp4,120.515,136.112,140.832,136.014,140.832,136.014,145.138,169.688,164.463,133.76,131.947,57.411,165.726,143.874,85.341,44.977,65.062,102.942,107.982,145.923,90.136,164.463,133.76,179.836,107.982,171.737,121.858,82.87,140.832,136.014,164.463,133.76,179.725,171.187,164.223
vrikshasana,poor,0,temp_VID_20260218_005915898.mp4,104.034,132.924,143.843,149.167,143.843,149.167,151.017,170.335,165.019,137.052,132.293,60.3,166.353,146.515,83.605,50.371,63.343,103.997,106.426,149.091,93.174,165.019,137.052,179.837,106.426,169.573,119.393,92.883,143.843,149.167,165.019,137.052,179.74,170.643,164.069
vrikshasana,poor,0,temp_VID_20260218_005915898.mp4,97.176,128.125,151.673,156.032,151.673,156.032,147.093,169.446,167.081,135.584,134.658,59.296,165.937,145.42,83.246,49.963,60.577,103.272,105.888,148.86,93.277,167.081,135.584,179.84,105.888,169.685,115.568,97.809,151.673,156.032,167.081,135.584,179.748,169.565,164.323
vrikshasana,poor,0,temp_VID_20260218_005915898.mp4,96.244,126.714,158.896,158.706,158.896,158.706,140.128,167.61,162.597,128.287,131.428,55.966,166.035,145.083,76.196,46.047,61.251,102.629,110.155,142.47,89.64,162.597,128.287,179.836,110.155,172.051,115.454,95.587,158.896,158.706,162.597,128.287,179.744,171.754,164.295
vrikshasana,poor,0,temp_VID_20260218_005915898.mp4,100.733,126.716,160.512,159.593,160.512,159.593,155.493,167.395,159.97,127.041,133.588,56.599,165.573,144.754,80.25,46.159,62.164,103.137,111.352,140.769,91.166,159.97,127.041,179.834,111.352,173.572,115.871,94.526,160.512,159.593,159.97,127.041,179.743,175.78,164.289
vrikshasana,poor,0,temp_VID_20260218_005915898.mp4,107.493,127.155,160.996,160.526,160.996,160.526,151.299,165.13,156.363,125.347,135.199,56.575,163.253,148.606,85.76,49.522,62.535,104.418,111.017,138.139,91.555,156.363,125.347,179.837,111.017,173.782,117.359,93.594,160.996,160.526,156.363,125.347,179.739,178.651,164.102
vrikshasana,poor,0,temp_VID_20260218_005915898.mp4,107.622,125.873,164.434,162.666,164.434,162.666,146.519,160.485,157.328,129.744,134.153,59.489,163.83,150.539,84.868,51.246,63.942,105.005,108.493,141.464,93.798,157.328,129.744,179.831,108.493,174.581,113.98,97.801,164.434,162.666,157.328,129.744,179.737,178.994,165.469
vrikshasana,poor,0,temp_VID_20260218_005915898.mp4,109.776,125.335,166.924,160.62,166.924,160.62,146.858,162.247,160.076,132.844,132.458,58.842,165.455,150.454,80.733,52.041,62.563,103.812,107.06,143.97,92.343,160.076,132.844,179.844,107.06,172.913,111.217,95.388,166.924,160.62,160.076,132.844,179.741,174.967,165.927
vrikshasana,poor,0,temp_VID_20260218_005915898.mp4,107.654,126.01,155.469,157.408,155.469,157.408,147.713,163.604,165.439,131.878,131.733,57.553,165.582,147.585,80.115,50.769,61.99,102.659,106.915,145.416,90.676,165.439,131.878,179.826,106.915,171.656,116.878,93.927,155.469,157.408,165.439,131.878,179.74,169.133,166.586
vrikshasana,poor,0,temp_VID_20260218_005915898.mp4,109.528,127.475,150.571,155.291,150.571,155.291,151.957,161.037,164.255,130.654,129.821,58.232,166.238,145.213,78.523,48.631,62.338,102.736,107.434,144.438,90.273,164.255,130.654,179.822,107.434,171.919,120.407,90.435,150.571,155.291,164.255,130.654,179.741,169.286,166.778
vrikshasana,poor,0,temp_VID_20260218_005915898.mp4,107.265,127.031,151.864,155.611,151.864,155.611,151.255,159.259,166.621,132.585,130.111,59.403,166.921,143.219,78.596,47.505,62.897,102.367,105.63,146.815,91.252,166.621,132.585,179.82,105.63,170.082,118.556,91.656,151.864,155.611,166.621,132.585,179.742,167.15,166.654
vrikshasana,poor,0,temp_VID_20260218_005915898.mp4,104.609,126.978,154.976,157.826,154.976,157.826,152.47,159.9,163.672,129.418,127.104,58.084,168.787,142.724,73.282,46.466,62.414,102.356,107.799,143.467,88.832,163.672,129.418,179.825,107.799,171.535,118.531,91.708,154.976,157.826,163.672,129.418,179.741,168.242,166.322
vrikshasana,poor,0,temp_VID_20260218_005915898.mp4,104.978,126.559,156.644,156.92,156.644,156.92,148.342,160.143,165.529,133.932,127.33,59.99,169.288,142.366,71.119,47.84,63.283,102.41,105.921,147.405,90.675,165.529,133.932,179.828,105.921,168.217,116.407,92.42,156.644,156.92,165.529,133.932,179.741,166.573,165.675
vrikshasana,poor,0,temp_VID_20260218_005915898.mp4,106.632,126.636,155.854,156.681,155.854,156.681,148.18,160.424,165.374,133.883,126.277,59.228,169.987,141.938,72.325,46.046,63.269,102.394,106.021,147.363,89.708,165.374,133.883,179.83,106.021,167.579,117.014,92.459,155.854,156.681,165.374,133.883,179.74,166.23,165.277
vrikshasana,poor,0,temp_VID_20260218_005915898.mp4,107.15,126.706,155.989,156.414,155.989,156.414,146.236,161.639,164.696,134.439,125.972,59.328,170.289,141.731,73.372,45.754,63.386,102.215,106.758,147.517,89.744,164.696,134.439,179.832,106.758,166.902,117.646,91.824,155.989,156.414,164.696,134.439,179.743,166.706,164.146
vrikshasana,poor,0,temp_VID_20260218_005958758.mp4,127.731,137.959,15.642,15.618,15.642,15.618,157.012,165.928,173.748,166.041,139.439,137.798,155.302,157.227,87.903,86.925,85.131,95.312,122.127,171.039,138.826,173.748,166.041,179.799,122.127,166.691,98.252,94.843,15.642,15.618,173.748,166.041,179.663,163.05,170.192
vrikshasana,poor,0,temp_VID_20260218_005958758.mp4,124.047,136.75,14.934,12.343,14.934,12.343,162.621,165.27,171.249,169.539,140.101,144.375,153.168,155.816,94.09,90.494,82.127,96.55,121.479,171.083,142.225,171.249,169.539,179.799,121.479,169.408,98.229,91.954,14.934,12.343,171.249,169.539,179.66,166.644,171.575
vrikshasana,poor,0,temp_VID_20260218_005958758.mp4,119.606,137.726,22.855,18.785,22.855,18.785,167.453,171.002,171.735,177.128,137.44,139.466,153.653,152.79,91.086,84.829,82.584,95.746,106.571,175.136,138.426,171.735,177.128,179.791,106.571,153.651,104.674,97.839,22.855,18.785,171.735,177.128,179.665,150.325,156.886
vrikshasana,poor,0,temp_VID_20260218_005958758.mp4,157.982,164.422,66.208,73.03,66.208,73.03,174.71,161.648,177.024,177.33,127.434,138.248,154.704,150.868,81.566,79.026,84.961,94.609,111.33,179.737,132.717,177.024,177.33,179.789,111.33,154.343,99.482,115.613,66.208,73.03,177.024,177.33,179.665,151.725,156.863
vrikshasana,poor,0,temp_VID_20260218_005958758.mp4,140.54,140.51,105.666,109.248,105.666,109.248,175.169,162.681,176.048,175.794,128.65,126.501,158.585,160.429,77.371,68.011,84.438,95.678,108.274,177.982,127.622,176.048,175.794,179.813,108.274,148.136,149.757,108.633,105.666,109.248,176.048,175.794,179.72,150.337,145.901
vrikshasana,poor,0,temp_VID_20260218_005958758.mp4,157.629,150.819,161.839,155.873,161.839,155.873,153.293,157.782,149.795,137.847,127.165,113.709,156.376,152.415,84.861,52.848,75.272,99.746,131.448,144.106,120.627,149.795,137.847,179.792,131.448,176.626,116.374,106.477,161.839,155.873,149.795,137.847,179.714,176.991,175.714
vrikshasana,poor,0,temp_VID_20260218_005958758.mp4,163.777,157.824,168.923,166.278,168.923,166.278,156.354,157.934,139.494,130.06,126.779,113.891,163.219,164.214,76.677,57.488,76.708,99.92,141.822,135.057,120.618,139.494,130.06,179.795,141.822,169.525,109.937,87.541,168.923,166.278,139.494,130.06,179.699,169.374,169.675
vrikshasana,poor,0,temp_VID_20260218_005958758.mp4,164.73,156.512,162.495,161.388,162.495,161.388,157.772,157.356,138.497,132.068,131.41,117.187,161.487,166.679,82.53,65.613,77.538,100.122,142.746,135.528,124.517,138.497,132.068,179.798,142.746,167.141,100.56,84.926,162.495,161.388,138.497,132.068,179.705,165.0,169.278
vrikshasana,poor,0,temp_VID_20260218_005958758.mp4,167.87,163.138,169.936,165.469,169.936,165.469,162.569,162.68,132.18,123.667,130.961,112.998,162.875,165.746,82.841,67.324,76.342,100.606,146.054,128.069,122.159,132.18,123.667,179.802,146.054,161.135,107.775,78.262,169.936,165.469,132.18,123.667,179.711,159.349,162.905
vrikshasana,poor,0,temp_VID_20260218_005958758.mp4,167.93,164.21,166.501,160.43,166.501,160.43,161.172,162.968,131.203,125.429,132.487,120.359,163.386,164.57,78.167,68.694,79.819,98.506,152.079,128.461,126.723,131.203,125.429,179.793,152.079,159.549,104.024,82.314,166.501,160.43,131.203,125.429,179.715,158.23,160.785
vrikshasana,poor,0,temp_VID_20260218_005958758.mp4,165.215,160.196,161.56,160.359,161.56,160.359,156.57,159.82,137.205,135.221,131.939,121.997,164.834,165.267,74.83,64.056,83.011,97.077,146.162,136.312,127.097,137.205,135.221,179.783,146.162,167.888,97.265,86.539,161.56,160.359,137.205,135.221,179.715,164.869,170.64
vrikshasana,poor,0,temp_VID_20260218_005958758.mp4,165.553,159.003,164.068,162.127,164.068,162.127,156.546,160.86,139.875,137.734,132.444,120.778,165.067,166.273,74.204,62.042,83.111,96.552,144.628,138.921,126.709,139.875,137.734,179.791,144.628,170.816,98.125,86.403,164.068,162.127,139.875,137.734,179.715,167.194,173.949
vrikshasana,poor,0,temp_VID_20260218_005958758.mp4,166.656,159.425,160.486,158.539,160.486,158.539,155.982,160.142,136.374,130.316,130.202,116.412,166.568,167.075,71.003,61.148,81.599,96.519,148.462,133.509,123.521,136.374,130.316,179.786,148.462,167.76,97.204,87.274,160.486,158.539,136.374,130.316,179.715,165.543,169.692
vrikshasana,poor,0,temp_VID_20260218_005958758.mp4,166.13,160.084,165.813,169.254,165.813,169.254,155.168,158.216,136.978,126.716,125.523,103.814,155.786,153.332,81.773,78.656,78.277,98.435,146.881,131.953,114.593,136.978,126.716,179.791,146.881,172.066,98.528,83.842,165.813,169.254,136.978,126.716,179.707,168.925,174.563
vrikshasana,poor,0,temp_VID_20260218_005958758.mp4,167.371,161.88,173.29,170.534,173.29,170.534,160.238,161.791,134.288,127.047,123.073,106.715,148.195,164.385,89.067,65.63,78.782,99.178,145.028,130.758,115.02,134.288,127.047,179.793,145.028,170.063,103.921,82.071,173.29,170.534,134.288,127.047,179.709,167.813,171.91
vrikshasana,poor,0,temp_VID_20260218_005958758.mp4,166.643,162.644,178.531,178.06,178.531,178.06,155.509,162.535,145.734,140.317,123.991,108.457,149.285,166.635,88.198,61.898,79.459,99.158,135.949,143.13,116.356,145.734,140.317,179.79,135.949,178.145,99.974,83.522,178.531,178.06,145.734,140.317,179.706,178.4,174.707
vrikshasana,poor,0,temp_VID_20260218_005958758.mp4,166.814,165.465,175.334,176.024,175.334,176.024,162.19,164.595,141.819,136.961,124.732,110.78,158.815,167.151,79.347,60.969,80.594,98.709,143.836,139.462,117.87,141.819,136.961,179.776,143.836,175.888,101.757,82.439,175.334,176.024,141.819,136.961,179.705,173.835,176.324
vrikshasana,poor,0,temp_VID_20260218_005958758.mp4,166.478,165.102,175.431,174.518,175.431,174.518,162.847,163.469,144.484,141.685,124.392,109.732,162.821,169.547,76.369,61.18,80.197,99.427,137.2,143.166,117.129,144.484,141.685,179.795,137.2,178.38,103.323,80.44,175.431,174.518,144.484,141.685,179.701,176.389,174.911
vrikshasana,poor,0,temp_VID_20260218_005958758.mp4,165.49,164.04,179.139,176.793,179.139,176.793,161.527,162.585,143.325,139.964,124.819,109.455,163.816,170.412,75.633,60.678,81.07,98.416,137.568,141.731,117.208,143.325,139.964,179.798,137.568,177.842,102.092,80.881,179.139,176.793,143.325,139.964,179.7,174.887,176.073
vrikshasana,poor,0,temp_VID_20260218_005958758.mp4,164.624,163.92,173.628,167.068,173.628,167.068,159.849,165.425,152.405,149.116,126.309,110.136,163.085,172.322,77.315,63.468,81.327,98.02,128.068,150.892,118.27,152.405,149.116,179.797,128.068,173.113,101.183,80.134,173.628,167.068,152.405,149.116,179.699,177.261,168.797
vrikshasana,poor,0,temp_VID_20260218_010029084.mp4,119.882,136.04,7.656,18.819,7.656,18.819,162.807,160.177,163.42,150.225,138.588,126.734,154.6,152.507,90.944,82.517,82.432,96.308,132.945,157.045,132.604,163.42,150.225,179.807,132.945,176.278,95.654,93.196,7.656,18.819,163.42,150.225,179.658,172.679,176.391
vrikshasana,poor,0,temp_VID_20260218_010029084.mp4,124.115,132.601,7.201,14.929,7.201,14.929,164.181,167.487,170.411,168.093,143.323,142.439,154.173,152.322,90.517,84.518,80.509,98.989,128.173,170.227,142.905,170.411,168.093,179.81,128.173,169.169,95.064,91.363,7.201,14.929,170.411,168.093,179.652,167.37,169.551
vrikshasana,poor,0,temp_VID_20260218_010029084.mp4,120.596,133.772,12.131,14.89,12.131,14.89,163.335,168.235,171.869,171.282,142.666,140.771,150.217,151.804,92.301,84.514,80.616,98.982,122.016,172.621,141.718,171.869,171.282,179.805,122.016,166.469,96.258,91.383,12.131,14.89,171.869,171.282,179.661,165.198,166.878
vrikshasana,poor,0,temp_VID_20260218_010029084.mp4,121.345,113.946,16.519,15.992,16.519,15.992,162.248,167.828,174.855,176.644,151.256,145.169,153.688,151.673,95.115,89.839,81.364,96.227,117.207,177.723,148.239,174.855,176.644,179.826,117.207,165.394,89.521,101.485,16.519,15.992,174.855,176.644,179.69,166.406,163.6
vrikshasana,poor,0,temp_VID_20260218_010029084.mp4,130.846,148.907,22.27,48.036,22.27,48.036,148.112,178.255,168.275,175.625,142.962,130.496,141.615,155.061,106.49,78.757,86.896,95.385,105.412,174.75,136.632,168.275,175.625,179.817,105.412,151.389,96.062,113.439,22.27,48.036,168.275,175.625,179.675,149.484,153.032
vrikshasana,poor,0,temp_VID_20260218_010029084.mp4,126.106,129.476,58.365,59.122,58.365,59.122,157.037,162.63,165.883,141.927,123.383,81.484,157.807,156.397,83.03,61.301,69.801,103.593,112.173,153.889,101.21,165.883,141.927,179.814,112.173,161.002,123.825,83.648,58.365,59.122,165.883,141.927,179.697,161.334,160.154
vrikshasana,poor,0,temp_VID_20260218_010029084.mp4,123.315,141.609,93.941,96.471,93.941,96.471,172.726,158.047,162.864,114.358,122.793,47.694,159.946,158.114,81.428,50.314,66.801,103.978,121.022,132.941,76.956,162.864,114.358,179.795,121.022,169.988,124.216,86.298,93.941,96.471,162.864,114.358,179.697,165.109,176.58
vrikshasana,poor,0,temp_VID_20260218_010029084.mp4,142.451,133.06,130.692,133.951,130.692,133.951,157.119,168.413,161.531,117.033,129.455,50.219,159.052,155.411,88.839,43.242,62.41,104.888,122.451,135.503,82.352,161.531,117.033,179.793,122.451,171.708,119.445,92.216,130.692,133.951,161.531,117.033,179.707,171.485,171.501
vrikshasana,poor,0,temp_VID_20260218_010029084.mp4,129.267,141.152,141.571,148.993,141.571,148.993,160.798,163.008,159.797,124.794,135.971,57.206,158.066,157.893,100.569,50.596,62.384,107.855,120.492,140.123,89.841,159.797,124.794,179.791,120.492,173.718,115.855,89.612,141.571,148.993,159.797,124.794,179.704,176.761,168.607
vrikshasana,poor,0,temp_VID_20260218_010029084.mp4,134.524,141.879,155.122,156.519,155.122,156.519,148.704,158.345,166.355,134.563,139.293,59.234,158.901,152.558,102.124,61.203,61.02,106.61,112.572,148.869,92.683,166.355,134.563,179.81,112.572,166.866,106.818,89.732,155.122,156.519,166.355,134.563,179.71,173.484,158.293
vrikshasana,poor,0,temp_VID_20260218_010029084.mp4,142.121,145.782,160.038,158.5,160.038,158.5,147.016,159.216,166.665,134.832,133.329,58.703,160.797,150.612,94.803,69.686,60.829,106.511,112.434,149.105,90.472,166.665,134.832,179.806,112.434,164.134,101.572,88.086,160.038,158.5,166.665,134.832,179.712,169.852,156.855
vrikshasana,poor,0,temp_VID_20260218_010029084.mp4,149.72,151.535,152.447,144.543,152.447,144.543,151.305,165.343,169.423,138.799,137.852,61.057,159.432,158.2,100.576,55.263,63.232,105.3,111.135,152.952,93.543,169.423,138.799,179.793,111.135,162.398,100.468,80.207,152.447,144.543,169.423,138.799,179.709,169.816,152.712
vrikshasana,poor,0,temp_VID_20260218_010029084.mp4,146.467,148.754,154.105,153.019,154.105,153.019,145.899,156.02,175.616,146.313,136.821,61.689,162.591,160.499,97.719,59.076,64.477,103.604,105.036,160.051,93.777,175.616,146.313,179.794,105.036,155.278,96.528,87.651,154.105,153.019,175.616,146.313,179.707,162.867,145.515
vrikshasana,poor,0,temp_VID_20260218_010029084.mp4,149.523,150.011,156.778,153.103,156.778,153.103,145.376,158.54,173.542,143.388,134.917,60.668,162.476,161.948,95.732,58.788,64.364,103.455,105.966,157.403,92.425,173.542,143.388,179.791,105.966,156.66,96.442,85.703,156.778,153.103,173.542,143.388,179.708,163.939,147.164
vrikshasana,poor,0,temp_VID_20260218_010029084.mp4,149.66,149.118,156.239,151.129,156.239,151.129,148.429,161.209,171.294,137.312,134.017,57.127,162.306,162.184,95.472,62.747,63.336,103.214,108.153,152.391,89.346,171.294,137.312,179.791,108.153,160.155,98.269,83.779,156.239,151.129,171.294,137.312,179.708,165.751,152.835
vrikshasana,poor,0,temp_VID_20260218_010128564.mp4,114.782,126.488,8.805,18.908,8.805,18.908,164.492,164.976,162.252,145.866,137.401,121.599,154.237,166.329,79.809,65.409,88.701,92.942,133.624,154.217,129.435,162.252,145.866,179.807,133.624,177.335,97.625,94.206,8.805,18.908,162.252,145.866,179.68,172.764,177.456
vrikshasana,poor,0,temp_VID_20260218_010128564.mp4,114.415,128.167,10.52,18.255,10.52,18.255,165.968,164.618,158.34,149.935,137.706,127.193,151.492,148.367,82.656,87.897,90.028,92.185,134.503,154.284,132.379,158.34,149.935,179.804,134.503,179.407,100.178,91.932,10.52,18.255,158.34,149.935,179.69,176.307,177.257
vrikshasana,poor,0,temp_VID_20260218_010128564.mp4,116.887,127.944,10.437,16.65,10.437,16.65,163.599,163.547,158.712,150.763,138.543,127.949,149.091,146.547,81.672,89.851,92.468,89.981,134.925,154.934,133.249,158.712,150.763,179.805,134.925,179.376,97.939,94.348,10.437,16.65,158.712,150.763,179.701,176.767,177.566
vrikshasana,poor,0,temp_VID_20260218_010128564.mp4,116.09,128.205,9.453,19.469,9.453,19.469,161.223,160.436,154.289,142.681,137.018,127.19,149.497,151.368,75.988,87.548,93.964,91.064,140.581,148.628,132.171,154.289,142.681,179.812,140.581,175.083,102.202,91.901,9.453,19.469,154.289,142.681,179.732,178.044,171.728
vrikshasana,poor,0,temp_VID_20260218_010128564.mp4,112.12,135.55,9.593,21.265,9.593,21.265,157.405,162.301,112.371,146.785,73.214,135.745,153.34,168.076,52.522,82.438,95.899,73.08,137.202,127.906,100.034,112.371,146.785,179.807,137.202,170.094,102.455,95.699,9.593,21.265,112.371,146.785,179.733,170.827,169.537
vrikshasana,poor,0,temp_VID_20260218_010128564.mp4,107.933,137.084,12.694,22.749,12.694,22.749,165.007,164.175,103.919,147.558,43.344,135.037,138.688,162.522,26.953,84.139,96.316,76.04,136.016,123.656,81.982,103.919,147.558,179.807,136.016,172.09,101.496,100.314,12.694,22.749,103.919,147.558,179.72,168.014,170.195
vrikshasana,poor,0,temp_VID_20260218_010128564.mp4,107.437,136.581,13.841,23.585,13.841,23.585,171.174,164.486,99.162,144.798,31.201,137.415,143.882,168.429,40.969,90.499,104.088,69.649,133.221,118.535,73.403,99.162,144.798,179.814,133.221,165.66,106.405,101.746,13.841,23.585,99.162,144.798,179.737,158.977,165.464
vrikshasana,poor,0,temp_VID_20260218_010128564.mp4,126.429,146.279,24.667,58.517,24.667,58.517,144.639,174.404,106.239,144.446,36.105,134.623,141.226,166.999,34.968,91.417,107.932,70.993,129.139,123.311,76.52,106.239,144.446,179.822,129.139,170.309,99.49,121.214,24.667,58.517,106.239,144.446,179.732,162.526,166.73
vrikshasana,poor,0,temp_VID_20260218_010128564.mp4,109.682,116.81,44.422,50.971,44.422,50.971,171.81,170.211,114.196,137.574,42.275,121.216,143.491,167.88,32.211,88.668,113.964,70.296,128.28,126.243,76.325,114.196,137.574,179.825,128.28,172.402,101.769,123.704,44.422,50.971,114.196,137.574,179.736,156.799,165.963
vrikshasana,poor,0,temp_VID_20260218_010128564.mp4,123.985,135.708,76.295,86.675,76.295,86.675,171.157,170.462,113.16,138.389,43.338,120.485,140.192,167.403,25.267,91.331,114.725,65.213,127.822,125.593,76.504,113.16,138.389,179.838,127.822,173.38,97.071,138.294,76.295,86.675,113.16,138.389,179.755,158.831,168.062
vrikshasana,poor,0,temp_VID_20260218_010128564.mp4,145.498,139.643,109.884,106.819,109.884,106.819,162.15,161.206,108.889,149.031,38.733,121.554,144.484,175.098,23.864,69.815,110.889,60.42,128.851,126.747,74.128,108.889,149.031,179.84,128.851,171.68,88.503,141.088,109.884,106.819,108.889,149.031,179.767,162.253,174.911
vrikshasana,poor,0,temp_VID_20260218_010128564.mp4,119.492,134.053,136.616,123.911,136.616,123.911,167.032,133.437,118.649,160.15,42.309,121.137,141.158,174.487,25.553,67.518,108.751,63.382,120.548,138.448,77.18,118.649,160.15,179.825,120.548,160.585,133.168,133.246,136.616,123.911,118.649,160.15,179.758,150.708,165.19
vrikshasana,poor,0,temp_VID_20260218_010128564.mp4,115.776,130.597,146.294,153.769,146.294,153.769,172.429,166.22,125.203,162.751,47.168,121.466,142.409,171.481,29.061,71.988,110.63,65.157,114.577,144.095,80.456,125.203,162.751,179.808,114.577,157.106,130.791,113.705,146.294,153.769,125.203,162.751,179.759,144.429,163.887
vrikshasana,poor,0,temp_VID_20260218_010128564.mp4,127.357,129.045,159.447,160.001,159.447,160.001,164.463,172.245,129.289,157.362,50.829,119.134,146.951,167.898,32.599,73.269,110.827,70.111,113.628,144.146,81.35,129.289,157.362,179.807,113.628,156.828,119.524,104.329,159.447,160.001,129.289,157.362,179.747,138.932,168.516
vrikshasana,poor,0,temp_VID_20260218_010128564.mp4,135.706,143.973,167.379,158.53,167.379,158.53,162.512,165.415,134.522,153.079,58.739,117.904,142.688,169.685,28.935,75.107,112.148,73.306,114.375,145.175,85.987,134.522,153.079,179.8,114.375,160.762,110.224,98.12,167.379,158.53,134.522,153.079,179.755,141.764,172.94
vrikshasana,poor,0,temp_VID_20260218_010128564.mp4,136.206,148.593,168.473,156.417,168.473,156.417,149.072,166.428,134.632,154.557,55.466,119.672,137.006,169.852,23.962,75.492,112.487,69.807,112.82,145.727,85.255,134.632,154.557,179.81,112.82,161.046,106.521,101.539,168.473,156.417,134.632,154.557,179.761,142.46,172.625
vrikshasana,poor,0,temp_VID_20260218_010128564.mp4,135.313,149.462,167.518,157.044,167.518,157.044,153.876,157.848,132.242,151.66,56.259,120.724,137.705,169.987,26.953,75.302,112.762,67.58,116.265,143.049,86.403,132.242,151.66,179.818,116.265,164.7,103.792,105.032,167.518,157.044,132.242,151.66,179.777,146.336,175.453
vrikshasana,poor,0,temp_VID_20260218_010128564.mp4,134.338,150.574,167.189,155.818,167.189,155.818,156.111,167.547,133.151,148.658,58.373,123.732,137.186,169.448,27.27,78.088,113.537,67.851,118.62,142.111,88.377,133.151,148.658,179.831,118.62,167.297,101.808,108.799,167.189,155.818,133.151,148.658,179.79,146.141,175.686
vrikshasana,poor,0,temp_VID_20260218_010259967.mp4,128.297,134.037,18.475,29.236,18.475,29.236,153.446,164.181,153.172,163.525,140.575,151.62,145.193,152.09,86.44,79.198,90.619,90.682,143.155,158.689,146.171,153.172,163.525,179.824,143.155,177.564,93.253,96.912,18.475,29.236,153.172,163.525,179.692,173.621,176.563
vrikshasana,poor,0,temp_VID_20260218_010259967.mp4,121.811,133.149,22.378,28.146,22.378,28.146,163.296,164.102,158.15,162.595,139.989,147.632,142.592,151.706,85.642,76.785,85.746,93.856,142.652,160.885,143.789,158.15,162.595,179.83,142.652,176.723,97.476,96.369,22.378,28.146,158.15,162.595,179.674,171.467,177.347
vrikshasana,poor,0,temp_VID_20260218_010259967.mp4,117.295,124.831,22.367,23.525,22.367,23.525,169.503,169.983,120.983,153.948,79.192,137.358,143.789,154.221,30.626,73.801,90.389,91.116,141.359,136.578,105.209,120.983,153.948,179.831,141.359,177.784,97.297,95.82,22.367,23.525,120.983,153.948,179.68,172.323,176.446
vrikshasana,poor,0,temp_VID_20260218_010259967.mp4,114.227,126.636,20.896,30.027,20.896,30.027,171.839,172.162,116.68,153.237,43.702,143.466,142.6,156.633,23.72,80.258,93.873,86.719,137.596,134.082,84.849,116.68,153.237,179.83,137.596,171.475,97.981,100.686,20.896,30.027,116.68,153.237,179.676,147.415,171.959
vrikshasana,poor,0,temp_VID_20260218_010259967.mp4,109.574,126.646,27.02,47.649,27.02,47.649,174.779,168.43,115.408,160.515,38.955,140.571,149.265,158.627,30.354,77.163,96.12,83.338,128.485,135.762,81.292,115.408,160.515,179.828,128.485,169.141,92.797,106.85,27.02,47.649,115.408,160.515,179.68,154.091,175.201
vrikshasana,poor,0,temp_VID_20260218_010259967.mp4,116.139,127.287,40.26,49.715,40.26,49.715,149.085,153.284,125.499,172.572,34.24,134.966,150.606,159.54,32.576,76.652,98.236,82.121,115.169,146.473,74.523,125.499,172.572,179.814,115.169,157.228,93.52,101.52,40.26,49.715,125.499,172.572,179.69,146.532,161.442
vrikshasana,poor,0,temp_VID_20260218_010408844.mp4,116.989,125.938,15.59,8.875,15.59,8.875,166.217,162.983,170.371,168.72,138.587,142.124,148.727,149.607,88.73,78.299,84.406,98.168,126.921,171.037,140.322,170.371,168.72,179.821,126.921,168.368,102.456,90.041,15.59,8.875,170.371,168.72,179.714,165.365,169.46
vrikshasana,poor,0,temp_VID_20260218_010408844.mp4,124.717,125.726,13.285,7.835,13.285,7.835,161.448,167.91,165.605,130.151,149.842,109.293,152.845,151.56,97.656,74.925,71.603,100.251,128.601,147.491,128.202,165.605,130.151,179.825,128.601,173.358,96.362,91.576,13.285,7.835,165.605,130.151,179.729,174.243,165.235
vrikshasana,poor,0,temp_VID_20260218_010408844.mp4,130.748,123.135,14.222,8.334,14.222,8.334,160.218,173.157,145.475,114.62,136.085,100.509,156.186,151.53,109.81,88.809,55.33,117.027,125.291,128.714,116.896,145.475,114.62,179.842,125.291,156.4,95.533,92.192,14.222,8.334,145.475,114.62,179.771,164.686,148.325
vrikshasana,poor,0,temp_VID_20260218_010408844.mp4,122.183,119.848,18.137,10.163,18.137,10.163,166.874,167.469,145.092,102.231,128.445,65.955,156.296,129.957,105.165,61.645,60.891,113.711,124.485,120.327,92.985,145.092,102.231,179.832,124.485,156.729,103.557,93.491,18.137,10.163,145.092,102.231,179.75,168.235,142.476
vrikshasana,poor,0,temp_VID_20260218_010408844.mp4,130.924,122.171,31.794,46.667,31.794,46.667,165.92,166.763,169.475,126.86,129.223,72.157,165.021,135.509,86.615,76.267,93.163,97.297,93.271,150.324,87.277,169.475,126.86,179.819,93.271,176.268,119.617,94.258,31.794,46.667,169.475,126.86,179.703,145.052,137.882
vrikshasana,poor,0,temp_VID_20260218_010408844.mp4,118.652,132.276,41.149,39.17,41.149,39.17,178.139,171.506,161.299,136.134,139.492,88.381,163.058,106.152,81.475,81.639,121.697,87.534,92.642,157.091,97.881,161.299,136.134,179.825,92.642,174.76,118.956,109.971,41.149,39.17,161.299,136.134,179.744,141.565,141.381
vrikshasana,poor,0,temp_VID_20260218_010408844.mp4,94.836,103.571,72.333,47.108,72.333,47.108,152.455,166.837,172.926,134.299,129.934,56.141,166.924,103.197,87.998,54.168,108.289,80.25,106.822,148.739,88.449,172.926,134.299,179.817,106.822,174.331,147.45,122.83,72.333,47.108,172.926,134.299,179.703,161.618,144.789
vrikshasana,poor,0,temp_VID_20260218_010408844.mp4,139.903,137.154,97.804,56.09,97.804,56.09,172.382,161.82,145.375,173.966,128.244,77.876,162.735,152.223,105.198,40.104,79.609,89.337,115.546,161.615,89.401,145.375,173.966,179.851,115.546,151.403,162.307,109.258,97.804,56.09,145.375,173.966,179.673,168.183,103.328
vrikshasana,poor,0,temp_VID_20260218_010408844.mp4,148.091,132.186,105.624,70.707,105.624,70.707,177.684,165.266,151.196,175.855,134.208,74.135,160.964,152.395,110.824,33.778,82.343,89.018,112.75,164.017,90.939,151.196,175.855,179.844,112.75,152.416,175.419,125.003,105.624,70.707,151.196,175.855,179.676,170.909,105.089
vrikshasana,poor,0,temp_VID_20260218_010408844.mp4,161.613,130.317,129.478,113.507,129.478,113.507,169.573,164.675,148.353,171.847,125.728,76.77,166.021,157.444,91.567,55.386,80.616,95.971,119.216,160.14,87.599,148.353,171.847,179.87,119.216,145.277,162.532,127.206,129.478,113.507,148.353,171.847,179.734,172.639,106.373
vrikshasana,poor,0,temp_VID_20260218_010408844.mp4,159.876,154.077,142.646,124.533,142.646,124.533,163.937,176.187,150.814,170.415,129.708,97.962,159.798,169.604,98.512,63.92,96.275,91.717,120.634,166.914,98.067,150.814,170.415,179.834,120.634,146.003,143.539,106.253,142.646,124.533,150.814,170.415,179.709,172.584,112.335
vrikshasana,poor,0,temp_VID_20260218_010408844.mp4,169.702,162.658,140.284,140.917,140.284,140.917,166.73,169.7,144.721,176.468,136.05,117.186,153.568,171.738,106.252,56.523,91.626,88.957,130.24,159.748,115.4,144.721,176.468,179.807,130.24,164.518,109.168,106.843,140.284,140.917,144.721,176.468,179.653,164.659,137.839
vrikshasana,poor,0,temp_VID_20260218_010408844.mp4,143.947,163.495,166.161,153.386,166.161,153.386,165.194,146.409,153.35,173.889,137.278,110.536,156.417,170.681,96.708,48.12,87.302,84.473,124.715,167.208,115.452,153.35,173.889,179.805,124.715,156.929,111.451,85.978,166.161,153.386,153.35,173.889,179.647,172.981,128.991
vrikshasana,poor,0,temp_VID_20260218_010408844.mp4,165.222,162.115,147.916,139.154,147.916,139.154,167.738,163.545,157.688,167.985,138.355,93.472,157.612,156.016,97.215,37.743,83.917,83.943,120.143,162.639,108.608,157.688,167.985,179.794,120.143,158.563,98.57,83.024,147.916,139.154,157.688,167.985,179.647,175.953,131.765
vrikshasana,poor,0,temp_VID_20260218_010408844.mp4,161.136,161.371,139.923,136.611,139.923,136.611,175.408,176.521,163.061,171.887,146.473,98.905,155.989,155.255,110.283,38.047,83.916,82.806,117.085,167.925,114.124,163.061,171.887,179.785,117.085,156.882,93.884,89.542,139.923,136.611,163.061,171.887,179.646,176.66,128.246
vrikshasana,poor,0,temp_VID_20260218_010408844.mp4,158.312,158.157,146.153,135.714,146.153,135.714,170.891,169.971,170.528,173.581,139.123,96.895,159.061,159.583,94.656,36.846,84.217,81.311,111.701,174.075,110.303,170.528,173.581,179.785,111.701,145.567,91.216,94.139,146.153,135.714,170.528,173.581,179.642,169.067,120.812
vrikshasana,poor,0,temp_VID_20260218_010408844.mp4,158.508,154.51,147.607,138.73,147.607,138.73,173.462,166.376,168.363,173.217,137.661,96.892,158.916,160.573,95.639,41.422,84.524,81.375,110.926,174.986,109.337,168.363,173.217,179.786,110.926,145.421,95.113,89.175,147.607,138.73,168.363,173.217,179.642,170.632,118.812
vrikshasana,poor,0,tree_poor_01.mp4,98.192,138.53,30.63,73.485,30.63,73.485,155.425,165.235,125.956,93.696,103.77,60.891,161.293,174.318,47.508,35.704,102.148,75.562,143.562,103.989,77.575,125.956,93.696,179.929,143.562,173.749,95.367,110.482,30.63,73.485,125.956,93.696,179.862,174.145,161.006
vrikshasana,poor,0,tree_poor_01.mp4,100.099,128.707,50.295,66.194,50.295,66.194,166.526,169.206,72.742,60.154,42.059,28.426,170.388,166.391,56.132,65.798,98.399,97.922,148.535,60.805,29.565,72.742,60.154,179.918,148.535,133.997,108.599,98.387,50.295,66.194,72.742,60.154,179.863,170.877,94.625
vrikshasana,poor,0,tree_poor_01.mp4,50.115,79.532,17.411,31.175,17.411,31.175,171.563,159.275,31.092,44.025,19.579,31.239,170.793,164.648,30.699,25.991,101.284,77.309,165.562,35.91,24.119,31.092,44.025,179.926,165.562,117.945,103.859,100.781,17.411,31.175,31.092,44.025,179.88,93.696,138.959
vrikshasana,poor,0,tree_poor_01.mp4,72.845,98.649,60.382,60.273,60.382,60.273,175.39,171.466,113.431,140.108,16.604,38.595,170.475,165.38,60.062,38.371,100.546,77.896,83.454,125.065,24.224,113.431,140.108,179.916,83.454,122.999,110.208,117.843,60.382,60.273,113.431,140.108,179.88,152.014,106.486
vrikshasana,poor,0,tree_poor_01.mp4,160.833,157.799,145.282,148.576,145.282,148.576,159.681,169.748,35.873,58.516,26.967,50.871,164.504,169.589,39.251,24.889,107.287,64.921,170.348,45.429,36.645,35.873,58.516,179.921,170.348,160.533,94.452,123.847,145.282,148.576,35.873,58.516,179.888,164.741,155.445
vrikshasana,poor,0,tree_poor_01.mp4,148.668,148.097,153.468,155.606,153.468,155.606,154.455,150.394,26.356,45.456,14.351,30.837,169.287,168.295,150.001,21.773,112.97,63.192,162.185,33.236,19.283,26.356,45.456,179.918,162.185,113.372,99.085,118.708,153.468,155.606,26.356,45.456,179.886,83.653,137.997
vrikshasana,poor,0,tree_poor_01.mp4,137.936,138.122,157.419,157.8,157.419,157.8,61.311,175.971,34.747,54.113,15.416,34.482,162.54,172.102,44.855,32.272,110.954,63.173,159.348,42.411,21.707,34.747,54.113,179.914,159.348,150.812,105.964,108.476,157.419,157.8,34.747,54.113,179.886,152.436,146.04
vrikshasana,poor,0,tree_poor_01.mp4,104.093,128.059,159.963,163.235,159.963,163.235,141.719,173.005,30.669,51.284,16.355,35.589,169.939,175.768,29.599,26.625,110.897,63.679,161.9,38.799,23.414,30.669,51.284,179.912,161.9,140.358,112.985,103.542,159.963,163.235,30.669,51.284,179.88,135.664,144.687
vrikshasana,poor,0,tree_poor_01.mp4,85.504,122.413,160.619,164.859,160.619,164.859,163.406,95.947,29.436,45.862,19.439,35.359,169.768,167.291,64.287,33.223,102.273,72.549,163.39,36.235,25.111,29.436,45.862,179.914,163.39,107.057,120.799,96.67,160.619,164.859,29.436,45.862,179.878,105.31,110.475
vrikshasana,poor,0,tree_poor_01.mp4,68.199,90.335,160.752,163.401,160.752,163.401,169.02,149.371,33.445,55.266,21.648,38.035,171.308,172.612,51.073,29.139,101.185,74.497,159.381,41.895,26.62,33.445,55.266,179.912,159.381,127.543,114.42,98.622,160.752,163.401,33.445,55.266,179.87,103.416,147.316
vrikshasana,poor,0,tree_poor_01.mp4,85.486,104.224,159.077,167.01,159.077,167.01,166.941,155.035,33.564,56.391,21.043,44.806,161.151,171.841,42.403,31.76,98.408,74.911,160.191,42.093,28.792,33.564,56.391,179.912,160.191,128.652,111.907,102.491,159.077,167.01,33.564,56.391,179.875,116.498,138.288
vrikshasana,poor,0,tree_poor_01.mp4,65.857,88.961,159.261,166.82,159.261,166.82,166.976,156.579,35.95,54.655,24.746,46.342,165.241,171.525,40.851,34.867,100.497,75.264,159.319,43.56,32.218,35.95,54.655,179.916,159.319,117.136,112.39,101.323,159.261,166.82,35.95,54.655,179.872,115.416,119.724
vrikshasana,poor,0,tree_poor_01.mp4,71.811,95.487,157.928,167.098,157.928,167.098,163.734,153.607,34.951,56.783,22.924,42.567,165.057,170.037,42.799,33.627,99.903,75.394,159.229,43.5,29.507,34.951,56.783,179.912,159.229,121.95,112.873,102.185,157.928,167.098,34.951,56.783,179.876,106.781,135.452
vrikshasana,poor,0,tree_poor_02.mp4,84.349,94.632,27.57,32.33,27.57,32.33,158.026,154.861,136.098,106.599,127.221,91.536,168.896,108.676,38.121,90.08,87.726,80.1,161.1,117.878,107.43,136.098,106.599,179.941,161.1,171.984,100.701,108.17,27.57,32.33,136.098,106.599,179.893,172.953,164.932
vrikshasana,poor,0,tree_poor_02.mp4,86.723,119.449,56.169,76.919,56.169,76.919,172.252,168.011,137.559,105.61,127.274,91.227,161.022,168.124,35.114,25.46,83.999,89.732,162.598,120.731,109.089,137.559,105.61,179.937,162.598,176.192,124.008,121.115,56.169,76.919,137.559,105.61,179.895,173.559,172.874
vrikshasana,poor,0,tree_poor_02.mp4,116.986,130.209,78.262,90.446,78.262,90.446,170.044,165.857,139.165,124.193,128.41,110.298,161.951,157.614,32.13,30.074,79.38,99.831,159.435,131.978,119.481,139.165,124.193,179.934,159.435,177.74,150.694,145.265,78.262,90.446,139.165,124.193,179.895,173.518,173.384
vrikshasana,poor,0,tree_poor_02.mp4,117.844,142.728,71.467,111.383,71.467,111.383,158.412,172.319,133.98,119.791,121.725,115.222,171.327,163.267,12.111,32.19,78.843,105.684,165.419,127.501,116.801,133.98,119.791,179.948,165.419,178.542,154.843,147.51,71.467,111.383,133.98,119.791,179.893,173.429,166.689
vrikshasana,poor,0,tree_poor_02.mp4,126.078,150.946,91.141,131.572,91.141,131.572,163.865,176.648,95.976,96.417,83.166,95.233,166.203,149.58,20.18,51.853,86.064,99.956,167.523,96.257,86.084,95.976,96.417,179.948,167.523,175.397,171.631,146.842,91.141,131.572,95.976,96.417,179.903,174.217,158.151
vrikshasana,poor,0,tree_poor_02.mp4,148.527,153.95,129.877,150.9,129.877,150.9,168.55,179.067,42.43,85.736,32.074,87.611,158.361,156.889,24.153,45.222,90.334,77.364,170.043,58.888,51.972,42.43,85.736,179.934,170.043,165.318,134.016,130.432,129.877,150.9,42.43,85.736,179.903,174.26,153.041
vrikshasana,poor,0,tree_poor_02.mp4,148.49,147.697,145.037,151.646,145.037,151.646,27.644,170.436,59.693,87.005,38.914,83.468,150.814,163.238,36.634,47.94,96.756,76.161,155.778,71.697,55.342,59.693,87.005,179.931,155.778,155.607,110.518,122.927,145.037,151.646,59.693,87.005,179.899,169.808,139.677
vrikshasana,poor,0,tree_poor_02.mp4,144.656,154.329,163.129,163.295,163.129,163.295,162.301,145.587,89.372,65.484,75.735,77.979,156.087,161.653,34.297,58.463,101.78,91.169,165.405,73.663,65.814,89.372,65.484,179.934,165.405,158.444,100.446,111.22,163.129,163.295,89.372,65.484,179.905,179.149,111.583
vrikshasana,poor,0,tree_poor_02.mp4,109.95,143.879,161.873,164.878,161.873,164.878,141.629,128.687,88.869,73.156,70.37,73.534,140.801,166.737,45.336,47.447,98.902,86.204,159.341,78.931,65.624,88.869,73.156,179.934,159.341,164.182,84.953,124.202,161.873,164.878,88.869,73.156,179.909,177.105,129.157
vrikshasana,poor,0,tree_poor_02.mp4,92.303,105.009,163.115,167.627,163.115,167.627,172.889,154.579,79.565,68.86,63.681,62.638,147.912,167.3,43.249,35.632,103.598,79.575,157.79,72.67,60.68,79.565,68.86,179.941,157.79,150.44,80.417,124.858,163.115,167.627,79.565,68.86,179.905,166.154,131.46
vrikshasana,poor,0,tree_poor_02.mp4,97.847,89.562,163.551,165.195,163.551,165.195,155.099,161.525,80.947,68.525,63.443,54.921,149.194,167.349,41.058,27.638,105.928,77.676,154.986,72.692,56.774,80.947,68.525,179.948,154.986,153.161,83.614,125.54,163.551,165.195,80.947,68.525,179.909,165.307,138.38
vrikshasana,poor,0,tree_poor_02.mp4,90.773,99.431,162.555,162.065,162.555,162.065,152.656,152.854,80.351,69.585,61.715,53.823,152.683,166.93,37.8,26.551,106.935,77.425,153.015,72.937,55.271,80.351,69.585,179.937,153.015,156.668,90.487,122.626,162.555,162.065,80.351,69.585,179.907,168.539,140.622
vrikshasana,poor,0,tree_poor_03.mp4,91.056,108.695,23.528,48.489,23.528,48.489,149.975,163.61,121.915,88.342,95.242,54.989,164.231,175.038,38.971,28.97,87.454,92.209,144.404,100.907,70.741,121.915,88.342,179.923,144.404,172.913,104.112,107.898,23.528,48.489,121.915,88.342,179.863,166.369,171.784
vrikshasana,poor,0,tree_poor_03.mp4,103.102,120.033,29.23,64.569,29.23,64.569,147.097,162.601,145.06,76.699,129.629,57.084,158.407,162.852,38.06,52.645,91.725,97.394,154.508,101.416,83.389,145.06,76.699,179.923,154.508,173.291,108.608,110.346,29.23,64.569,145.06,76.699,179.867,168.625,157.771
vrikshasana,poor,0,tree_poor_03.mp4,129.516,132.541,37.41,83.048,37.41,83.048,122.572,162.921,38.878,71.684,24.652,60.589,158.396,167.964,29.329,43.371,96.916,85.969,161.942,52.515,38.652,38.878,71.684,179.926,161.942,135.284,108.182,113.237,37.41,83.048,38.878,71.684,179.864,133.26,136.855
vrikshasana,poor,0,tree_poor_03.mp4,127.759,111.729,25.53,49.693,25.53,49.693,105.11,151.326,31.527,91.257,18.587,76.561,159.453,166.538,27.727,43.427,92.621,92.176,157.904,49.211,33.42,31.527,91.257,179.923,157.904,115.575,102.064,112.825,25.53,49.693,31.527,91.257,179.863,66.871,151.55
vrikshasana,poor,0,tree_poor_03.mp4,118.544,117.328,26.338,43.33,26.338,43.33,117.952,148.391,37.41,114.296,19.051,97.183,146.737,161.697,39.231,39.88,91.402,94.959,153.81,60.249,38.668,37.41,114.296,179.923,153.81,139.997,109.246,102.084,26.338,43.33,37.41,114.296,179.859,87.831,159.094
vrikshasana,poor,0,tree_poor_03.mp4,127.405,117.819,27.54,44.062,27.54,44.062,115.925,150.797,40.579,110.254,20.41,93.538,149.845,165.282,43.436,37.624,92.125,95.295,155.618,63.879,40.852,40.579,110.254,179.921,155.618,143.342,109.365,98.938,27.54,44.062,40.579,110.254,179.857,108.945,156.143
vrikshasana,poor,0,tree_poor_03.mp4,123.571,114.583,34.018,42.651,34.018,42.651,137.867,153.446,41.515,98.532,18.884,76.64,152.313,165.928,42.274,38.422,91.618,93.856,155.304,61.533,35.826,41.515,98.532,179.921,155.304,148.048,110.83,99.632,34.018,42.651,41.515,98.532,179.863,124.049,158.077
vrikshasana,poor,0,tree_poor_03.mp4,120.377,134.11,48.673,70.598,48.673,70.598,160.913,160.688,53.106,104.04,20.105,73.748,158.128,163.798,38.615,47.47,91.89,94.321,141.052,73.272,36.32,53.106,104.04,179.929,141.052,148.598,120.16,112.33,48.673,70.598,53.106,104.04,179.867,136.443,157.282
vrikshasana,poor,0,tree_poor_03.mp4,146.074,151.141,112.952,128.767,112.952,128.767,175.241,170.461,51.324,87.394,22.937,80.034,154.176,153.827,35.297,58.369,96.012,89.777,150.926,66.114,42.338,51.324,87.394,179.926,150.926,146.605,119.175,137.118,112.952,128.767,51.324,87.394,179.869,158.352,138.851
vrikshasana,poor,0,tree_poor_03.mp4,160.271,159.31,148.408,151.523,148.408,151.523,136.065,161.0,43.225,71.197,21.211,60.007,156.326,163.943,34.149,44.048,104.376,80.587,156.407,56.112,35.965,43.225,71.197,179.923,156.407,141.36,103.346,125.857,148.408,151.523,43.225,71.197,179.876,157.32,130.495
vrikshasana,poor,0,tree_poor_03.mp4,155.756,143.025,169.429,160.85,169.429,160.85,176.119,172.226,35.751,59.056,26.966,68.553,152.383,164.484,43.382,57.805,105.834,75.926,166.737,45.913,41.625,35.751,59.056,179.918,166.737,101.134,91.929,121.13,169.429,160.85,35.751,59.056,179.885,101.285,103.048
vrikshasana,poor,0,tree_poor_05.mp4,129.349,160.078,93.797,128.447,93.797,128.447,170.229,174.172,166.849,160.21,156.531,148.859,162.083,167.347,27.787,28.265,71.006,106.482,163.62,164.614,153.088,166.849,160.21,179.944,163.62,176.869,160.031,144.421,93.797,128.447,166.849,160.21,179.897,175.088,173.914
vrikshasana,poor,0,tree_poor_05.mp4,126.631,162.782,107.931,134.437,107.931,134.437,173.526,174.29,46.815,49.391,28.202,35.655,155.671,171.05,29.583,31.478,110.724,74.062,161.374,47.932,30.498,46.815,49.391,179.948,161.374,159.645,151.813,142.588,107.931,134.437,46.815,49.391,179.903,176.025,117.894
vrikshasana,poor,0,tree_poor_05.mp4,143.974,164.938,142.182,158.354,142.182,158.354,169.661,173.005,29.14,51.972,14.94,42.875,160.653,170.715,25.979,32.637,110.948,73.723,166.225,38.107,24.786,29.14,51.972,179.937,166.225,146.085,123.435,113.242,142.182,158.354,29.14,51.972,179.905,154.439,139.274
vrikshasana,poor,0,tree_poor_05.mp4,132.854,155.958,148.457,161.907,148.457,161.907,162.38,155.268,29.316,54.149,12.832,41.861,153.038,167.577,37.744,35.431,110.719,73.664,162.715,39.036,23.008,29.316,54.149,179.941,162.715,130.2,113.111,115.364,148.457,161.907,29.316,54.149,179.907,119.851,137.174
vrikshasana,poor,0,tree_poor_05.mp4,127.727,141.908,159.639,167.311,159.639,167.311,151.108,131.362,27.853,49.26,16.272,45.646,159.046,169.346,43.093,33.922,111.59,68.777,165.494,35.928,25.889,27.853,49.26,179.952,165.494,106.133,86.67,127.281,159.639,167.311,27.853,49.26,179.912,87.169,119.918
vrikshasana,poor,0,VID-20260218-WA0004.mp4,113.811,149.098,61.04,95.1,61.04,95.1,91.51,169.119,105.006,80.811,112.125,74.922,158.445,152.356,36.152,67.823,98.043,82.814,151.784,89.913,90.149,105.006,80.811,179.931,151.784,139.477,112.09,107.63,61.04,95.1,105.006,80.811,179.892,142.581,136.254
vrikshasana,poor,0,VID-20260218-WA0004.mp4,94.77,132.737,35.759,72.935,35.759,72.935,165.166,168.983,120.408,95.697,123.903,89.539,153.76,141.994,34.317,82.504,92.908,83.342,146.266,106.111,104.707,120.408,95.697,179.931,146.266,148.528,110.24,110.548,35.759,72.935,120.408,95.697,179.892,151.449,145.144
vrikshasana,poor,0,VID-20260218-WA0004.mp4,106.106,138.448,40.651,68.799,40.651,68.799,166.775,165.061,138.002,100.606,131.753,82.164,157.111,157.808,42.226,60.672,94.481,84.567,137.965,115.932,102.743,138.002,100.606,179.934,137.965,160.373,111.27,114.735,40.651,68.799,138.002,100.606,179.89,163.32,154.834
vrikshasana,poor,0,VID-20260218-WA0004.mp4,90.965,138.252,36.115,74.289,36.115,74.289,166.282,167.705,135.013,113.473,117.19,93.756,135.923,140.955,88.402,74.474,92.531,86.23,139.31,123.519,104.4,135.013,113.473,179.937,139.31,171.786,116.348,115.458,36.115,74.289,135.013,113.473,179.89,169.998,168.039
vrikshasana,poor,0,VID-20260218-WA0004.mp4,101.911,138.191,44.356,76.422,44.356,76.422,165.539,167.641,129.082,114.2,112.106,92.942,133.981,147.323,85.741,63.991,92.307,84.623,144.189,120.891,101.682,129.082,114.2,179.937,144.189,174.178,111.336,112.315,44.356,76.422,129.082,114.2,179.893,170.971,171.985
vrikshasana,poor,0,VID-20260218-WA0004.mp4,112.189,127.129,40.446,61.533,40.446,61.533,157.983,163.877,139.427,113.524,120.052,93.494,153.495,157.209,65.262,55.249,91.845,86.852,146.988,125.628,105.792,139.427,113.524,179.937,146.988,178.021,111.883,110.78,40.446,61.533,139.427,113.524,179.888,173.573,172.323
vrikshasana,poor,0,VID-20260218-WA0004.mp4,108.805,129.141,31.97,47.997,31.97,47.997,159.566,169.493,154.869,142.518,126.294,109.275,124.245,149.078,97.52,58.365,89.125,84.284,131.408,149.089,117.307,154.869,142.518,179.934,131.408,169.776,105.645,110.316,31.97,47.997,154.869,142.518,179.892,166.499,168.257
vrikshasana,poor,0,VID-20260218-WA0004.mp4,132.433,150.652,71.363,82.879,71.363,82.879,171.193,164.931,151.796,126.925,129.526,99.125,157.635,154.045,56.67,31.905,88.38,83.022,143.321,139.247,114.041,151.796,126.925,179.934,143.321,173.624,116.615,109.724,71.363,82.879,151.796,126.925,179.888,171.268,171.02
vrikshasana,poor,0,VID-20260218-WA0004.mp4,143.424,153.774,96.607,99.499,96.607,99.499,177.716,172.618,150.901,121.033,137.224,101.061,154.861,155.451,56.315,32.209,88.071,85.07,150.496,136.204,119.263,150.901,121.033,179.931,150.496,179.11,127.444,110.909,96.607,99.499,150.901,121.033,179.892,174.751,174.513
vrikshasana,poor,0,VID-20260218-WA0004.mp4,141.95,153.356,96.015,104.408,96.015,104.408,173.605,170.254,153.703,106.543,142.656,92.213,153.233,154.633,59.102,31.801,89.346,86.219,152.684,130.42,117.373,153.703,106.543,179.934,152.684,174.368,136.43,122.499,96.015,104.408,153.703,106.543,179.886,173.958,167.741
vrikshasana,poor,0,VID-20260218-WA0004.mp4,139.633,158.102,102.52,120.988,102.52,120.988,170.912,173.115,144.525,97.646,142.043,93.564,156.097,157.98,54.052,33.749,88.664,87.415,163.178,121.408,118.081,144.525,97.646,179.934,163.178,166.247,147.948,129.563,102.52,120.988,144.525,97.646,179.885,170.108,160.665
vrikshasana,poor,0,VID-20260218-WA0004.mp4,132.562,160.306,90.943,122.671,90.943,122.671,160.005,169.767,145.134,124.042,143.767,124.34,157.957,157.931,49.299,42.217,86.064,91.073,165.549,135.116,134.47,145.134,124.042,179.937,165.549,166.846,166.614,147.604,90.943,122.671,145.134,124.042,179.886,169.642,163.01
vrikshasana,poor,0,VID-20260218-WA0004.mp4,139.924,160.813,105.162,127.506,105.162,127.506,163.481,171.487,150.264,145.992,150.06,149.331,162.54,153.667,41.337,48.272,84.694,90.321,167.449,148.237,149.522,150.264,145.992,179.931,167.449,168.48,168.477,145.565,105.162,127.506,150.264,145.992,179.885,170.255,165.829
vrikshasana,poor,0,VID-20260218-WA0004.mp4,168.003,165.983,137.503,141.554,137.503,141.554,169.13,172.703,154.466,141.253,140.344,127.387,167.589,58.945,36.414,147.049,85.827,89.81,153.763,148.808,134.155,154.466,141.253,179.937,153.763,178.849,134.36,124.604,137.503,141.554,154.466,141.253,179.883,172.759,175.147
vrikshasana,poor,0,VID-20260218-WA0004.mp4,164.269,175.522,140.769,139.685,140.769,139.685,172.387,174.207,158.395,141.048,143.693,123.565,152.194,108.626,64.764,101.5,87.829,88.83,144.947,151.309,134.004,158.395,141.048,179.934,144.947,178.912,131.072,126.878,140.769,139.685,158.395,141.048,179.878,172.218,173.887
vrikshasana,poor,0,VID-20260218-WA0004.mp4,165.804,176.47,130.254,123.859,130.254,123.859,167.022,171.853,166.469,134.139,144.066,94.16,160.329,150.929,60.2,60.471,91.028,89.03,118.296,159.818,118.168,166.469,134.139,179.931,118.296,161.586,129.36,124.535,130.254,123.859,166.469,134.139,179.88,150.725,170.277
vrikshasana,poor,0,VID-20260218-WA0004.mp4,158.419,174.3,128.454,120.116,128.454,120.116,167.598,170.971,165.875,136.509,130.197,95.32,154.214,147.219,72.683,67.949,90.013,87.496,115.064,152.444,110.383,165.875,136.509,179.931,115.064,167.05,125.637,115.659,128.454,120.116,165.875,136.509,179.88,155.93,173.616
vrikshasana,poor,0,VID-20260218-WA0004.mp4,162.164,169.68,136.104,133.455,136.104,133.455,166.831,172.468,164.241,123.485,130.899,100.032,147.311,144.661,78.404,74.912,90.049,86.79,124.082,143.14,112.815,164.241,123.485,179.926,124.082,177.449,107.072,117.474,136.104,133.455,164.241,123.485,179.883,161.57,164.076
vrikshasana,poor,0,VID-20260218-WA0004.mp4,160.895,170.026,131.08,132.972,131.08,132.972,170.032,167.148,164.367,133.98,128.566,107.353,151.793,154.027,66.271,54.875,89.497,87.281,117.98,148.614,115.303,164.367,133.98,179.918,117.98,173.368,101.061,107.129,131.08,132.972,164.367,133.98,179.878,159.826,170.823
vrikshasana,poor,0,VID-20260218-WA0004.mp4,157.146,161.552,118.016,122.991,118.016,122.991,170.667,162.638,172.875,136.993,138.662,95.181,134.826,151.959,93.494,63.413,90.74,86.647,106.719,155.322,113.854,172.875,136.993,179.921,106.719,167.164,88.104,103.321,118.016,122.991,172.875,136.993,179.878,156.385,176.932
vrikshasana,poor,0,VID-20260218-WA0004.mp4,150.232,146.694,120.344,123.009,120.344,123.009,169.559,154.761,164.18,134.073,130.126,92.344,141.772,149.03,94.518,63.657,90.4,87.062,107.983,147.878,108.873,164.18,134.073,179.921,107.983,171.594,89.242,101.956,120.344,123.009,164.18,134.073,179.878,165.666,176.194
vrikshasana,poor,0,VID-20260218-WA0004.mp4,145.542,135.913,117.258,118.248,117.258,118.248,168.887,160.927,172.571,138.965,137.351,87.771,153.621,147.571,76.853,55.016,90.941,87.343,104.503,154.758,109.14,172.571,138.965,179.914,104.503,163.165,92.792,100.703,117.258,118.248,172.571,138.965,179.881,160.093,166.114
vrikshasana,poor,0,VID-20260218-WA0004.mp4,139.76,120.728,109.133,115.689,109.133,115.689,161.568,149.479,171.347,144.701,132.939,91.202,144.352,143.675,81.057,62.033,91.532,88.129,97.329,163.539,109.73,171.347,144.701,179.921,97.329,153.782,86.247,109.441,109.133,115.689,171.347,144.701,179.88,145.971,161.825
vrikshasana,poor,0,VID-20260218-WA0004.mp4,137.982,123.527,110.937,120.145,110.937,120.145,155.553,154.489,173.079,143.511,130.9,95.723,141.385,141.226,87.055,65.59,93.172,88.961,100.93,160.729,111.621,173.079,143.511,179.918,100.93,157.896,81.826,114.623,110.937,120.145,173.079,143.511,179.881,150.255,165.327
vrikshasana,poor,0,VID-20260218-WA0004.mp4,138.132,122.182,123.656,121.033,123.656,121.033,157.467,152.279,172.018,148.573,128.963,98.613,154.509,145.778,63.555,57.009,90.361,91.113,108.691,162.055,112.768,172.018,148.573,179.916,108.691,153.732,90.649,107.721,123.656,121.033,172.018,148.573,179.881,149.568,157.905
vrikshasana,poor,0,VID-20260218-WA0004.mp4,137.47,117.591,129.709,132.426,129.709,132.426,155.036,146.764,166.408,141.869,130.153,103.895,152.839,142.93,65.473,57.873,87.938,91.254,118.236,154.442,116.286,166.408,141.869,179.916,118.236,164.038,87.815,108.129,129.709,132.426,166.408,141.869,179.88,159.182,168.525
vrikshasana,poor,0,VID-20260218-WA0004.mp4,142.326,122.616,125.762,128.926,125.762,128.926,170.144,148.947,170.645,148.589,129.394,106.131,152.657,143.618,57.605,57.834,87.548,91.712,115.183,161.118,117.186,170.645,148.589,179.916,115.183,156.985,85.957,107.442,125.762,128.926,170.645,148.589,179.88,151.169,162.747
vrikshasana,poor,0,VID-20260218-WA0004.mp4,142.823,127.468,126.455,126.266,126.455,126.266,171.348,149.355,170.162,148.482,129.609,109.042,145.074,138.477,63.674,68.139,87.549,91.396,113.883,160.524,118.45,170.162,148.482,179.916,113.883,159.689,87.695,102.96,126.455,126.266,170.162,148.482,179.876,152.22,167.784
vrikshasana,poor,0,VID-20260218-WA0004.mp4,143.547,126.27,130.487,131.474,130.487,131.474,172.013,153.363,167.112,143.908,129.463,107.962,145.517,140.673,63.88,63.778,87.461,91.283,119.727,155.979,118.037,167.112,143.908,179.918,119.727,163.798,85.27,104.53,130.487,131.474,167.112,143.908,179.883,157.011,170.703
vrikshasana,poor,0,VID-20260218-WA0004.mp4,140.547,128.046,126.199,123.308,126.199,123.308,170.819,150.88,164.156,143.117,127.441,108.137,136.335,135.213,83.107,75.832,88.598,89.09,112.202,153.419,116.621,164.156,143.117,179.914,112.202,169.048,90.161,98.043,126.199,123.308,164.156,143.117,179.876,161.635,176.285
vrikshasana,poor,0,VID-20260218-WA0004.mp4,143.48,132.701,121.474,119.953,121.474,119.953,171.403,153.432,167.635,146.677,124.898,105.71,139.675,135.822,77.78,71.361,87.971,89.562,107.4,157.744,114.269,167.635,146.677,179.916,107.4,162.648,88.358,99.715,121.474,119.953,167.635,146.677,179.883,154.743,170.761
vrikshasana,poor,0,VID-20260218-WA0004.mp4,143.082,131.45,118.516,119.954,118.516,119.954,170.13,155.69,167.559,145.259,124.816,100.391,142.172,136.839,79.077,67.653,87.763,90.987,105.21,158.075,111.485,167.559,145.259,179.916,105.21,159.758,83.595,104.057,118.516,119.954,167.559,145.259,179.883,151.319,168.325
vrikshasana,poor,0,VID-20260218-WA0004.mp4,144.914,132.251,124.355,122.076,124.355,122.076,169.008,157.023,167.748,145.631,130.488,100.904,148.514,144.216,61.975,62.065,91.121,94.564,109.949,161.056,114.276,167.748,145.631,179.921,109.949,155.778,80.683,107.149,124.355,122.076,167.748,145.631,179.885,146.128,167.095
vrikshasana,poor,0,VID-20260218-WA0004.mp4,146.208,128.487,121.079,121.904,121.079,121.904,167.566,154.14,167.148,144.131,139.565,99.019,135.701,146.411,83.853,63.918,91.946,93.879,107.67,161.271,117.648,167.148,144.131,179.918,107.67,159.786,77.37,110.342,121.079,121.904,167.148,144.131,179.885,151.768,167.961
vrikshasana,poor,0,VID-20260218-WA0004.mp4,145.215,129.996,122.845,122.552,122.845,122.552,167.096,155.471,167.996,140.981,147.213,102.324,132.662,141.727,105.889,73.233,92.821,92.031,109.422,156.623,122.529,167.996,140.981,179.918,109.422,170.037,78.512,108.976,122.845,122.552,167.996,140.981,179.885,163.502,176.38
vrikshasana,poor,0,VID-20260218-WA0004.mp4,141.345,127.316,127.754,127.956,127.754,127.956,166.292,156.604,166.285,134.879,141.641,100.343,141.124,143.682,90.437,69.737,92.451,91.21,117.994,150.872,118.96,166.285,134.879,179.921,117.994,172.748,77.048,109.767,127.754,127.956,166.285,134.879,179.885,165.61,179.298
vrikshasana,poor,0,VID-20260218-WA0004.mp4,142.232,127.698,128.149,128.135,128.149,128.135,164.676,156.451,164.064,135.044,135.597,99.353,139.96,145.013,89.415,67.771,92.422,89.489,118.618,149.249,115.72,164.064,135.044,179.923,118.618,172.534,78.477,108.035,128.149,128.135,164.064,135.044,179.888,166.064,178.706
vrikshasana,poor,0,VID-20260218-WA0004.mp4,140.625,128.032,131.886,129.11,131.886,129.11,163.063,155.658,158.194,133.404,137.339,104.253,133.905,140.374,102.046,75.244,93.159,88.304,121.32,145.156,119.24,158.194,133.404,179.918,121.32,176.853,81.613,104.97,131.886,129.11,158.194,133.404,179.888,172.991,174.387
